Region,Rainfall_mm,Temperature_C,Humidity_pct,River_Discharge_m3s,Water_Level_m,Elevation_m,Land_Cover,Soil_Type,Population_Density,Infrastructure,Historical_Floods,Flood_Occurred
Maharashtra - Godavari Basin,133.2,30.1,52.0,1560.6,0.63,99.7,Urban,Silt,593.4,0,1,1
Madhya Pradesh - Chambal Basin,513.8,27.1,100.0,557.3,1.58,198.0,Desert,Silt,351.8,1,0,0
Karnataka - Tungabhadra Basin,154.8,29.5,78.5,228.2,4.82,39.4,Forest,Clay,664.9,1,0,0
Telangana - Godavari Basin,88.0,21.7,63.1,859.4,1.61,166.2,Desert,Silt,887.9,1,0,0
Maharashtra - Godavari Basin,321.8,29.0,56.6,381.6,8.07,343.8,Agricultural,Clay,255.0,0,1,1
Tamil Nadu - Cauvery Basin,218.7,26.8,83.6,422.8,9.27,97.5,Forest,Sandy,1102.4,0,1,1
Punjab - Sutlej Basin,109.6,26.6,66.1,583.8,2.02,98.5,Agricultural,Clay,331.2,1,0,0
Telangana - Godavari Basin,202.6,21.3,70.9,1824.5,5.31,121.9,Agricultural,Peat,1003.3,0,1,1
Gujarat - Narmada Basin,263.6,27.9,77.7,617.8,11.6,159.6,Urban,Silt,373.1,1,0,1
Maharashtra - Godavari Basin,108.7,26.7,64.6,623.2,4.53,358.9,Urban,Silt,708.8,0,1,1
Kerala - Periyar Basin,165.3,32.3,79.8,883.5,5.6,131.7,Forest,Loam,654.1,0,0,0
West Bengal - Ganga Delta,480.6,25.1,76.3,56.2,1.35,250.2,Agricultural,Peat,72.9,1,1,0
Rajasthan - Luni Basin,91.9,31.9,53.9,592.6,3.58,253.5,Water Body,Clay,1194.8,0,1,1
Madhya Pradesh - Chambal Basin,76.6,33.6,54.6,139.6,5.12,80.3,Forest,Clay,310.9,1,0,0
Gujarat - Narmada Basin,384.7,30.6,52.7,95.7,2.75,159.7,Forest,Loam,395.0,1,1,0
Rajasthan - Luni Basin,198.3,30.1,64.4,123.4,3.62,100.3,Forest,Sandy,524.1,0,1,0
Madhya Pradesh - Chambal Basin,256.9,21.6,51.1,788.7,4.99,435.3,Urban,Clay,482.5,1,0,0
Assam - Brahmaputra Basin,714.8,26.0,70.0,711.4,7.09,410.5,Water Body,Loam,903.3,0,1,1
Punjab - Sutlej Basin,183.4,30.4,62.7,487.3,2.54,272.0,Agricultural,Silt,1033.1,0,1,1
Kerala - Periyar Basin,202.2,28.5,60.0,915.4,3.35,317.3,Urban,Peat,1394.4,1,0,0
Rajasthan - Luni Basin,270.1,27.5,49.9,485.3,2.13,202.1,Water Body,Silt,474.2,0,1,1
Bihar - Kosi Basin,432.3,26.1,59.2,351.5,9.71,117.5,Urban,Sandy,581.3,1,1,1
Madhya Pradesh - Chambal Basin,219.0,28.2,57.3,1027.1,3.19,121.0,Desert,Clay,537.7,0,0,0
Assam - Brahmaputra Basin,91.6,31.5,72.8,1598.3,2.13,13.8,Urban,Peat,376.6,1,0,0
Rajasthan - Luni Basin,130.3,27.5,79.7,722.6,4.31,47.6,Agricultural,Loam,673.3,0,1,1
Assam - Brahmaputra Basin,154.0,18.2,56.5,382.6,3.75,404.1,Water Body,Clay,736.2,0,1,0
Assam - Brahmaputra Basin,296.8,28.0,63.6,978.8,3.66,203.4,Forest,Silt,1424.2,1,1,0
Bihar - Kosi Basin,212.9,23.3,39.4,335.6,6.13,430.0,Desert,Sandy,155.6,1,0,0
Uttar Pradesh - Ghaghara Basin,200.5,29.5,49.4,593.7,0.59,426.0,Agricultural,Clay,287.7,1,1,0
Uttar Pradesh - Ghaghara Basin,290.8,24.7,61.6,104.0,3.41,138.5,Agricultural,Sandy,602.6,1,0,0
Assam - Brahmaputra Basin,125.5,28.1,74.7,405.4,4.05,122.5,Urban,Loam,642.8,1,0,0
Kerala - Periyar Basin,372.9,25.0,48.7,240.9,1.68,443.8,Agricultural,Sandy,1079.3,1,1,0
Andhra Pradesh - Krishna Basin,178.0,28.9,82.6,413.1,0.97,127.3,Urban,Silt,40.7,1,0,0
Madhya Pradesh - Chambal Basin,227.9,25.1,62.0,611.5,4.48,286.6,Forest,Clay,302.4,0,0,0
Uttar Pradesh - Ghaghara Basin,350.1,27.2,77.2,70.6,8.2,39.0,Urban,Sandy,693.4,0,0,1
Madhya Pradesh - Chambal Basin,283.4,29.5,60.9,445.2,3.5,192.7,Urban,Sandy,416.3,1,0,0
Andhra Pradesh - Krishna Basin,160.1,35.1,64.0,502.7,6.45,21.0,Agricultural,Sandy,1159.7,1,0,0
Tamil Nadu - Cauvery Basin,99.4,30.0,88.7,812.6,4.12,55.6,Urban,Loam,286.6,1,0,0
Uttar Pradesh - Ghaghara Basin,145.5,33.7,62.9,425.5,3.55,333.5,Forest,Clay,760.6,0,1,0
Gujarat - Narmada Basin,146.1,28.4,80.9,592.0,4.52,492.1,Agricultural,Peat,1426.9,1,0,0
Gujarat - Narmada Basin,417.6,33.6,59.6,648.9,2.46,308.4,Agricultural,Loam,478.5,1,0,0
Andhra Pradesh - Krishna Basin,256.1,31.2,67.6,871.7,0.77,60.1,Urban,Clay,849.3,1,0,0
Maharashtra - Godavari Basin,228.6,25.7,86.9,1651.7,2.57,28.3,Agricultural,Loam,960.8,1,1,1
Maharashtra - Godavari Basin,115.4,22.4,58.3,151.2,10.63,287.1,Urban,Clay,1367.2,0,0,0
Assam - Brahmaputra Basin,288.0,31.4,79.4,420.9,4.07,26.7,Agricultural,Silt,263.7,0,1,1
Assam - Brahmaputra Basin,385.6,23.0,57.8,1001.9,0.86,346.5,Forest,Peat,49.6,0,1,1
Assam - Brahmaputra Basin,200.7,34.8,71.3,209.3,9.96,58.4,Agricultural,Loam,488.5,1,1,0
Uttar Pradesh - Ghaghara Basin,204.8,26.1,77.9,1189.1,9.72,132.4,Agricultural,Sandy,1029.0,1,0,0
Uttar Pradesh - Ghaghara Basin,305.6,31.3,68.1,707.7,9.38,24.5,Urban,Silt,529.1,1,0,0
Andhra Pradesh - Krishna Basin,780.7,27.9,96.6,245.3,10.94,236.1,Agricultural,Clay,1142.4,1,0,1
Madhya Pradesh - Chambal Basin,313.5,33.1,80.3,749.7,8.76,368.9,Agricultural,Sandy,1182.5,1,1,0
Madhya Pradesh - Chambal Basin,166.1,29.8,66.8,897.6,3.69,38.8,Urban,Loam,840.3,1,0,0
Karnataka - Tungabhadra Basin,30.4,28.6,95.7,835.1,3.4,104.7,Urban,Sandy,194.7,0,0,1
Rajasthan - Luni Basin,122.3,26.2,91.8,1162.7,2.67,41.7,Urban,Sandy,258.9,1,0,0
Rajasthan - Luni Basin,88.9,25.4,82.0,511.5,4.03,139.0,Water Body,Clay,608.2,0,0,0
Tamil Nadu - Cauvery Basin,190.1,26.0,67.5,307.4,1.54,193.6,Urban,Loam,429.2,1,0,0
Rajasthan - Luni Basin,306.2,27.7,67.2,458.4,4.54,155.4,Urban,Silt,342.1,0,1,1
Kerala - Periyar Basin,210.8,30.7,97.7,635.0,3.02,267.0,Agricultural,Loam,843.9,0,1,1
Punjab - Sutlej Basin,228.2,34.3,75.1,211.8,2.49,61.8,Urban,Silt,655.9,0,0,0
Rajasthan - Luni Basin,171.8,28.7,76.1,359.4,2.92,22.7,Urban,Silt,1137.0,1,1,0
Maharashtra - Godavari Basin,136.0,26.2,86.9,259.0,6.18,243.4,Water Body,Loam,561.9,0,1,1
Punjab - Sutlej Basin,336.0,30.6,68.5,1342.0,1.7,144.8,Urban,Clay,700.3,1,0,0
Gujarat - Narmada Basin,423.2,27.4,52.2,308.2,3.96,132.0,Agricultural,Loam,162.9,1,0,0
Uttar Pradesh - Ghaghara Basin,89.1,25.5,84.9,333.5,3.83,659.6,Agricultural,Silt,386.7,0,0,0
Andhra Pradesh - Krishna Basin,150.5,27.9,64.3,249.3,1.58,157.4,Urban,Silt,297.0,0,1,0
Madhya Pradesh - Chambal Basin,90.6,33.6,83.9,436.2,2.42,279.9,Water Body,Sandy,920.0,1,1,0
Andhra Pradesh - Krishna Basin,118.2,34.7,63.1,1263.1,7.5,112.6,Water Body,Clay,63.2,0,0,1
Gujarat - Narmada Basin,443.2,23.5,78.5,274.7,4.49,315.8,Agricultural,Clay,534.7,0,1,0
Uttar Pradesh - Ghaghara Basin,677.0,34.0,94.6,641.8,7.74,45.2,Water Body,Clay,126.1,1,1,1
Bihar - Kosi Basin,507.9,27.9,87.6,617.9,3.0,327.0,Forest,Peat,97.5,1,0,0
Karnataka - Tungabhadra Basin,261.9,29.7,65.5,53.5,2.4,131.8,Desert,Clay,203.8,0,1,0
Assam - Brahmaputra Basin,264.8,33.2,66.1,356.5,4.03,83.5,Urban,Loam,501.6,0,0,0
Uttar Pradesh - Ghaghara Basin,667.0,27.1,46.8,601.2,5.15,14.7,Urban,Peat,311.0,1,0,1
Odisha - Mahanadi Basin,178.0,28.9,69.5,1455.4,4.46,308.2,Agricultural,Loam,922.2,1,0,0
Rajasthan - Luni Basin,261.2,23.6,65.0,486.8,4.76,76.0,Forest,Peat,433.8,0,0,0
Maharashtra - Godavari Basin,66.9,21.4,55.1,36.5,1.38,90.4,Agricultural,Loam,325.9,1,0,0
Bihar - Kosi Basin,50.4,27.4,45.5,841.4,0.5,361.3,Water Body,Sandy,623.5,1,0,0
Kerala - Periyar Basin,58.0,21.2,68.5,172.1,1.65,284.0,Forest,Clay,122.6,0,1,0
Maharashtra - Godavari Basin,63.0,25.7,77.9,371.9,6.41,212.5,Urban,Loam,40.8,1,1,0
Andhra Pradesh - Krishna Basin,285.8,26.9,81.3,707.3,2.32,476.3,Agricultural,Loam,283.4,0,1,0
Assam - Brahmaputra Basin,281.3,23.7,58.9,624.3,1.52,241.6,Forest,Clay,125.9,0,0,0
Odisha - Mahanadi Basin,444.7,26.5,66.9,255.7,1.78,154.0,Water Body,Clay,300.0,1,1,0
Kerala - Periyar Basin,266.8,27.4,62.1,50.9,2.46,163.2,Urban,Clay,771.3,1,0,0
Maharashtra - Godavari Basin,139.1,28.3,81.7,441.4,8.14,96.7,Agricultural,Silt,762.5,0,0,0
Punjab - Sutlej Basin,171.5,33.2,70.6,482.2,3.65,196.6,Forest,Loam,1473.9,1,1,0
Telangana - Godavari Basin,677.1,25.3,84.9,362.7,2.22,153.3,Water Body,Sandy,579.2,1,0,1
Karnataka - Tungabhadra Basin,301.1,24.8,75.3,805.0,0.05,107.0,Desert,Silt,730.5,1,0,0
Maharashtra - Godavari Basin,172.6,25.2,69.1,259.9,2.91,188.0,Agricultural,Peat,343.1,1,0,0
Maharashtra - Godavari Basin,777.1,26.3,89.9,126.1,8.66,107.6,Urban,Sandy,200.0,1,1,1
Uttar Pradesh - Ghaghara Basin,305.3,27.9,78.7,456.5,1.85,146.8,Forest,Silt,255.1,0,0,0
Karnataka - Tungabhadra Basin,175.5,29.2,59.0,356.0,2.98,229.2,Forest,Loam,844.7,1,0,0
Gujarat - Narmada Basin,246.8,28.9,63.2,207.6,8.45,243.7,Urban,Sandy,1278.5,1,0,0
Bihar - Kosi Basin,472.1,27.2,68.2,408.0,5.63,141.7,Agricultural,Peat,221.8,1,0,0
Gujarat - Narmada Basin,237.2,36.2,53.5,349.3,3.21,273.8,Water Body,Peat,357.5,1,0,0
Maharashtra - Godavari Basin,336.8,27.4,64.5,202.4,6.84,190.7,Desert,Loam,326.2,0,0,0
Kerala - Periyar Basin,361.9,35.2,79.4,532.0,6.8,122.7,Agricultural,Peat,574.5,1,1,0
Telangana - Godavari Basin,58.6,25.9,53.3,513.0,9.16,36.7,Forest,Silt,286.5,1,1,0
Uttar Pradesh - Ghaghara Basin,151.6,26.4,84.7,339.4,2.64,188.1,Urban,Loam,1651.6,0,1,1
Kerala - Periyar Basin,180.8,26.2,84.2,677.8,1.59,128.6,Urban,Clay,917.3,1,0,0
Punjab - Sutlej Basin,305.8,29.2,49.3,694.0,10.24,91.9,Agricultural,Clay,170.9,1,1,1
West Bengal - Ganga Delta,228.1,29.4,53.5,557.7,2.57,62.8,Desert,Clay,265.9,1,0,0
West Bengal - Ganga Delta,203.2,20.2,81.8,866.8,2.27,194.6,Water Body,Clay,1728.5,1,1,1
Uttar Pradesh - Ghaghara Basin,204.6,29.2,49.7,586.1,3.81,79.8,Agricultural,Loam,288.5,1,1,0
Assam - Brahmaputra Basin,155.0,30.2,63.5,153.7,3.35,430.9,Agricultural,Sandy,473.2,1,1,0
Uttar Pradesh - Ghaghara Basin,199.9,32.6,58.5,102.5,4.16,111.9,Desert,Silt,846.3,0,0,0
West Bengal - Ganga Delta,368.3,24.8,38.1,205.4,3.38,351.4,Forest,Loam,318.6,1,0,0
Bihar - Kosi Basin,34.8,26.7,63.9,178.2,5.13,152.8,Forest,Peat,1482.4,1,0,0
Maharashtra - Godavari Basin,392.0,25.6,74.2,269.4,1.43,213.5,Agricultural,Peat,483.3,1,0,0
Rajasthan - Luni Basin,131.4,30.2,57.4,259.6,2.91,257.4,Forest,Silt,1355.6,1,1,0
Bihar - Kosi Basin,108.0,29.9,54.9,348.4,2.53,91.0,Forest,Silt,500.7,0,1,0
Punjab - Sutlej Basin,261.9,27.5,55.4,885.8,3.59,96.0,Desert,Clay,543.4,0,1,1
West Bengal - Ganga Delta,312.4,32.0,100.0,628.8,13.32,110.0,Forest,Sandy,465.0,0,1,1
Punjab - Sutlej Basin,531.1,29.7,83.5,781.1,4.5,252.5,Agricultural,Peat,336.4,1,0,0
Assam - Brahmaputra Basin,434.5,25.9,70.4,270.9,4.57,109.2,Urban,Peat,267.9,1,1,0
West Bengal - Ganga Delta,269.5,36.7,67.4,457.7,5.55,88.7,Forest,Loam,675.8,0,0,0
Kerala - Periyar Basin,193.1,37.9,59.5,913.8,4.23,100.4,Forest,Clay,1008.6,0,0,0
Assam - Brahmaputra Basin,362.2,28.4,37.6,410.7,7.5,108.2,Forest,Clay,335.3,1,1,0
Maharashtra - Godavari Basin,134.1,30.8,76.3,306.5,5.63,84.8,Agricultural,Peat,712.7,0,1,1
Tamil Nadu - Cauvery Basin,83.2,27.6,70.3,689.6,4.55,89.5,Urban,Loam,762.4,0,0,0
Karnataka - Tungabhadra Basin,32.5,27.3,47.7,854.7,3.08,321.0,Urban,Clay,644.8,1,1,0
Gujarat - Narmada Basin,157.6,27.0,51.8,176.5,2.87,38.5,Forest,Clay,1321.3,1,0,0
Karnataka - Tungabhadra Basin,143.4,23.5,71.5,380.9,3.5,30.0,Agricultural,Sandy,263.9,0,0,0
Bihar - Kosi Basin,71.1,27.6,76.7,87.5,1.61,454.8,Water Body,Clay,2283.9,0,0,0
Rajasthan - Luni Basin,142.2,28.7,88.9,518.7,1.53,97.2,Agricultural,Clay,877.6,1,0,0
Uttar Pradesh - Ghaghara Basin,281.6,21.9,73.6,508.5,10.72,111.8,Forest,Silt,719.3,0,0,1
Odisha - Mahanadi Basin,269.8,22.2,57.4,659.1,2.28,120.8,Forest,Silt,791.5,0,0,0
West Bengal - Ganga Delta,86.7,24.8,83.3,726.8,13.35,210.1,Forest,Silt,649.4,1,0,0
Madhya Pradesh - Chambal Basin,56.1,31.2,81.3,930.2,6.09,146.9,Forest,Clay,268.7,0,0,0
Gujarat - Narmada Basin,239.1,26.1,79.4,142.3,3.71,205.2,Forest,Sandy,443.2,0,1,0
Telangana - Godavari Basin,444.3,21.4,88.0,197.2,4.86,574.7,Urban,Loam,173.0,1,1,0
Madhya Pradesh - Chambal Basin,487.6,28.9,76.4,149.1,3.1,63.5,Urban,Sandy,1116.6,1,1,0
Gujarat - Narmada Basin,372.8,31.3,57.0,238.3,3.15,101.2,Water Body,Clay,1074.3,0,1,1
Tamil Nadu - Cauvery Basin,129.6,24.6,76.2,620.6,3.02,198.9,Forest,Loam,290.3,1,0,0
Andhra Pradesh - Krishna Basin,200.8,29.2,57.5,330.9,4.83,72.7,Agricultural,Loam,1486.5,1,0,0
West Bengal - Ganga Delta,181.6,32.3,49.5,1142.6,2.21,69.3,Urban,Loam,149.6,1,0,0
Odisha - Mahanadi Basin,77.7,24.6,87.9,339.7,5.2,137.7,Agricultural,Clay,389.2,0,1,0
Madhya Pradesh - Chambal Basin,226.4,26.6,61.4,450.4,9.61,170.0,Urban,Silt,606.6,1,0,0
Kerala - Periyar Basin,104.3,28.6,79.5,227.6,3.79,557.5,Agricultural,Silt,801.7,1,1,0
Karnataka - Tungabhadra Basin,94.0,22.8,93.7,141.6,6.61,121.5,Agricultural,Sandy,84.9,0,1,0
Bihar - Kosi Basin,182.8,25.2,88.8,665.7,4.41,131.1,Water Body,Loam,168.2,1,0,0
Madhya Pradesh - Chambal Basin,234.4,21.6,76.9,1471.0,1.29,205.1,Urban,Loam,592.0,0,1,1
Gujarat - Narmada Basin,284.8,29.2,85.8,584.9,5.53,100.0,Water Body,Clay,821.7,1,1,1
Andhra Pradesh - Krishna Basin,312.3,22.6,46.0,501.8,4.31,335.5,Agricultural,Clay,354.6,0,0,0
Andhra Pradesh - Krishna Basin,210.3,23.7,80.6,1230.4,2.66,285.4,Forest,Peat,394.4,1,1,0
Gujarat - Narmada Basin,239.1,31.5,63.7,484.2,8.18,56.8,Urban,Silt,92.2,0,0,1
Telangana - Godavari Basin,826.9,31.4,90.5,199.3,7.17,131.9,Forest,Silt,217.9,1,1,1
Uttar Pradesh - Ghaghara Basin,364.4,30.3,81.8,340.6,9.19,25.8,Agricultural,Silt,828.4,1,0,0
Andhra Pradesh - Krishna Basin,285.4,27.4,72.6,159.8,2.06,221.7,Urban,Sandy,414.2,0,0,0
Odisha - Mahanadi Basin,278.7,31.1,79.5,445.7,1.66,109.4,Forest,Sandy,131.2,1,0,0
Assam - Brahmaputra Basin,16.4,33.4,54.4,401.3,5.12,117.5,Agricultural,Clay,586.3,0,1,1
Bihar - Kosi Basin,216.0,25.4,54.6,114.8,8.1,70.0,Agricultural,Clay,1846.2,0,0,0
West Bengal - Ganga Delta,132.3,29.4,77.1,569.2,3.47,202.1,Agricultural,Peat,564.4,0,1,0
Maharashtra - Godavari Basin,55.8,27.7,48.3,184.3,1.8,80.8,Desert,Clay,666.9,1,1,0
Bihar - Kosi Basin,357.0,32.0,39.9,1415.1,2.6,565.6,Desert,Sandy,243.7,1,0,0
Karnataka - Tungabhadra Basin,138.9,26.7,45.6,382.2,5.37,70.3,Desert,Clay,521.9,1,1,0
Assam - Brahmaputra Basin,192.6,32.9,85.5,636.3,1.61,63.0,Agricultural,Loam,79.8,0,1,0
Madhya Pradesh - Chambal Basin,14.4,29.9,51.4,764.8,6.75,244.2,Agricultural,Clay,493.8,1,1,0
Karnataka - Tungabhadra Basin,510.3,32.2,76.5,2603.5,3.76,150.3,Agricultural,Clay,290.9,0,0,1
Kerala - Periyar Basin,596.4,23.9,65.8,332.7,5.52,58.8,Agricultural,Sandy,236.2,1,0,0
Uttar Pradesh - Ghaghara Basin,167.2,28.6,62.6,628.8,5.61,343.6,Urban,Clay,394.1,1,1,0
Rajasthan - Luni Basin,275.2,30.4,53.5,543.6,5.56,66.6,Urban,Sandy,1144.7,0,0,1
Assam - Brahmaputra Basin,543.9,25.7,74.7,192.0,3.26,114.1,Urban,Clay,1310.0,1,0,0
Assam - Brahmaputra Basin,480.2,18.7,57.0,614.1,7.26,123.7,Urban,Loam,444.4,1,0,0
Uttar Pradesh - Ghaghara Basin,339.7,32.4,85.4,528.8,6.95,125.5,Water Body,Silt,1198.8,1,0,1
Rajasthan - Luni Basin,418.1,25.5,75.0,327.8,2.14,142.7,Desert,Clay,1056.8,0,1,0
Karnataka - Tungabhadra Basin,347.7,16.3,69.0,258.1,6.08,398.2,Forest,Sandy,887.5,1,1,0
Andhra Pradesh - Krishna Basin,248.4,34.1,76.9,1085.3,6.25,234.8,Agricultural,Loam,314.5,1,1,1
Assam - Brahmaputra Basin,317.2,22.1,77.9,564.4,2.15,310.1,Forest,Loam,777.7,1,1,0
Punjab - Sutlej Basin,96.9,34.1,86.6,640.5,1.66,279.0,Forest,Clay,896.9,1,0,0
Maharashtra - Godavari Basin,312.1,30.1,81.1,739.6,3.42,35.1,Water Body,Silt,1147.7,1,0,0
Gujarat - Narmada Basin,323.5,26.8,75.0,527.3,2.31,165.0,Forest,Silt,766.2,0,0,0
Karnataka - Tungabhadra Basin,232.3,27.7,65.6,881.7,3.31,96.6,Desert,Silt,299.8,0,1,1
Uttar Pradesh - Ghaghara Basin,245.1,32.2,96.5,277.2,5.38,39.1,Forest,Loam,914.1,0,0,0
Bihar - Kosi Basin,381.1,26.6,73.0,664.7,4.39,156.4,Agricultural,Silt,164.0,1,0,0
Telangana - Godavari Basin,294.4,33.3,76.2,584.8,1.84,861.2,Agricultural,Clay,654.3,0,0,0
Gujarat - Narmada Basin,238.0,31.0,82.5,1204.2,8.08,98.8,Urban,Clay,1068.9,1,1,1
Telangana - Godavari Basin,137.1,27.2,75.1,524.4,3.38,78.9,Urban,Loam,388.4,0,1,1
Telangana - Godavari Basin,298.3,23.1,48.8,122.2,4.45,185.8,Forest,Sandy,859.0,0,0,0
Tamil Nadu - Cauvery Basin,75.2,28.1,68.6,66.1,0.73,108.7,Forest,Loam,864.0,1,1,0
Madhya Pradesh - Chambal Basin,528.1,29.4,70.2,313.1,6.23,511.5,Urban,Silt,768.9,1,1,0
Karnataka - Tungabhadra Basin,645.0,34.5,51.5,668.4,9.27,51.1,Urban,Clay,349.5,0,1,1
Gujarat - Narmada Basin,25.9,31.7,65.4,703.5,6.56,166.3,Agricultural,Silt,107.6,1,0,0
West Bengal - Ganga Delta,126.8,25.1,66.1,745.6,3.83,85.9,Agricultural,Loam,310.9,0,0,1
Maharashtra - Godavari Basin,58.5,33.8,56.9,1470.5,3.2,48.3,Agricultural,Silt,931.2,1,0,0
Madhya Pradesh - Chambal Basin,328.2,28.5,71.3,770.6,9.65,500.0,Agricultural,Silt,1067.4,1,0,0
Kerala - Periyar Basin,105.3,25.1,81.2,356.9,3.73,136.9,Agricultural,Clay,685.8,1,1,0
Punjab - Sutlej Basin,385.0,35.8,62.7,42.7,5.64,82.1,Water Body,Sandy,407.2,1,1,0
Odisha - Mahanadi Basin,329.8,23.6,74.5,399.1,5.33,543.5,Agricultural,Loam,430.8,1,1,0
Tamil Nadu - Cauvery Basin,79.0,26.5,84.3,207.0,7.24,439.8,Agricultural,Silt,407.7,0,0,0
Tamil Nadu - Cauvery Basin,113.8,22.5,99.8,785.5,4.19,222.4,Agricultural,Loam,678.4,0,0,0
Karnataka - Tungabhadra Basin,219.7,25.1,66.3,105.3,5.19,278.5,Urban,Silt,1570.4,1,1,0
Telangana - Godavari Basin,50.8,27.7,76.8,292.5,3.53,33.6,Forest,Loam,483.9,1,1,0
Gujarat - Narmada Basin,159.8,28.3,60.5,514.8,3.18,44.5,Agricultural,Silt,712.5,0,0,0
Bihar - Kosi Basin,111.1,18.0,60.1,580.8,1.83,113.6,Urban,Loam,663.8,1,0,0
Tamil Nadu - Cauvery Basin,25.6,29.7,88.0,112.2,2.31,455.4,Urban,Clay,275.5,0,1,0
Rajasthan - Luni Basin,135.6,25.8,74.2,192.9,1.63,10.9,Forest,Sandy,332.1,0,1,0
Telangana - Godavari Basin,23.3,28.6,88.8,346.1,7.87,239.6,Agricultural,Clay,394.6,0,0,0
Uttar Pradesh - Ghaghara Basin,117.9,27.0,89.3,324.3,1.85,130.2,Forest,Sandy,158.5,1,0,0
Andhra Pradesh - Krishna Basin,204.4,26.8,51.9,555.2,4.6,307.8,Urban,Sandy,1696.6,1,0,0
Rajasthan - Luni Basin,156.1,27.4,69.6,573.0,5.96,55.1,Forest,Loam,288.0,0,0,0
Madhya Pradesh - Chambal Basin,273.5,25.5,71.0,942.0,3.23,236.6,Urban,Loam,368.9,1,0,0
Karnataka - Tungabhadra Basin,109.5,31.2,83.7,1406.9,3.5,84.9,Agricultural,Silt,248.8,1,0,0
Telangana - Godavari Basin,152.4,24.2,79.1,119.7,6.34,61.1,Urban,Loam,305.1,1,1,0
Telangana - Godavari Basin,159.5,29.0,25.7,959.2,2.32,27.1,Agricultural,Loam,59.4,0,0,0
Uttar Pradesh - Ghaghara Basin,151.8,30.7,59.1,636.0,2.94,103.3,Agricultural,Loam,1088.2,1,0,0
Karnataka - Tungabhadra Basin,110.4,27.4,76.1,957.9,8.51,111.9,Urban,Peat,468.0,1,0,0
West Bengal - Ganga Delta,285.9,30.8,86.6,397.9,10.82,348.4,Urban,Sandy,413.7,1,1,1
Tamil Nadu - Cauvery Basin,160.0,29.8,59.0,495.0,0.76,237.1,Desert,Clay,1204.0,0,0,0
Telangana - Godavari Basin,505.7,28.3,66.8,390.3,1.31,284.8,Urban,Clay,202.2,1,1,0
West Bengal - Ganga Delta,311.0,39.1,37.7,768.4,1.26,90.9,Urban,Sandy,569.2,1,1,0
Telangana - Godavari Basin,29.1,26.4,68.2,1213.7,6.38,75.7,Forest,Silt,753.8,1,0,0
Andhra Pradesh - Krishna Basin,418.2,36.3,54.8,310.6,5.11,143.8,Agricultural,Sandy,242.5,0,1,0
Tamil Nadu - Cauvery Basin,246.6,28.2,81.3,234.8,1.09,54.8,Urban,Peat,646.8,1,1,0
Uttar Pradesh - Ghaghara Basin,180.8,26.5,67.7,716.1,7.24,384.2,Forest,Peat,358.9,0,1,1
Odisha - Mahanadi Basin,260.5,28.0,59.2,524.2,3.82,74.1,Agricultural,Clay,2269.4,0,0,0
Karnataka - Tungabhadra Basin,110.4,26.4,81.0,592.7,1.92,61.8,Forest,Sandy,953.6,0,0,0
Telangana - Godavari Basin,259.8,32.2,72.5,1036.1,1.07,184.5,Forest,Silt,153.3,1,0,0
Tamil Nadu - Cauvery Basin,278.1,17.9,72.8,588.6,2.37,107.9,Forest,Sandy,1051.6,0,0,0
Punjab - Sutlej Basin,168.1,22.5,70.4,70.1,0.35,34.1,Water Body,Sandy,484.1,0,1,0
Uttar Pradesh - Ghaghara Basin,495.9,30.2,80.4,146.2,1.48,126.9,Forest,Sandy,722.4,0,1,0
West Bengal - Ganga Delta,172.5,28.0,85.8,240.7,2.14,232.4,Agricultural,Loam,853.8,1,0,0
Andhra Pradesh - Krishna Basin,193.7,28.2,54.1,225.4,1.39,294.7,Urban,Loam,55.4,1,0,0
Assam - Brahmaputra Basin,195.8,28.2,77.4,124.2,3.8,202.0,Forest,Silt,162.0,1,1,0
Tamil Nadu - Cauvery Basin,374.2,26.0,78.9,73.4,2.52,313.3,Agricultural,Silt,750.7,1,0,0
Kerala - Periyar Basin,666.0,26.2,60.0,451.1,0.88,492.5,Forest,Clay,1105.4,1,0,0
Madhya Pradesh - Chambal Basin,190.2,23.0,49.0,535.8,3.77,132.1,Forest,Loam,1452.5,1,0,0
Maharashtra - Godavari Basin,307.3,27.0,56.1,628.1,6.56,130.8,Forest,Sandy,681.3,0,1,0
West Bengal - Ganga Delta,305.3,18.0,73.4,868.5,8.25,200.3,Desert,Loam,361.1,0,0,1
Karnataka - Tungabhadra Basin,552.4,34.7,64.2,559.3,6.24,289.4,Forest,Loam,1160.8,0,0,1
Madhya Pradesh - Chambal Basin,782.6,22.1,77.2,484.2,1.85,300.1,Urban,Silt,284.6,1,0,0
Rajasthan - Luni Basin,329.3,27.0,100.0,462.2,8.08,213.1,Forest,Silt,509.1,0,0,0
Andhra Pradesh - Krishna Basin,295.9,34.5,40.3,432.0,8.41,257.4,Forest,Sandy,634.2,1,1,0
Maharashtra - Godavari Basin,272.0,24.4,66.0,584.7,4.4,78.0,Desert,Silt,320.6,0,1,1
Telangana - Godavari Basin,206.4,19.7,54.3,426.1,4.98,189.3,Forest,Loam,980.1,0,1,1
Andhra Pradesh - Krishna Basin,210.5,28.7,89.0,1104.2,6.41,105.8,Urban,Sandy,862.4,1,1,1
Punjab - Sutlej Basin,101.3,37.2,78.0,750.6,5.29,287.4,Water Body,Silt,489.1,0,1,1
Madhya Pradesh - Chambal Basin,152.8,30.1,84.4,537.0,4.06,194.1,Urban,Sandy,672.9,0,0,0
Maharashtra - Godavari Basin,900.0,37.2,73.2,260.4,0.97,23.5,Water Body,Loam,191.8,1,0,0
Bihar - Kosi Basin,103.2,32.4,86.7,51.4,6.05,268.5,Agricultural,Clay,1092.2,0,0,0
Assam - Brahmaputra Basin,173.6,27.6,63.2,257.5,7.57,325.0,Urban,Silt,596.1,1,0,0
Telangana - Godavari Basin,45.1,26.3,79.7,902.9,4.2,163.8,Forest,Sandy,210.3,0,0,0
Assam - Brahmaputra Basin,578.9,27.4,65.1,162.6,1.55,189.8,Urban,Peat,267.8,1,0,0
Rajasthan - Luni Basin,149.4,22.1,68.7,315.9,3.9,160.4,Desert,Silt,2586.1,1,1,0
Rajasthan - Luni Basin,61.2,31.2,89.5,471.7,1.51,98.8,Desert,Peat,541.6,0,0,0
Karnataka - Tungabhadra Basin,185.8,28.1,89.4,292.2,13.93,386.0,Agricultural,Silt,1458.8,1,1,1
West Bengal - Ganga Delta,464.8,24.1,64.0,957.4,5.0,89.3,Agricultural,Loam,317.8,0,1,1
Bihar - Kosi Basin,56.5,29.3,34.8,120.0,2.98,320.0,Forest,Sandy,697.9,1,0,0
Andhra Pradesh - Krishna Basin,245.6,23.8,69.3,588.7,3.36,240.9,Water Body,Loam,289.4,0,0,0
Andhra Pradesh - Krishna Basin,308.5,38.7,71.0,246.3,4.2,202.6,Agricultural,Loam,454.0,1,1,0
Rajasthan - Luni Basin,286.8,24.8,41.4,302.2,7.2,377.1,Water Body,Clay,966.9,1,1,1
Rajasthan - Luni Basin,160.6,36.4,66.2,316.0,3.28,141.3,Agricultural,Clay,457.1,1,0,0
Telangana - Godavari Basin,299.4,23.9,67.8,709.9,1.52,212.1,Agricultural,Silt,314.5,1,0,0
West Bengal - Ganga Delta,236.3,32.0,61.8,79.3,9.4,272.6,Agricultural,Silt,431.8,1,0,0
Madhya Pradesh - Chambal Basin,624.0,28.6,42.5,677.5,5.39,69.3,Agricultural,Sandy,1222.2,1,1,1
Madhya Pradesh - Chambal Basin,180.0,36.1,89.4,301.2,1.65,195.2,Agricultural,Sandy,674.2,1,1,0
Punjab - Sutlej Basin,78.5,31.3,78.9,749.0,2.25,205.6,Urban,Sandy,905.2,0,0,0
Karnataka - Tungabhadra Basin,292.2,30.4,66.5,426.2,3.23,634.5,Agricultural,Clay,770.8,0,1,0
Telangana - Godavari Basin,126.6,28.7,69.4,1080.7,3.47,395.0,Desert,Clay,294.6,0,1,1
Bihar - Kosi Basin,373.9,25.3,65.2,212.0,3.25,422.9,Agricultural,Loam,1026.0,1,0,0
Uttar Pradesh - Ghaghara Basin,173.8,28.7,51.0,159.0,2.33,196.0,Agricultural,Silt,690.5,0,0,0
Maharashtra - Godavari Basin,382.4,26.0,91.4,532.1,6.58,108.5,Desert,Silt,300.7,0,0,0
Punjab - Sutlej Basin,557.7,21.5,65.1,919.5,3.41,201.2,Urban,Clay,804.0,0,0,1
Rajasthan - Luni Basin,70.5,23.6,91.3,381.1,4.52,230.4,Urban,Clay,355.3,0,1,1
Andhra Pradesh - Krishna Basin,369.4,30.6,50.2,821.7,5.04,44.7,Agricultural,Sandy,1073.9,0,1,1
Assam - Brahmaputra Basin,91.3,23.4,44.8,456.5,2.45,443.2,Agricultural,Clay,1161.9,0,1,0
Madhya Pradesh - Chambal Basin,220.5,28.6,40.6,383.2,7.81,103.6,Forest,Loam,1768.0,1,1,0
Tamil Nadu - Cauvery Basin,267.8,25.4,71.3,420.8,5.31,105.1,Urban,Clay,1020.6,1,0,0
Bihar - Kosi Basin,91.7,27.9,66.9,303.8,3.52,365.3,Urban,Peat,247.3,1,0,0
Gujarat - Narmada Basin,67.1,27.4,84.0,72.8,3.14,252.6,Desert,Loam,431.1,1,0,0
Assam - Brahmaputra Basin,48.1,26.4,87.8,1234.8,2.97,140.7,Forest,Clay,1228.1,1,1,0
Odisha - Mahanadi Basin,277.9,28.2,78.4,1349.1,2.76,190.9,Forest,Sandy,580.8,0,0,1
Telangana - Godavari Basin,135.3,26.9,72.7,40.0,8.3,61.5,Urban,Sandy,394.1,1,0,0
Rajasthan - Luni Basin,408.7,28.8,57.5,1066.3,1.96,78.6,Desert,Clay,182.0,1,1,1
Odisha - Mahanadi Basin,97.6,26.9,73.6,442.6,4.36,405.5,Agricultural,Silt,618.7,0,1,0
Bihar - Kosi Basin,14.8,34.0,79.1,603.3,2.87,35.2,Desert,Sandy,494.1,0,1,0
Maharashtra - Godavari Basin,224.9,31.6,58.0,146.1,3.98,37.5,Agricultural,Clay,55.5,1,0,0
Assam - Brahmaputra Basin,289.7,21.1,56.3,854.0,6.28,102.1,Agricultural,Peat,91.0,1,1,0
Karnataka - Tungabhadra Basin,539.4,28.5,44.4,207.2,5.54,104.5,Forest,Peat,560.4,1,0,0
Maharashtra - Godavari Basin,272.3,30.9,79.7,634.1,4.77,73.1,Agricultural,Loam,376.6,0,0,0
Madhya Pradesh - Chambal Basin,85.1,24.4,72.9,189.7,12.32,187.5,Forest,Sandy,1005.7,1,0,0
Maharashtra - Godavari Basin,150.1,25.5,72.2,635.6,2.47,192.9,Agricultural,Clay,740.7,1,1,0
Uttar Pradesh - Ghaghara Basin,39.2,23.8,74.1,248.0,18.2,312.9,Agricultural,Loam,512.2,1,1,0
Andhra Pradesh - Krishna Basin,83.8,18.0,49.2,851.0,3.04,11.7,Agricultural,Silt,263.7,1,0,0
Uttar Pradesh - Ghaghara Basin,276.8,25.1,69.9,548.2,3.92,453.9,Desert,Clay,1961.5,0,1,1
Uttar Pradesh - Ghaghara Basin,175.0,32.7,56.8,449.7,1.41,192.4,Urban,Loam,627.7,0,0,0
Madhya Pradesh - Chambal Basin,44.8,26.4,84.7,899.0,1.62,295.2,Agricultural,Loam,594.6,0,1,0
Tamil Nadu - Cauvery Basin,467.9,30.2,79.6,579.4,1.25,308.8,Agricultural,Sandy,278.7,1,1,0
Assam - Brahmaputra Basin,322.4,24.9,72.6,789.0,3.83,352.5,Urban,Sandy,108.0,0,1,1
Bihar - Kosi Basin,198.0,30.0,52.2,859.8,2.57,120.1,Forest,Silt,204.2,0,1,1
Uttar Pradesh - Ghaghara Basin,67.3,25.5,76.3,9.5,0.77,69.3,Agricultural,Loam,395.4,0,0,0
Punjab - Sutlej Basin,174.2,31.1,44.2,52.3,4.97,228.6,Forest,Peat,1466.4,1,0,0
Karnataka - Tungabhadra Basin,152.2,20.6,82.3,469.8,3.51,78.7,Urban,Silt,382.9,1,0,0
Karnataka - Tungabhadra Basin,145.0,32.7,52.3,1323.7,3.07,130.9,Agricultural,Peat,1332.7,1,1,0
Punjab - Sutlej Basin,468.9,25.1,73.4,167.0,4.17,114.1,Forest,Silt,893.7,1,0,0
West Bengal - Ganga Delta,157.7,30.0,56.9,908.1,9.1,98.0,Urban,Loam,1269.5,1,1,0
Kerala - Periyar Basin,155.5,30.4,52.7,295.3,2.25,138.4,Agricultural,Sandy,335.1,0,1,0
Karnataka - Tungabhadra Basin,204.3,28.7,82.2,459.6,10.61,109.0,Urban,Loam,720.2,1,0,0
Kerala - Periyar Basin,346.5,29.1,50.2,363.8,3.78,86.8,Desert,Sandy,449.0,0,1,1
Kerala - Periyar Basin,286.3,23.8,84.0,700.3,6.66,181.1,Urban,Peat,1532.4,0,0,1
Odisha - Mahanadi Basin,176.2,30.6,54.2,863.8,4.73,143.6,Urban,Sandy,1017.3,0,0,1
Punjab - Sutlej Basin,187.4,30.4,84.3,404.3,5.35,223.1,Water Body,Clay,642.3,1,0,0
Rajasthan - Luni Basin,242.3,40.9,71.8,262.2,6.64,227.2,Agricultural,Clay,1149.5,1,0,0
Andhra Pradesh - Krishna Basin,242.2,25.3,46.4,629.3,4.72,67.8,Agricultural,Silt,2095.5,0,0,1
Tamil Nadu - Cauvery Basin,171.9,26.4,75.9,237.7,1.13,353.5,Agricultural,Clay,942.7,1,1,0
Rajasthan - Luni Basin,149.4,20.9,87.3,369.3,0.48,107.5,Agricultural,Silt,1222.4,0,1,0
Andhra Pradesh - Krishna Basin,190.5,19.6,81.0,240.0,2.26,116.8,Forest,Sandy,78.1,0,0,0
Gujarat - Narmada Basin,171.7,26.0,51.9,182.9,0.82,147.7,Agricultural,Clay,84.5,1,1,0
Madhya Pradesh - Chambal Basin,255.1,27.0,55.9,913.1,3.5,129.6,Urban,Peat,555.5,1,0,0
Tamil Nadu - Cauvery Basin,3.5,26.3,73.2,1273.5,3.25,70.0,Agricultural,Silt,687.0,0,1,1
Punjab - Sutlej Basin,176.9,24.5,87.5,612.6,2.12,119.1,Urban,Loam,483.1,1,0,0
Odisha - Mahanadi Basin,274.3,30.2,74.9,391.3,2.32,42.1,Forest,Clay,1170.8,1,0,0
Bihar - Kosi Basin,391.7,22.6,76.5,233.2,7.07,297.6,Desert,Loam,1450.4,0,1,1
Bihar - Kosi Basin,554.6,31.5,58.5,406.9,6.41,248.2,Urban,Peat,746.1,0,0,1
Uttar Pradesh - Ghaghara Basin,211.4,24.4,79.1,205.7,3.22,364.1,Agricultural,Sandy,81.8,1,1,0
Maharashtra - Godavari Basin,265.4,25.3,59.8,417.4,10.7,164.5,Forest,Clay,272.2,0,0,0
Telangana - Godavari Basin,306.7,28.0,88.4,821.1,1.24,159.8,Agricultural,Clay,312.3,1,0,0
Punjab - Sutlej Basin,457.1,24.0,38.5,197.6,4.1,300.6,Forest,Sandy,189.5,0,1,0
Uttar Pradesh - Ghaghara Basin,72.2,29.8,36.3,272.6,7.77,66.1,Agricultural,Loam,248.2,0,1,1
Andhra Pradesh - Krishna Basin,314.6,35.7,60.1,902.8,1.58,143.4,Forest,Sandy,700.6,1,1,0
Kerala - Periyar Basin,329.9,32.2,77.3,221.8,3.54,422.9,Agricultural,Sandy,981.5,1,1,0
Karnataka - Tungabhadra Basin,690.6,29.9,64.0,447.0,6.79,219.1,Urban,Peat,1300.6,0,1,1
Maharashtra - Godavari Basin,677.8,28.9,83.5,282.8,3.98,283.7,Forest,Loam,2094.1,1,1,0
Gujarat - Narmada Basin,36.2,29.7,82.5,349.1,4.71,115.2,Agricultural,Peat,986.0,0,1,0
Tamil Nadu - Cauvery Basin,146.2,31.0,83.0,239.3,6.59,286.7,Agricultural,Clay,94.6,1,0,0
Andhra Pradesh - Krishna Basin,361.3,29.3,92.2,171.2,4.27,290.8,Agricultural,Sandy,2390.4,1,1,0
Telangana - Godavari Basin,116.5,28.5,66.2,703.0,1.69,495.7,Forest,Clay,529.0,1,0,0
Andhra Pradesh - Krishna Basin,171.2,28.1,82.1,441.5,1.77,619.0,Urban,Loam,445.0,0,0,0
Tamil Nadu - Cauvery Basin,537.3,25.6,49.3,809.3,3.55,223.3,Desert,Silt,596.5,1,0,0
Kerala - Periyar Basin,282.8,29.6,76.8,86.2,4.03,83.1,Urban,Sandy,333.3,0,1,1
Bihar - Kosi Basin,150.0,26.6,58.7,416.4,7.63,190.4,Forest,Loam,622.1,1,1,0
Punjab - Sutlej Basin,102.2,38.2,79.8,192.0,8.93,61.7,Urban,Clay,367.2,1,0,0
West Bengal - Ganga Delta,27.8,29.8,54.0,366.5,2.56,238.2,Agricultural,Clay,705.7,1,0,0
Telangana - Godavari Basin,66.4,32.1,64.9,198.8,6.9,168.0,Agricultural,Clay,1005.5,1,0,0
Gujarat - Narmada Basin,82.2,25.6,72.1,542.0,12.05,41.8,Agricultural,Loam,440.1,1,1,0
Rajasthan - Luni Basin,179.0,25.1,95.0,559.0,2.02,243.1,Urban,Clay,469.9,1,0,0
Madhya Pradesh - Chambal Basin,292.0,24.7,79.1,365.5,6.96,35.1,Agricultural,Sandy,76.1,1,1,0
Uttar Pradesh - Ghaghara Basin,136.9,29.1,76.3,931.4,2.11,316.0,Urban,Sandy,369.1,1,0,0
Telangana - Godavari Basin,900.0,34.5,85.6,143.0,5.62,225.5,Forest,Loam,271.4,0,0,1
Gujarat - Narmada Basin,118.4,33.6,89.8,364.4,12.04,225.3,Urban,Silt,721.3,0,0,1
Maharashtra - Godavari Basin,828.1,24.7,74.6,594.9,8.91,196.8,Water Body,Loam,205.4,1,0,1
Karnataka - Tungabhadra Basin,415.2,28.8,45.9,229.7,2.64,122.3,Water Body,Loam,299.5,0,1,1
Karnataka - Tungabhadra Basin,376.4,38.9,56.5,170.0,8.24,204.5,Forest,Loam,489.3,1,0,0
West Bengal - Ganga Delta,272.9,29.4,61.9,777.4,3.05,88.2,Urban,Sandy,460.8,1,0,0
Tamil Nadu - Cauvery Basin,351.5,22.9,73.9,856.5,5.61,251.9,Water Body,Silt,610.6,1,1,0
Assam - Brahmaputra Basin,212.9,31.4,70.3,1022.5,1.11,42.4,Urban,Clay,631.1,0,1,1
Telangana - Godavari Basin,66.8,25.6,61.5,673.3,1.83,325.5,Forest,Clay,273.7,0,0,0
Odisha - Mahanadi Basin,306.8,25.3,59.4,661.3,6.01,143.9,Forest,Sandy,1010.2,0,0,0
Kerala - Periyar Basin,148.3,33.3,79.7,234.1,8.24,261.8,Urban,Peat,481.2,0,1,1
Odisha - Mahanadi Basin,681.7,29.3,48.9,289.7,4.2,294.4,Urban,Clay,1471.7,1,0,1
Tamil Nadu - Cauvery Basin,112.2,31.2,45.2,366.6,3.93,85.0,Urban,Loam,995.0,1,0,0
Assam - Brahmaputra Basin,54.8,30.1,68.2,111.9,7.07,380.1,Urban,Loam,189.9,1,0,0
Andhra Pradesh - Krishna Basin,150.1,29.6,57.6,1312.4,4.09,308.6,Water Body,Clay,549.4,1,0,0
West Bengal - Ganga Delta,288.0,30.6,73.9,933.9,1.1,216.6,Forest,Loam,914.7,0,0,0
Maharashtra - Godavari Basin,126.1,31.0,57.3,734.7,2.87,171.5,Urban,Sandy,449.5,0,1,1
Telangana - Godavari Basin,185.1,34.8,35.3,896.1,5.88,389.7,Urban,Loam,309.0,1,1,0
Bihar - Kosi Basin,735.9,21.0,65.0,408.0,11.93,64.8,Forest,Clay,602.2,0,1,1
Uttar Pradesh - Ghaghara Basin,62.1,28.1,82.6,1479.9,7.88,80.6,Agricultural,Sandy,1300.2,0,0,1
West Bengal - Ganga Delta,164.0,34.4,53.4,141.8,1.39,277.6,Desert,Peat,354.8,1,0,0
Karnataka - Tungabhadra Basin,557.7,25.5,50.9,306.0,4.41,106.8,Urban,Loam,485.4,0,0,1
Telangana - Godavari Basin,296.0,25.2,89.5,1943.0,6.66,253.8,Agricultural,Sandy,1517.9,1,0,1
West Bengal - Ganga Delta,71.7,30.9,74.9,959.0,7.8,67.7,Urban,Silt,574.2,0,1,1
Punjab - Sutlej Basin,167.5,33.5,59.9,399.2,1.93,150.9,Forest,Silt,137.8,0,1,0
Assam - Brahmaputra Basin,478.1,31.2,81.9,466.9,4.23,26.2,Agricultural,Silt,477.2,1,0,0
Kerala - Periyar Basin,146.9,27.2,91.4,266.6,2.22,333.0,Desert,Peat,370.6,1,1,0
Andhra Pradesh - Krishna Basin,754.1,33.9,58.6,453.1,5.74,114.2,Agricultural,Sandy,1660.6,0,0,1
Madhya Pradesh - Chambal Basin,270.5,26.3,66.7,553.4,5.57,19.7,Agricultural,Clay,300.8,0,1,1
Odisha - Mahanadi Basin,31.6,24.8,98.3,297.7,4.3,358.1,Desert,Peat,634.6,0,1,0
Assam - Brahmaputra Basin,217.4,18.9,66.9,188.0,4.87,292.7,Desert,Loam,328.0,0,0,0
Gujarat - Narmada Basin,667.9,30.2,49.4,119.2,2.85,50.3,Agricultural,Loam,975.7,0,0,1
Maharashtra - Godavari Basin,210.7,21.0,71.4,81.4,3.19,138.0,Urban,Silt,727.2,1,0,0
Uttar Pradesh - Ghaghara Basin,313.9,24.7,70.7,917.1,4.43,504.9,Forest,Clay,410.9,1,1,0
Odisha - Mahanadi Basin,622.8,30.4,61.0,76.2,0.84,186.4,Water Body,Loam,943.1,0,0,1
West Bengal - Ganga Delta,24.1,27.8,67.9,198.5,0.7,169.3,Forest,Sandy,715.2,0,1,0
West Bengal - Ganga Delta,19.7,25.9,86.2,128.2,3.08,23.2,Urban,Silt,333.9,0,1,0
West Bengal - Ganga Delta,550.5,26.8,78.6,581.6,4.9,113.1,Agricultural,Loam,260.5,1,1,0
Odisha - Mahanadi Basin,184.6,21.2,66.6,692.9,7.6,110.0,Forest,Silt,26.1,1,0,0
Madhya Pradesh - Chambal Basin,209.4,27.8,55.4,750.9,5.15,262.8,Urban,Loam,1243.6,1,0,0
Uttar Pradesh - Ghaghara Basin,318.1,28.3,84.9,82.6,7.94,201.9,Agricultural,Sandy,631.1,1,0,0
Kerala - Periyar Basin,92.4,31.8,45.4,270.1,3.29,178.6,Urban,Sandy,774.4,1,1,0
West Bengal - Ganga Delta,330.2,25.9,68.2,643.0,13.17,91.0,Agricultural,Loam,900.4,0,1,1
Maharashtra - Godavari Basin,45.3,23.6,84.2,185.7,4.27,215.8,Forest,Clay,573.9,1,0,0
Odisha - Mahanadi Basin,673.6,29.6,72.5,1272.5,5.17,108.7,Urban,Peat,238.5,1,0,1
Andhra Pradesh - Krishna Basin,278.0,30.2,76.3,967.6,2.59,146.2,Desert,Peat,882.5,1,0,0
Odisha - Mahanadi Basin,348.6,29.2,73.7,559.3,7.07,137.5,Urban,Sandy,461.3,0,0,1
Assam - Brahmaputra Basin,137.6,25.5,54.6,226.0,4.32,229.3,Agricultural,Loam,978.2,1,0,0
Assam - Brahmaputra Basin,302.8,27.6,70.5,713.7,5.42,97.0,Desert,Loam,248.2,1,0,0
Kerala - Periyar Basin,184.4,26.5,100.0,477.5,3.22,275.0,Water Body,Clay,386.2,1,1,0
West Bengal - Ganga Delta,109.9,25.8,74.4,437.5,2.74,112.5,Forest,Clay,576.6,1,0,0
Bihar - Kosi Basin,106.8,28.1,74.5,558.9,4.59,247.5,Agricultural,Sandy,529.8,1,0,0
Punjab - Sutlej Basin,241.5,23.3,74.2,203.0,5.03,65.0,Urban,Peat,57.0,1,1,0
Tamil Nadu - Cauvery Basin,394.5,30.2,64.8,380.8,4.3,407.3,Agricultural,Clay,297.7,0,1,1
Assam - Brahmaputra Basin,210.6,30.8,90.1,301.3,9.77,281.4,Forest,Clay,155.3,1,1,0
Assam - Brahmaputra Basin,119.9,33.2,83.0,277.9,2.49,81.1,Agricultural,Silt,441.1,0,0,0
Uttar Pradesh - Ghaghara Basin,153.9,34.0,88.2,481.4,2.46,209.8,Desert,Sandy,1775.3,0,0,0
Odisha - Mahanadi Basin,172.1,27.4,51.8,1170.2,6.71,25.4,Agricultural,Silt,1985.5,1,0,1
Madhya Pradesh - Chambal Basin,82.3,23.5,70.6,54.0,9.26,29.4,Agricultural,Clay,320.7,0,0,0
Maharashtra - Godavari Basin,289.0,28.4,84.6,1494.0,5.66,566.9,Urban,Silt,81.7,0,0,1
Andhra Pradesh - Krishna Basin,162.2,28.8,63.6,809.8,3.79,25.3,Agricultural,Silt,119.0,0,0,0
Rajasthan - Luni Basin,127.9,27.1,84.5,244.3,4.04,78.2,Forest,Loam,761.8,0,0,0
Telangana - Godavari Basin,289.6,27.7,62.1,324.2,2.13,160.0,Urban,Sandy,351.9,1,1,0
Bihar - Kosi Basin,421.8,28.6,60.4,1479.0,4.93,76.8,Agricultural,Sandy,425.6,0,0,1
Punjab - Sutlej Basin,275.3,27.0,80.1,332.1,3.76,376.6,Forest,Loam,918.7,1,0,0
Telangana - Godavari Basin,269.3,24.3,53.0,314.5,2.54,291.3,Desert,Loam,1255.6,1,0,0
Andhra Pradesh - Krishna Basin,209.7,26.7,86.7,19.9,5.56,287.5,Urban,Clay,248.4,1,1,0
Punjab - Sutlej Basin,295.5,22.9,80.8,476.7,3.31,108.0,Desert,Clay,1112.4,1,0,0
Kerala - Periyar Basin,130.3,26.0,96.1,536.3,2.44,87.3,Agricultural,Clay,1338.5,0,0,0
Gujarat - Narmada Basin,183.8,19.7,66.5,1563.8,1.07,280.5,Urban,Loam,1253.4,0,0,1
Andhra Pradesh - Krishna Basin,147.6,27.5,84.3,776.1,2.42,42.6,Urban,Clay,507.8,0,0,1
Tamil Nadu - Cauvery Basin,67.7,29.8,82.6,710.9,1.85,453.6,Urban,Sandy,85.2,0,1,0
Andhra Pradesh - Krishna Basin,112.0,26.8,100.0,735.2,9.2,136.0,Agricultural,Loam,1146.8,1,0,0
Telangana - Godavari Basin,288.4,27.1,73.4,78.9,2.62,217.4,Forest,Silt,342.9,0,0,0
Kerala - Periyar Basin,532.6,32.9,81.0,137.0,2.93,250.4,Forest,Peat,144.2,0,0,0
Odisha - Mahanadi Basin,44.6,23.8,47.4,169.3,5.77,27.2,Forest,Peat,1568.4,0,0,0
Bihar - Kosi Basin,238.0,29.0,58.2,1035.7,4.78,169.8,Urban,Clay,727.0,1,0,0
West Bengal - Ganga Delta,172.9,22.4,57.2,481.5,7.03,241.1,Agricultural,Loam,553.8,1,0,0
Uttar Pradesh - Ghaghara Basin,189.2,26.1,79.5,772.3,2.98,73.7,Agricultural,Peat,568.2,1,0,0
Andhra Pradesh - Krishna Basin,85.5,33.2,72.2,228.3,4.08,447.0,Urban,Clay,1088.7,1,0,0
Karnataka - Tungabhadra Basin,187.3,31.7,67.9,449.1,4.87,194.0,Urban,Sandy,1953.9,0,1,0
Odisha - Mahanadi Basin,137.1,23.9,21.2,933.8,4.12,111.1,Water Body,Silt,576.0,1,0,0
Telangana - Godavari Basin,94.7,30.7,77.7,1294.4,1.76,128.3,Forest,Sandy,1204.3,0,0,0
Maharashtra - Godavari Basin,293.9,27.7,94.0,396.7,6.34,117.7,Desert,Silt,1521.2,1,1,0
Maharashtra - Godavari Basin,26.2,23.0,42.4,1009.1,5.06,36.6,Urban,Loam,403.6,1,0,0
Andhra Pradesh - Krishna Basin,308.8,27.8,42.1,839.0,2.71,329.7,Water Body,Clay,712.7,0,0,1
Punjab - Sutlej Basin,265.3,27.8,53.6,372.4,4.98,390.6,Agricultural,Clay,423.0,1,0,0
Assam - Brahmaputra Basin,8.1,27.6,88.3,189.9,4.19,129.8,Forest,Loam,220.4,1,1,0
Kerala - Periyar Basin,319.7,27.7,51.0,1135.1,4.55,140.3,Water Body,Peat,418.4,0,0,1
Assam - Brahmaputra Basin,381.9,32.7,62.1,572.3,1.81,147.0,Urban,Sandy,624.7,1,0,0
Bihar - Kosi Basin,207.8,28.6,59.1,66.1,5.29,82.3,Desert,Clay,851.7,1,0,0
Karnataka - Tungabhadra Basin,441.4,27.4,52.6,339.5,2.9,153.8,Agricultural,Loam,1501.1,0,0,0
West Bengal - Ganga Delta,404.4,30.1,74.2,857.5,5.4,220.1,Desert,Peat,361.7,1,1,0
Tamil Nadu - Cauvery Basin,497.3,29.9,82.2,533.2,6.52,159.8,Forest,Clay,132.1,1,0,0
Punjab - Sutlej Basin,440.6,22.9,62.1,290.1,3.02,187.9,Agricultural,Clay,806.7,1,0,0
Punjab - Sutlej Basin,23.0,29.7,55.7,1317.4,3.82,153.9,Agricultural,Clay,1072.8,1,1,0
Tamil Nadu - Cauvery Basin,174.5,31.3,71.1,1188.2,4.55,154.7,Agricultural,Clay,398.4,0,1,1
Odisha - Mahanadi Basin,45.4,25.2,67.0,1051.1,7.89,197.5,Forest,Loam,58.5,1,0,0
Punjab - Sutlej Basin,88.1,28.0,84.3,400.5,3.85,234.8,Water Body,Peat,828.8,0,0,0
Madhya Pradesh - Chambal Basin,52.6,28.0,57.0,294.5,1.57,163.0,Urban,Loam,1111.2,0,0,0
Bihar - Kosi Basin,145.8,28.1,53.2,26.1,8.26,225.3,Desert,Silt,217.9,1,1,0
Uttar Pradesh - Ghaghara Basin,323.3,29.9,87.3,856.8,9.42,322.0,Forest,Sandy,604.7,0,0,1
Bihar - Kosi Basin,579.0,34.2,60.5,386.2,1.52,151.9,Urban,Loam,344.3,1,1,0
West Bengal - Ganga Delta,504.9,25.2,62.0,531.6,2.06,72.7,Urban,Clay,1085.3,1,0,0
Maharashtra - Godavari Basin,88.9,33.1,83.9,217.7,2.57,297.0,Agricultural,Sandy,532.8,0,1,0
Odisha - Mahanadi Basin,54.6,33.2,70.0,291.3,5.27,90.3,Urban,Loam,282.9,1,0,0
Karnataka - Tungabhadra Basin,109.5,28.8,47.7,764.8,2.18,315.4,Agricultural,Clay,480.6,1,1,0
Uttar Pradesh - Ghaghara Basin,88.9,21.0,80.4,422.5,4.16,320.8,Water Body,Sandy,694.6,1,1,0
Uttar Pradesh - Ghaghara Basin,193.9,23.3,69.8,381.3,6.43,70.6,Urban,Silt,696.2,1,1,0
Rajasthan - Luni Basin,289.2,30.6,66.5,556.2,2.08,53.5,Agricultural,Clay,136.3,0,1,1
Rajasthan - Luni Basin,381.3,23.1,64.1,140.9,2.98,158.7,Desert,Loam,2657.3,0,0,0
Punjab - Sutlej Basin,190.0,25.2,75.0,346.9,1.61,122.9,Agricultural,Silt,694.0,1,1,0
Punjab - Sutlej Basin,736.7,23.4,74.8,113.3,2.65,424.5,Water Body,Clay,1329.5,1,0,0
Odisha - Mahanadi Basin,149.2,28.1,74.2,228.2,1.08,207.2,Agricultural,Clay,740.7,1,0,0
Uttar Pradesh - Ghaghara Basin,456.6,31.9,95.9,593.9,9.9,32.2,Forest,Loam,938.9,1,1,1
Andhra Pradesh - Krishna Basin,109.8,36.9,56.8,1087.4,1.95,282.7,Agricultural,Loam,372.7,0,0,0
Rajasthan - Luni Basin,141.7,34.7,50.8,165.3,16.39,142.7,Urban,Sandy,489.5,1,0,0
Maharashtra - Godavari Basin,400.8,30.6,55.9,442.7,8.87,154.0,Urban,Clay,766.1,1,0,0
Odisha - Mahanadi Basin,285.1,30.8,63.5,199.8,3.16,28.3,Agricultural,Peat,1419.5,0,0,0
Maharashtra - Godavari Basin,94.2,22.5,54.8,854.6,6.7,279.3,Forest,Peat,1139.5,1,0,0
Kerala - Periyar Basin,486.8,25.0,81.8,795.2,2.97,15.1,Forest,Sandy,715.2,1,0,0
Bihar - Kosi Basin,240.1,24.6,68.0,166.1,4.13,369.4,Urban,Sandy,376.9,1,0,0
Andhra Pradesh - Krishna Basin,237.1,28.4,39.0,1545.0,2.57,546.8,Forest,Peat,411.1,1,1,0
West Bengal - Ganga Delta,573.5,33.3,75.9,1082.1,3.58,631.0,Urban,Loam,1052.0,1,0,1
Tamil Nadu - Cauvery Basin,299.6,28.0,53.2,398.4,3.77,58.8,Agricultural,Silt,1726.3,1,1,0
Assam - Brahmaputra Basin,249.9,26.3,45.3,1034.4,10.1,108.6,Agricultural,Peat,416.0,0,1,1
Madhya Pradesh - Chambal Basin,461.2,29.7,76.0,500.8,2.9,236.3,Agricultural,Loam,629.8,0,0,1
Rajasthan - Luni Basin,319.9,33.6,73.9,77.3,6.74,225.4,Forest,Clay,1321.6,1,0,0
Punjab - Sutlej Basin,421.1,23.8,69.0,390.6,6.32,514.2,Agricultural,Loam,565.8,1,1,0
Uttar Pradesh - Ghaghara Basin,123.2,26.6,87.4,662.9,4.98,81.9,Forest,Clay,1367.4,1,0,0
Kerala - Periyar Basin,121.4,25.1,63.2,168.7,1.63,392.9,Forest,Loam,293.1,0,0,0
Andhra Pradesh - Krishna Basin,232.8,29.7,85.2,230.0,13.9,146.0,Forest,Loam,836.7,0,0,0
Punjab - Sutlej Basin,353.5,25.6,76.2,756.4,1.95,73.3,Forest,Loam,173.5,1,0,0
Bihar - Kosi Basin,364.5,29.2,70.0,210.3,3.72,51.3,Agricultural,Sandy,132.3,1,0,0
Punjab - Sutlej Basin,344.3,32.8,72.2,549.6,6.81,271.3,Urban,Silt,442.0,0,1,1
Kerala - Periyar Basin,665.7,27.4,71.1,251.6,6.16,290.3,Agricultural,Loam,755.5,1,1,1
Maharashtra - Godavari Basin,522.2,27.1,76.0,723.5,1.95,147.7,Urban,Loam,478.3,1,0,0
Telangana - Godavari Basin,74.8,28.5,61.1,504.2,2.68,236.0,Agricultural,Sandy,454.1,0,0,0
Karnataka - Tungabhadra Basin,499.5,25.1,84.1,346.9,7.89,230.2,Forest,Clay,258.7,0,0,0
Bihar - Kosi Basin,297.2,28.1,67.4,156.5,4.41,114.2,Forest,Sandy,898.9,1,0,0
West Bengal - Ganga Delta,669.5,19.0,72.9,1393.3,3.04,94.0,Forest,Loam,453.4,1,1,1
Madhya Pradesh - Chambal Basin,109.6,24.7,77.9,507.5,8.09,142.5,Urban,Peat,294.3,1,1,0
Rajasthan - Luni Basin,139.2,24.8,70.9,791.6,9.28,179.4,Forest,Loam,1818.6,1,0,0
Rajasthan - Luni Basin,190.9,33.3,57.6,225.0,2.3,296.6,Urban,Clay,1687.1,1,0,0
Maharashtra - Godavari Basin,138.9,30.4,69.4,729.5,8.68,151.4,Agricultural,Silt,242.9,1,0,0
Assam - Brahmaputra Basin,76.1,27.9,88.4,713.4,2.96,57.2,Urban,Clay,1432.2,1,0,0
Rajasthan - Luni Basin,77.3,21.1,53.2,433.5,9.23,35.0,Agricultural,Clay,336.8,0,0,0
Bihar - Kosi Basin,291.1,32.3,63.1,427.7,3.81,209.2,Agricultural,Clay,561.7,1,0,0
Andhra Pradesh - Krishna Basin,37.1,21.7,54.2,827.0,4.61,213.8,Agricultural,Clay,277.6,1,0,0
Gujarat - Narmada Basin,198.1,25.4,74.1,129.2,3.98,316.3,Agricultural,Loam,1016.7,1,0,0
Andhra Pradesh - Krishna Basin,101.3,24.4,86.1,197.5,6.11,63.2,Agricultural,Clay,444.4,1,0,0
Maharashtra - Godavari Basin,26.6,26.9,34.5,166.6,4.79,77.7,Urban,Peat,234.5,0,0,0
West Bengal - Ganga Delta,370.9,30.6,39.2,233.0,4.85,118.8,Agricultural,Loam,320.4,1,1,0
Karnataka - Tungabhadra Basin,529.2,28.4,63.0,175.9,1.74,176.1,Water Body,Clay,477.4,1,1,1
Kerala - Periyar Basin,77.9,31.5,60.1,827.1,3.4,222.9,Agricultural,Clay,262.3,0,1,0
Andhra Pradesh - Krishna Basin,458.9,31.4,57.7,778.8,2.6,261.9,Agricultural,Loam,263.1,0,0,0
Andhra Pradesh - Krishna Basin,535.4,29.0,70.2,98.1,4.22,27.5,Agricultural,Loam,683.5,1,1,0
Telangana - Godavari Basin,200.3,29.9,43.6,242.5,3.32,155.2,Urban,Sandy,946.6,0,0,0
Tamil Nadu - Cauvery Basin,469.3,22.4,54.6,645.0,3.59,391.3,Agricultural,Clay,1038.4,1,1,0
West Bengal - Ganga Delta,296.6,31.8,95.7,484.7,0.57,126.6,Forest,Loam,1048.9,0,0,0
Punjab - Sutlej Basin,227.8,20.7,76.8,118.8,3.49,94.3,Forest,Loam,884.9,1,1,0
West Bengal - Ganga Delta,239.1,22.8,79.5,716.4,4.09,208.7,Agricultural,Clay,308.4,1,1,0
Gujarat - Narmada Basin,629.9,29.5,62.0,139.4,3.65,254.3,Agricultural,Sandy,480.3,1,0,0
Assam - Brahmaputra Basin,392.9,27.1,65.2,395.0,1.83,45.9,Forest,Clay,1139.2,1,0,0
West Bengal - Ganga Delta,544.7,20.5,61.1,761.1,5.84,242.1,Urban,Clay,967.6,1,0,0
Tamil Nadu - Cauvery Basin,68.2,22.7,66.4,984.6,3.75,331.3,Desert,Silt,109.5,0,0,0
Tamil Nadu - Cauvery Basin,133.4,29.8,58.5,87.0,2.92,202.9,Urban,Silt,509.5,1,0,0
Gujarat - Narmada Basin,157.5,26.5,66.4,218.7,2.6,187.7,Urban,Peat,1003.4,1,1,0
Assam - Brahmaputra Basin,163.5,28.2,86.6,784.4,1.15,124.3,Water Body,Silt,554.3,1,0,0
Telangana - Godavari Basin,99.2,20.1,74.3,102.8,5.2,321.6,Water Body,Peat,1028.3,1,0,0
Kerala - Periyar Basin,59.3,33.2,56.4,285.9,9.16,42.2,Agricultural,Peat,1213.1,1,0,0
Bihar - Kosi Basin,96.1,28.7,70.7,972.2,1.79,16.6,Forest,Sandy,645.4,1,0,0
Gujarat - Narmada Basin,240.5,24.5,99.2,360.7,3.54,617.7,Agricultural,Sandy,476.4,0,1,0
West Bengal - Ganga Delta,381.5,28.4,92.5,323.6,7.32,137.2,Forest,Clay,558.5,1,1,1
Rajasthan - Luni Basin,390.1,25.9,70.3,184.4,10.29,108.2,Agricultural,Clay,569.1,1,1,0
Bihar - Kosi Basin,66.7,18.6,60.8,1102.9,1.35,143.0,Agricultural,Clay,615.3,1,0,0
Uttar Pradesh - Ghaghara Basin,262.4,31.3,55.5,117.4,5.23,362.7,Agricultural,Silt,1050.5,1,1,0
Karnataka - Tungabhadra Basin,206.7,32.7,83.9,427.8,3.02,89.0,Forest,Silt,292.8,1,1,0
Assam - Brahmaputra Basin,428.3,22.5,57.7,39.2,4.11,198.0,Water Body,Peat,366.4,1,1,0
Maharashtra - Godavari Basin,305.1,32.3,70.1,502.2,2.58,145.8,Forest,Loam,357.1,1,1,0
Tamil Nadu - Cauvery Basin,154.5,29.5,89.8,414.1,4.14,103.3,Water Body,Loam,664.7,1,1,0
Odisha - Mahanadi Basin,229.1,31.5,55.8,360.6,4.69,185.1,Urban,Silt,1865.0,1,0,0
Tamil Nadu - Cauvery Basin,113.6,29.9,42.6,740.3,1.11,81.2,Agricultural,Peat,1120.9,1,1,0
Gujarat - Narmada Basin,280.8,38.7,63.6,236.7,4.81,74.3,Water Body,Silt,478.0,1,0,0
Telangana - Godavari Basin,146.5,26.9,73.2,434.3,5.25,459.5,Urban,Silt,1315.1,1,1,0
Madhya Pradesh - Chambal Basin,104.9,28.4,85.0,660.8,12.4,580.2,Agricultural,Sandy,620.1,0,0,1
Bihar - Kosi Basin,48.8,28.7,86.2,185.0,2.49,204.2,Forest,Loam,236.3,0,0,0
Maharashtra - Godavari Basin,109.1,27.0,73.7,495.1,2.37,39.6,Agricultural,Clay,265.9,1,1,0
Gujarat - Narmada Basin,533.6,21.7,80.9,313.6,6.32,181.2,Forest,Loam,214.9,0,0,0
Gujarat - Narmada Basin,228.4,28.5,91.4,893.7,4.54,97.4,Urban,Loam,1755.2,0,1,1
Telangana - Godavari Basin,349.0,28.6,90.2,574.4,8.44,441.3,Agricultural,Silt,612.9,0,0,1
Uttar Pradesh - Ghaghara Basin,263.5,25.6,64.5,54.0,5.78,632.3,Agricultural,Silt,532.3,1,1,0
Bihar - Kosi Basin,51.9,35.0,63.3,891.0,4.55,89.9,Desert,Loam,1229.8,1,0,0
Tamil Nadu - Cauvery Basin,96.6,24.7,62.6,46.4,1.34,157.8,Water Body,Clay,514.0,1,1,0
Madhya Pradesh - Chambal Basin,47.6,24.4,62.1,42.8,2.25,68.5,Water Body,Clay,403.9,0,1,0
Uttar Pradesh - Ghaghara Basin,135.9,27.1,64.4,527.2,1.42,460.0,Agricultural,Loam,294.8,0,0,0
Telangana - Godavari Basin,69.1,23.3,77.3,389.2,7.47,46.9,Desert,Loam,408.1,1,1,0
Kerala - Periyar Basin,61.0,24.3,84.9,579.8,4.24,36.4,Urban,Clay,781.1,1,1,0
Madhya Pradesh - Chambal Basin,164.7,23.2,72.9,76.1,3.14,29.7,Water Body,Loam,178.7,0,0,0
Telangana - Godavari Basin,95.3,36.5,50.1,739.9,1.78,87.3,Urban,Silt,346.7,1,0,0
Punjab - Sutlej Basin,35.3,27.0,57.3,621.3,2.86,238.0,Urban,Sandy,361.7,0,0,0
Telangana - Godavari Basin,191.3,30.7,100.0,210.9,4.85,68.8,Urban,Loam,344.1,1,1,0
Rajasthan - Luni Basin,548.8,29.6,70.3,294.6,4.03,203.3,Agricultural,Sandy,753.9,0,1,1
Odisha - Mahanadi Basin,126.1,27.4,86.2,403.2,3.21,63.1,Urban,Silt,797.1,1,0,0
Karnataka - Tungabhadra Basin,113.7,31.2,50.5,1152.0,3.84,278.1,Urban,Clay,189.2,0,0,0
Odisha - Mahanadi Basin,58.4,24.3,89.3,243.7,7.72,99.5,Forest,Silt,234.2,0,1,0
Odisha - Mahanadi Basin,55.9,25.2,86.3,122.2,2.2,59.8,Agricultural,Loam,784.7,1,0,0
Andhra Pradesh - Krishna Basin,409.7,21.8,72.1,322.6,2.01,159.0,Agricultural,Loam,822.9,1,1,0
West Bengal - Ganga Delta,151.8,32.7,87.8,913.7,3.84,92.4,Agricultural,Loam,453.8,1,0,0
Madhya Pradesh - Chambal Basin,18.7,29.7,88.9,1313.0,3.24,224.5,Urban,Peat,320.9,1,0,0
Rajasthan - Luni Basin,333.2,33.1,56.3,765.5,6.66,212.8,Forest,Loam,896.6,1,0,0
West Bengal - Ganga Delta,112.9,18.0,63.1,634.0,1.6,227.4,Urban,Sandy,2554.7,1,1,0
Bihar - Kosi Basin,203.7,26.9,61.0,676.2,10.7,310.8,Urban,Clay,714.9,1,1,1
Punjab - Sutlej Basin,168.4,30.0,60.8,1186.8,2.19,181.3,Forest,Silt,69.2,0,1,0
Maharashtra - Godavari Basin,301.8,23.4,65.6,911.2,1.75,23.4,Agricultural,Peat,866.8,1,0,0
Andhra Pradesh - Krishna Basin,297.0,30.5,66.9,160.2,6.67,182.8,Urban,Peat,226.4,1,1,0
Karnataka - Tungabhadra Basin,111.6,18.6,49.1,449.5,4.29,109.3,Urban,Silt,264.1,1,0,0
Kerala - Periyar Basin,549.6,25.6,72.1,630.7,10.59,241.1,Forest,Silt,534.2,0,0,1
Karnataka - Tungabhadra Basin,419.3,28.5,52.6,1595.8,2.32,41.0,Forest,Silt,649.2,0,0,1
Bihar - Kosi Basin,40.0,29.0,63.2,375.9,0.36,267.3,Water Body,Peat,221.2,1,0,0
Gujarat - Narmada Basin,157.0,29.0,86.5,760.8,1.16,133.3,Agricultural,Sandy,701.5,1,1,0
Rajasthan - Luni Basin,388.7,22.8,97.9,66.4,4.04,260.1,Agricultural,Clay,1500.7,1,1,0
Assam - Brahmaputra Basin,208.3,31.7,76.0,642.3,3.5,229.4,Agricultural,Clay,433.2,0,0,0
Maharashtra - Godavari Basin,155.3,36.1,70.9,333.8,7.99,117.5,Urban,Loam,198.8,1,1,0
Gujarat - Narmada Basin,390.7,20.7,72.6,250.6,1.43,220.5,Agricultural,Clay,244.9,0,0,0
West Bengal - Ganga Delta,268.0,33.4,51.6,804.1,1.68,192.5,Urban,Clay,389.9,1,0,0
Karnataka - Tungabhadra Basin,300.4,30.7,69.7,361.0,2.69,269.4,Forest,Peat,360.6,1,1,0
Maharashtra - Godavari Basin,585.0,25.4,63.6,78.0,1.99,180.9,Agricultural,Loam,537.2,0,1,1
Rajasthan - Luni Basin,466.7,23.2,72.0,400.1,7.46,169.0,Water Body,Clay,1088.3,1,0,0
West Bengal - Ganga Delta,108.4,23.8,79.4,380.2,4.5,62.7,Forest,Clay,658.8,1,1,0
West Bengal - Ganga Delta,105.1,23.0,79.1,464.2,2.62,180.7,Urban,Silt,510.7,0,1,0
Bihar - Kosi Basin,42.2,28.9,49.3,574.4,2.23,262.4,Agricultural,Loam,334.7,1,0,0
Kerala - Periyar Basin,33.7,31.5,53.4,349.0,5.67,187.6,Desert,Silt,205.9,1,1,0
Rajasthan - Luni Basin,202.7,29.0,66.6,671.2,1.07,220.9,Forest,Silt,1551.4,0,1,0
Uttar Pradesh - Ghaghara Basin,197.7,29.6,48.8,383.0,2.31,173.8,Water Body,Clay,515.2,0,0,0
Karnataka - Tungabhadra Basin,470.3,27.5,69.6,588.8,1.77,269.5,Forest,Loam,297.1,1,1,0
Uttar Pradesh - Ghaghara Basin,167.2,32.0,69.6,280.8,6.47,220.4,Agricultural,Loam,1144.5,0,0,0
Punjab - Sutlej Basin,361.1,26.3,86.1,519.4,2.36,214.3,Agricultural,Silt,196.2,1,1,0
Punjab - Sutlej Basin,253.1,31.4,100.0,235.0,10.24,95.1,Agricultural,Clay,1002.2,0,0,1
Assam - Brahmaputra Basin,68.7,28.8,59.5,964.7,1.52,59.2,Urban,Clay,940.4,1,1,0
Maharashtra - Godavari Basin,73.2,24.1,72.8,87.7,2.63,191.3,Agricultural,Peat,975.7,1,1,0
Andhra Pradesh - Krishna Basin,256.1,27.5,61.3,684.6,3.05,340.4,Urban,Clay,656.5,0,1,1
West Bengal - Ganga Delta,400.4,32.8,62.7,1174.9,2.25,69.3,Forest,Loam,1483.2,0,0,1
Karnataka - Tungabhadra Basin,154.8,38.3,72.6,748.1,5.45,57.3,Desert,Loam,1046.7,1,1,0
Bihar - Kosi Basin,187.0,19.5,51.5,129.6,3.13,76.5,Water Body,Silt,1812.9,0,1,1
Tamil Nadu - Cauvery Basin,321.1,28.9,69.4,427.6,4.79,227.0,Forest,Sandy,942.1,1,0,0
Assam - Brahmaputra Basin,306.6,30.8,77.0,206.6,3.01,133.3,Agricultural,Peat,677.0,1,0,0
Odisha - Mahanadi Basin,120.6,32.3,44.4,556.3,0.53,128.3,Desert,Silt,441.8,1,1,0
Karnataka - Tungabhadra Basin,208.2,33.3,77.9,26.3,1.83,71.3,Desert,Silt,341.5,1,1,0
Rajasthan - Luni Basin,447.0,30.1,84.5,56.3,1.97,106.9,Urban,Clay,1118.8,0,0,0
Tamil Nadu - Cauvery Basin,315.5,24.9,67.3,465.3,3.59,67.3,Forest,Silt,2564.0,1,0,0
Gujarat - Narmada Basin,40.7,32.2,74.4,541.3,2.3,80.4,Forest,Clay,511.2,1,0,0
Madhya Pradesh - Chambal Basin,620.6,29.0,89.1,249.0,2.96,227.9,Forest,Silt,722.0,1,0,0
Odisha - Mahanadi Basin,147.9,29.6,71.3,168.7,2.07,247.2,Water Body,Silt,592.5,0,1,1
Kerala - Periyar Basin,109.5,36.2,79.1,529.0,9.06,158.1,Urban,Silt,431.1,0,1,1
Rajasthan - Luni Basin,135.8,29.1,82.4,956.7,7.78,122.4,Agricultural,Clay,316.0,1,1,1
Odisha - Mahanadi Basin,260.8,25.7,63.3,298.9,16.48,232.2,Forest,Peat,296.1,1,0,0
Tamil Nadu - Cauvery Basin,107.4,24.8,78.9,246.6,5.69,199.1,Forest,Sandy,207.4,1,0,0
Kerala - Periyar Basin,311.2,26.7,75.7,1141.1,0.52,213.3,Desert,Sandy,422.4,0,1,1
Telangana - Godavari Basin,154.3,35.1,62.3,405.3,2.36,106.0,Urban,Loam,2038.7,0,0,0
Andhra Pradesh - Krishna Basin,23.2,28.0,59.2,546.5,10.29,83.3,Agricultural,Clay,173.6,1,1,0
Punjab - Sutlej Basin,218.9,25.6,83.4,893.5,3.05,438.7,Agricultural,Loam,994.8,1,0,0
Uttar Pradesh - Ghaghara Basin,152.2,33.4,56.6,405.7,5.58,107.7,Forest,Clay,774.7,0,1,0
Uttar Pradesh - Ghaghara Basin,250.4,24.2,90.7,505.5,1.73,11.2,Forest,Clay,1422.8,1,0,0
Bihar - Kosi Basin,438.2,27.7,82.6,230.7,2.86,123.8,Forest,Sandy,271.3,1,0,0
Andhra Pradesh - Krishna Basin,181.3,29.3,80.5,289.8,4.55,156.9,Urban,Peat,1102.2,0,1,0
Maharashtra - Godavari Basin,121.0,33.7,42.1,232.4,3.66,21.1,Forest,Silt,382.7,1,0,0
Maharashtra - Godavari Basin,146.6,22.0,89.4,366.5,8.0,175.7,Urban,Clay,563.2,1,1,0
Punjab - Sutlej Basin,571.0,22.4,75.5,311.2,3.21,65.0,Agricultural,Peat,1705.7,1,0,0
West Bengal - Ganga Delta,198.5,26.3,70.6,579.8,9.25,275.3,Agricultural,Loam,144.7,0,0,0
Kerala - Periyar Basin,407.1,30.9,65.7,371.7,2.86,130.9,Forest,Silt,246.8,1,1,0
Bihar - Kosi Basin,255.9,33.6,68.1,673.0,6.23,195.9,Desert,Clay,616.6,1,0,0
Tamil Nadu - Cauvery Basin,336.6,29.9,88.4,481.8,2.01,124.7,Desert,Silt,145.4,1,0,0
Rajasthan - Luni Basin,314.4,27.3,59.2,307.6,1.73,83.1,Water Body,Silt,193.5,0,0,0
Madhya Pradesh - Chambal Basin,215.0,28.9,90.1,437.9,8.05,317.0,Desert,Sandy,825.9,0,1,1
Karnataka - Tungabhadra Basin,444.3,32.1,60.3,544.9,2.7,172.2,Urban,Loam,1086.3,1,1,0
Bihar - Kosi Basin,689.9,30.2,98.8,175.5,2.73,53.6,Agricultural,Clay,129.8,0,0,0
Andhra Pradesh - Krishna Basin,91.8,26.8,80.6,366.6,3.35,245.9,Agricultural,Loam,960.1,1,0,0
Maharashtra - Godavari Basin,140.1,25.0,68.6,586.3,2.66,191.7,Urban,Sandy,448.5,1,1,0
Bihar - Kosi Basin,287.2,26.4,49.2,823.7,2.18,33.5,Forest,Silt,2636.3,0,1,1
Telangana - Godavari Basin,444.5,22.0,70.6,617.4,2.13,41.7,Urban,Clay,219.9,0,1,1
Bihar - Kosi Basin,195.5,25.6,72.9,623.6,0.99,223.0,Forest,Loam,254.8,1,0,0
Uttar Pradesh - Ghaghara Basin,259.1,30.2,53.6,291.4,5.8,230.2,Urban,Loam,368.1,0,1,1
Madhya Pradesh - Chambal Basin,134.3,26.7,89.3,135.4,4.59,203.0,Urban,Silt,1008.3,0,1,0
Assam - Brahmaputra Basin,200.5,29.6,72.5,749.4,4.96,54.5,Urban,Silt,741.9,1,0,0
West Bengal - Ganga Delta,260.0,23.2,64.4,823.5,7.66,173.0,Agricultural,Clay,836.9,1,1,0
Uttar Pradesh - Ghaghara Basin,296.0,21.6,76.0,409.5,5.76,241.1,Desert,Clay,382.0,0,0,0
Madhya Pradesh - Chambal Basin,154.4,33.6,74.9,47.0,6.59,338.6,Agricultural,Clay,908.0,1,0,0
Madhya Pradesh - Chambal Basin,127.5,23.6,90.0,263.8,1.44,183.4,Urban,Silt,704.2,0,0,0
Kerala - Periyar Basin,123.2,25.7,74.2,696.5,4.48,155.7,Forest,Clay,1412.6,1,1,0
Odisha - Mahanadi Basin,50.7,26.4,82.3,1086.9,4.12,145.6,Urban,Silt,703.8,1,0,0
Telangana - Godavari Basin,210.4,25.1,52.8,378.2,4.86,46.6,Water Body,Sandy,412.4,1,1,0
Tamil Nadu - Cauvery Basin,372.9,34.5,84.2,797.0,4.96,293.4,Agricultural,Loam,179.5,1,1,0
Uttar Pradesh - Ghaghara Basin,349.7,30.6,86.7,328.7,5.54,231.1,Forest,Loam,2044.1,0,0,0
Kerala - Periyar Basin,229.6,28.7,74.0,271.5,5.67,235.5,Forest,Clay,760.1,0,1,1
Rajasthan - Luni Basin,25.3,37.9,54.2,179.3,3.18,239.5,Urban,Sandy,652.9,1,1,0
Assam - Brahmaputra Basin,258.3,29.6,54.5,663.9,5.14,56.8,Desert,Loam,295.9,1,0,0
Rajasthan - Luni Basin,114.2,29.4,65.1,827.0,1.81,79.3,Urban,Loam,387.9,0,1,0
Maharashtra - Godavari Basin,226.7,20.8,64.2,719.3,2.01,85.1,Agricultural,Loam,1049.6,0,1,0
Assam - Brahmaputra Basin,424.1,32.7,100.0,821.0,3.1,100.5,Forest,Silt,358.0,0,1,1
Madhya Pradesh - Chambal Basin,319.4,34.2,79.1,1028.4,4.07,180.4,Urban,Loam,475.5,1,1,1
Punjab - Sutlej Basin,134.3,21.3,57.2,189.8,11.84,71.4,Agricultural,Sandy,606.7,0,0,0
Assam - Brahmaputra Basin,263.7,23.9,59.5,879.6,1.15,31.8,Desert,Silt,502.8,1,0,0
Telangana - Godavari Basin,175.0,29.8,76.4,657.6,6.6,338.7,Forest,Silt,1331.0,1,0,0
Madhya Pradesh - Chambal Basin,80.9,31.1,92.6,290.5,1.59,137.2,Water Body,Sandy,1645.3,1,1,0
Odisha - Mahanadi Basin,119.8,29.4,53.0,108.1,3.79,34.5,Forest,Loam,148.5,1,0,0
Punjab - Sutlej Basin,238.0,21.6,80.8,80.2,6.24,165.0,Forest,Loam,509.7,1,0,0
Rajasthan - Luni Basin,231.3,29.5,63.1,197.5,4.5,52.2,Urban,Loam,1543.1,1,1,0
Kerala - Periyar Basin,151.7,28.1,57.2,285.9,1.23,55.2,Agricultural,Loam,344.8,0,1,0
Gujarat - Narmada Basin,290.2,34.1,60.1,983.1,4.23,46.4,Agricultural,Loam,686.8,1,0,0
Telangana - Godavari Basin,32.0,23.9,69.5,342.9,2.45,237.9,Urban,Peat,1265.7,0,0,0
Andhra Pradesh - Krishna Basin,637.5,23.1,87.8,73.2,5.75,238.0,Agricultural,Peat,389.8,1,1,0
Rajasthan - Luni Basin,248.3,31.6,28.9,929.4,5.45,15.4,Agricultural,Loam,800.2,0,0,1
Andhra Pradesh - Krishna Basin,72.8,27.0,67.1,610.8,6.76,108.6,Forest,Clay,623.6,0,1,1
Madhya Pradesh - Chambal Basin,840.7,26.3,47.5,714.7,8.98,116.0,Urban,Silt,654.5,1,0,1
Odisha - Mahanadi Basin,312.5,32.2,59.4,966.9,4.35,727.3,Agricultural,Silt,332.9,0,1,1
Gujarat - Narmada Basin,434.5,30.0,63.7,281.3,3.67,200.3,Agricultural,Loam,123.9,0,0,0
Maharashtra - Godavari Basin,160.0,24.0,49.1,192.3,3.46,9.0,Water Body,Clay,1623.3,1,1,1
Madhya Pradesh - Chambal Basin,91.8,29.7,56.0,57.2,6.11,71.3,Agricultural,Clay,1570.7,0,1,0
Madhya Pradesh - Chambal Basin,223.0,24.3,95.2,341.7,4.69,327.4,Water Body,Peat,814.2,0,0,0
Punjab - Sutlej Basin,337.9,28.9,64.5,89.7,5.93,185.3,Agricultural,Clay,746.1,0,0,0
Uttar Pradesh - Ghaghara Basin,166.7,31.6,91.0,723.1,3.36,167.0,Forest,Loam,130.0,0,0,0
Bihar - Kosi Basin,224.3,18.9,70.4,476.8,3.49,111.1,Urban,Clay,1190.0,1,0,0
Gujarat - Narmada Basin,328.0,24.8,47.9,445.0,4.02,75.6,Urban,Clay,1073.7,0,0,1
Gujarat - Narmada Basin,77.9,28.9,48.6,473.6,8.86,382.8,Water Body,Silt,2065.8,0,0,1
Uttar Pradesh - Ghaghara Basin,708.0,27.7,68.8,935.5,3.94,106.2,Agricultural,Loam,1194.4,1,0,0
Maharashtra - Godavari Basin,135.8,26.8,60.8,86.7,3.91,250.3,Urban,Silt,712.8,0,0,0
Odisha - Mahanadi Basin,129.1,24.0,41.4,372.4,6.9,91.4,Urban,Clay,743.5,0,1,1
Punjab - Sutlej Basin,382.4,24.5,74.6,436.2,7.39,128.5,Urban,Peat,171.2,0,0,1
Kerala - Periyar Basin,139.3,24.2,93.5,707.9,11.41,200.5,Agricultural,Sandy,163.6,1,1,1
Gujarat - Narmada Basin,547.1,29.7,61.6,476.2,3.35,255.4,Agricultural,Loam,990.2,0,1,1
Telangana - Godavari Basin,30.1,28.5,77.4,147.8,3.74,141.1,Agricultural,Loam,1043.5,1,0,0
Kerala - Periyar Basin,337.9,23.0,99.2,289.7,1.7,73.5,Water Body,Peat,686.8,0,0,1
Telangana - Godavari Basin,167.7,29.8,54.4,194.6,1.37,36.2,Urban,Silt,538.2,0,0,0
Bihar - Kosi Basin,150.3,30.2,76.9,281.8,4.98,15.4,Agricultural,Clay,1168.0,0,0,0
Assam - Brahmaputra Basin,223.2,28.9,60.8,987.9,1.01,86.6,Agricultural,Loam,1191.7,0,1,1
Tamil Nadu - Cauvery Basin,106.4,27.7,75.0,599.8,5.58,102.0,Agricultural,Clay,308.5,0,1,1
Karnataka - Tungabhadra Basin,130.7,21.5,67.3,21.2,2.63,373.5,Forest,Sandy,929.6,1,1,0
Rajasthan - Luni Basin,282.0,33.4,65.6,134.1,8.46,81.4,Agricultural,Silt,445.9,1,0,0
Maharashtra - Godavari Basin,217.2,18.3,72.9,836.7,1.9,173.6,Urban,Loam,546.8,1,1,0
West Bengal - Ganga Delta,320.0,27.2,91.5,191.0,1.82,210.4,Desert,Loam,348.9,1,1,0
Karnataka - Tungabhadra Basin,146.7,26.0,88.3,847.8,1.74,126.0,Urban,Silt,124.0,0,0,0
Bihar - Kosi Basin,240.4,30.3,59.8,559.7,3.2,253.2,Agricultural,Silt,1712.4,0,1,1
Telangana - Godavari Basin,437.3,36.5,48.0,305.6,4.02,254.9,Forest,Loam,595.2,0,0,0
Bihar - Kosi Basin,194.9,28.9,74.7,234.4,2.68,131.7,Urban,Peat,920.5,1,0,0
Kerala - Periyar Basin,533.2,19.8,57.6,302.5,2.77,187.9,Urban,Loam,1035.6,1,0,0
Tamil Nadu - Cauvery Basin,136.0,28.5,92.3,44.1,13.69,354.3,Urban,Loam,535.0,0,0,0
Telangana - Godavari Basin,367.7,33.4,62.1,1381.6,5.03,158.9,Urban,Sandy,308.4,1,0,1
Punjab - Sutlej Basin,43.7,29.0,82.7,733.6,5.32,346.5,Urban,Silt,1947.2,1,0,0
Bihar - Kosi Basin,251.8,23.0,84.0,237.7,5.15,56.2,Forest,Clay,1161.6,1,0,0
Madhya Pradesh - Chambal Basin,336.6,28.0,65.2,668.4,2.28,56.4,Water Body,Sandy,200.2,1,0,0
Telangana - Godavari Basin,133.4,25.6,73.7,386.0,2.09,229.8,Urban,Silt,427.5,1,0,0
Tamil Nadu - Cauvery Basin,109.4,19.7,64.2,205.3,7.69,255.2,Desert,Sandy,578.1,1,1,0
Bihar - Kosi Basin,100.3,27.9,59.3,639.8,5.6,241.2,Desert,Clay,1469.6,1,0,0
Odisha - Mahanadi Basin,396.1,25.0,77.9,637.1,1.44,211.4,Desert,Loam,627.6,1,0,0
Punjab - Sutlej Basin,38.4,28.9,33.7,147.6,6.99,93.7,Desert,Silt,1627.3,0,0,0
Bihar - Kosi Basin,107.0,27.9,34.3,221.8,9.99,40.9,Agricultural,Silt,599.5,0,0,0
Uttar Pradesh - Ghaghara Basin,150.0,35.4,73.7,430.6,6.02,108.3,Agricultural,Clay,210.2,1,1,0
Karnataka - Tungabhadra Basin,158.3,28.0,68.4,333.3,12.8,180.7,Urban,Peat,263.2,0,0,0
Madhya Pradesh - Chambal Basin,166.5,26.2,79.5,165.5,2.73,265.7,Agricultural,Loam,437.3,1,1,0
Rajasthan - Luni Basin,452.3,17.1,66.3,451.6,1.34,195.8,Agricultural,Silt,210.6,0,0,0
Bihar - Kosi Basin,128.3,26.3,43.7,897.5,1.54,206.1,Forest,Silt,396.9,0,0,0
Telangana - Godavari Basin,82.0,25.8,62.3,503.9,2.95,174.2,Forest,Clay,632.3,1,0,0
Odisha - Mahanadi Basin,74.0,22.2,71.5,1144.8,4.64,203.5,Urban,Clay,177.7,1,0,0
Karnataka - Tungabhadra Basin,155.8,26.8,67.6,355.7,3.74,215.3,Forest,Loam,474.6,0,0,0
Karnataka - Tungabhadra Basin,239.8,24.6,59.9,258.0,6.48,23.4,Urban,Sandy,1167.0,1,1,0
Assam - Brahmaputra Basin,281.3,25.2,45.7,150.4,4.1,86.0,Forest,Sandy,675.9,1,0,0
Karnataka - Tungabhadra Basin,541.0,22.6,100.0,183.3,5.1,136.0,Water Body,Clay,1137.2,1,0,0
Madhya Pradesh - Chambal Basin,240.0,32.9,96.1,312.4,2.19,90.3,Agricultural,Clay,368.9,1,1,0
Gujarat - Narmada Basin,34.1,30.0,95.6,526.8,5.8,299.2,Agricultural,Clay,321.9,0,1,0
Odisha - Mahanadi Basin,272.0,27.8,58.4,335.9,3.29,54.4,Forest,Loam,604.8,1,1,0
Assam - Brahmaputra Basin,233.6,23.8,86.7,299.7,3.47,362.6,Agricultural,Loam,245.1,1,0,0
Madhya Pradesh - Chambal Basin,188.8,26.3,66.0,222.5,7.58,340.8,Agricultural,Clay,1336.8,1,0,0
Gujarat - Narmada Basin,155.4,26.5,81.5,217.9,4.32,256.5,Agricultural,Clay,430.3,1,0,0
Assam - Brahmaputra Basin,629.9,35.3,64.9,502.0,2.32,34.5,Agricultural,Peat,693.1,0,0,0
Karnataka - Tungabhadra Basin,50.6,30.6,64.3,184.1,3.23,141.3,Desert,Clay,108.6,1,0,0
Andhra Pradesh - Krishna Basin,206.8,31.0,43.1,76.5,6.62,54.2,Water Body,Loam,710.2,1,1,0
West Bengal - Ganga Delta,173.4,26.2,93.0,395.9,7.86,123.4,Urban,Sandy,841.0,1,0,0
Maharashtra - Godavari Basin,343.8,26.2,85.6,285.5,3.79,224.5,Agricultural,Loam,1092.1,0,0,0
Bihar - Kosi Basin,81.2,25.1,81.8,689.6,6.34,494.0,Agricultural,Sandy,588.5,1,1,0
Tamil Nadu - Cauvery Basin,157.5,31.9,78.2,848.7,15.78,204.3,Urban,Clay,670.5,1,0,1
Assam - Brahmaputra Basin,215.7,22.2,56.3,210.5,1.71,18.0,Urban,Peat,394.3,0,0,0
West Bengal - Ganga Delta,161.8,30.8,79.7,243.0,6.42,198.9,Desert,Sandy,1280.1,1,1,0
Uttar Pradesh - Ghaghara Basin,188.1,28.6,94.1,583.3,6.86,166.1,Urban,Silt,945.0,1,1,0
Kerala - Periyar Basin,90.9,27.2,70.4,301.4,4.64,41.1,Agricultural,Clay,1167.9,1,0,0
Madhya Pradesh - Chambal Basin,134.0,29.9,88.8,619.5,1.33,193.5,Desert,Loam,624.2,0,0,0
Kerala - Periyar Basin,392.1,27.9,49.7,260.8,0.63,18.6,Water Body,Silt,261.7,1,0,0
Assam - Brahmaputra Basin,173.6,29.9,69.6,104.6,1.22,272.2,Agricultural,Clay,996.8,1,0,0
Punjab - Sutlej Basin,166.0,30.9,87.1,436.8,2.46,123.6,Agricultural,Clay,220.6,1,1,0
Andhra Pradesh - Krishna Basin,284.8,31.3,64.3,205.7,6.11,373.3,Forest,Loam,363.5,1,0,0
Gujarat - Narmada Basin,209.4,26.6,75.6,365.0,2.52,65.9,Agricultural,Clay,1239.6,1,0,0
Uttar Pradesh - Ghaghara Basin,390.0,27.9,59.3,264.6,5.15,109.2,Agricultural,Sandy,1041.5,1,0,0
Odisha - Mahanadi Basin,311.2,31.4,72.0,440.1,4.49,478.3,Forest,Loam,874.5,0,0,0
Kerala - Periyar Basin,247.2,29.5,87.6,452.3,1.59,158.2,Urban,Loam,1483.7,1,0,0
Karnataka - Tungabhadra Basin,327.9,28.6,87.2,986.7,3.36,63.8,Forest,Silt,771.1,1,1,0
Gujarat - Narmada Basin,204.2,26.9,60.5,138.4,3.15,238.5,Urban,Clay,417.6,0,1,0
Andhra Pradesh - Krishna Basin,252.1,29.6,82.7,1178.4,2.46,31.5,Agricultural,Silt,914.3,0,1,1
Tamil Nadu - Cauvery Basin,80.5,35.2,81.1,331.5,0.36,681.9,Desert,Clay,22.8,0,1,0
Kerala - Periyar Basin,200.5,18.2,72.8,341.7,2.7,384.4,Urban,Silt,680.9,0,1,0
Punjab - Sutlej Basin,157.6,23.6,77.3,930.1,2.41,110.4,Agricultural,Loam,143.4,0,0,0
Punjab - Sutlej Basin,128.8,27.5,75.0,54.4,2.63,56.4,Forest,Clay,937.3,1,1,0
Uttar Pradesh - Ghaghara Basin,285.8,24.3,82.1,328.9,3.12,362.7,Agricultural,Loam,309.2,1,0,0
Odisha - Mahanadi Basin,241.7,27.0,43.2,410.7,4.11,97.3,Agricultural,Loam,524.8,1,1,0
Madhya Pradesh - Chambal Basin,458.7,28.2,87.2,396.1,1.17,551.2,Agricultural,Sandy,547.3,1,1,0
Punjab - Sutlej Basin,241.2,27.5,72.9,579.6,1.51,63.7,Agricultural,Sandy,734.0,0,1,1
Gujarat - Narmada Basin,173.7,28.1,64.5,152.2,1.87,510.3,Water Body,Loam,619.3,1,0,0
Punjab - Sutlej Basin,600.4,29.8,94.4,531.5,6.3,425.6,Forest,Clay,257.6,0,1,1
Gujarat - Narmada Basin,484.2,28.1,87.1,741.2,10.41,60.8,Agricultural,Sandy,679.2,1,0,0
Uttar Pradesh - Ghaghara Basin,158.0,30.1,62.7,347.6,3.79,44.8,Desert,Loam,259.5,1,0,0
Telangana - Godavari Basin,98.7,23.1,72.0,410.8,3.6,276.0,Agricultural,Sandy,904.0,0,0,0
Bihar - Kosi Basin,516.2,31.1,52.5,451.8,0.61,82.6,Agricultural,Sandy,640.5,0,0,1
Tamil Nadu - Cauvery Basin,406.0,25.8,66.9,297.4,7.39,116.2,Urban,Peat,476.9,1,0,0
Andhra Pradesh - Krishna Basin,38.9,24.8,96.9,308.5,6.5,52.6,Forest,Peat,1004.5,0,0,0
Tamil Nadu - Cauvery Basin,361.2,28.0,70.5,272.1,2.84,38.0,Agricultural,Clay,686.0,1,0,0
Punjab - Sutlej Basin,542.6,31.6,76.3,456.8,5.93,250.7,Urban,Loam,1340.4,1,1,1
Punjab - Sutlej Basin,224.4,21.4,74.8,514.3,4.19,269.1,Desert,Loam,857.9,0,1,1
Assam - Brahmaputra Basin,93.5,27.3,100.0,1062.9,1.36,173.4,Forest,Loam,982.6,1,0,0
Uttar Pradesh - Ghaghara Basin,369.5,36.3,64.0,335.8,9.6,316.3,Urban,Sandy,519.8,1,0,0
Assam - Brahmaputra Basin,339.4,26.7,71.2,429.9,6.28,130.0,Agricultural,Clay,316.3,0,0,0
Bihar - Kosi Basin,250.2,21.5,89.2,492.0,2.51,166.1,Desert,Clay,648.2,1,0,0
Maharashtra - Godavari Basin,217.0,29.7,61.6,565.2,4.6,217.4,Urban,Loam,1145.9,0,0,0
Assam - Brahmaputra Basin,277.9,32.0,83.1,808.2,3.89,361.6,Forest,Peat,1333.7,0,0,0
Rajasthan - Luni Basin,335.1,31.1,76.9,1466.1,4.02,73.1,Agricultural,Clay,191.6,0,0,1
Andhra Pradesh - Krishna Basin,270.9,33.6,68.8,348.7,2.92,47.8,Agricultural,Clay,688.1,0,0,0
Kerala - Periyar Basin,381.2,27.2,64.3,207.5,2.1,559.2,Forest,Sandy,940.8,1,1,0
Andhra Pradesh - Krishna Basin,267.0,27.3,75.2,308.9,5.86,67.4,Water Body,Loam,348.5,1,0,0
Punjab - Sutlej Basin,477.6,27.7,82.6,385.0,1.89,115.0,Agricultural,Loam,564.7,0,0,0
Assam - Brahmaputra Basin,347.9,26.2,56.5,69.5,6.37,52.8,Agricultural,Sandy,1485.1,1,1,0
Andhra Pradesh - Krishna Basin,277.6,22.6,78.9,83.1,8.3,109.5,Desert,Peat,1718.4,1,1,0
Maharashtra - Godavari Basin,201.6,28.3,83.0,345.0,6.39,57.1,Forest,Silt,1201.8,1,0,0
West Bengal - Ganga Delta,324.1,28.6,57.2,600.1,4.89,114.1,Agricultural,Loam,963.3,1,0,0
Odisha - Mahanadi Basin,210.9,26.5,56.3,131.3,0.64,109.3,Forest,Clay,180.8,0,0,0
Uttar Pradesh - Ghaghara Basin,156.0,32.6,78.8,120.7,13.24,130.6,Agricultural,Loam,511.0,1,0,0
Andhra Pradesh - Krishna Basin,244.7,28.1,83.6,180.3,2.72,201.3,Forest,Silt,195.8,1,0,0
Punjab - Sutlej Basin,159.8,30.9,52.1,682.4,6.98,141.0,Forest,Silt,524.2,1,0,0
Odisha - Mahanadi Basin,156.8,27.0,78.9,902.0,7.7,127.9,Forest,Sandy,618.8,0,0,0
Madhya Pradesh - Chambal Basin,147.1,18.0,87.7,149.0,4.86,169.6,Urban,Silt,1025.8,1,1,0
Andhra Pradesh - Krishna Basin,46.1,22.8,98.5,330.4,6.78,219.8,Desert,Peat,581.9,0,1,0
Bihar - Kosi Basin,292.6,35.7,63.0,899.6,5.23,312.4,Agricultural,Silt,333.5,0,1,1
Rajasthan - Luni Basin,545.4,23.9,66.8,213.7,2.64,60.7,Agricultural,Silt,1380.7,1,0,0
Karnataka - Tungabhadra Basin,86.7,33.7,84.1,577.8,2.91,9.4,Agricultural,Silt,468.7,0,0,0
West Bengal - Ganga Delta,305.3,31.5,71.2,454.2,2.34,37.9,Urban,Loam,493.1,1,0,0
West Bengal - Ganga Delta,559.6,31.3,87.6,126.2,6.11,18.4,Urban,Clay,543.9,1,1,0
Uttar Pradesh - Ghaghara Basin,228.1,28.6,80.6,370.4,3.45,119.9,Forest,Loam,655.1,0,0,0
Bihar - Kosi Basin,122.7,22.8,63.2,174.5,4.25,67.8,Agricultural,Loam,481.6,1,0,0
Assam - Brahmaputra Basin,151.5,26.0,100.0,357.4,4.31,481.1,Agricultural,Loam,739.9,1,1,0
Punjab - Sutlej Basin,268.3,32.7,66.3,651.7,6.51,289.6,Urban,Clay,716.3,1,1,0
West Bengal - Ganga Delta,194.8,26.7,52.6,153.4,5.74,487.0,Forest,Clay,1475.6,1,1,0
Andhra Pradesh - Krishna Basin,130.2,22.1,56.2,408.4,1.81,172.4,Agricultural,Sandy,1406.3,1,0,0
Andhra Pradesh - Krishna Basin,380.7,29.6,50.3,1731.8,2.03,286.9,Forest,Loam,2207.3,1,1,1
Gujarat - Narmada Basin,85.9,25.3,64.6,301.7,3.7,95.0,Agricultural,Sandy,540.3,0,1,1
Tamil Nadu - Cauvery Basin,109.5,29.8,65.4,905.9,4.23,91.6,Urban,Clay,628.2,1,1,0
Madhya Pradesh - Chambal Basin,217.6,23.8,62.5,1333.4,4.93,175.8,Urban,Sandy,489.0,1,1,1
Maharashtra - Godavari Basin,188.4,29.8,43.2,585.7,1.61,82.7,Urban,Silt,935.7,0,1,1
Bihar - Kosi Basin,250.9,24.6,92.8,222.4,2.47,323.4,Agricultural,Clay,669.3,1,1,0
Telangana - Godavari Basin,36.5,27.8,37.5,83.1,4.62,118.9,Urban,Sandy,1580.4,1,1,0
Assam - Brahmaputra Basin,262.7,33.5,55.9,160.8,3.31,134.9,Agricultural,Sandy,726.1,1,1,0
Punjab - Sutlej Basin,785.3,24.7,100.0,1030.3,1.12,95.0,Urban,Clay,515.5,1,0,1
West Bengal - Ganga Delta,66.4,23.3,77.3,1533.7,0.65,153.6,Urban,Loam,664.1,0,0,0
Telangana - Godavari Basin,585.8,27.6,54.8,356.6,1.82,115.4,Agricultural,Loam,160.7,1,0,0
Uttar Pradesh - Ghaghara Basin,172.8,28.7,47.0,252.9,5.46,231.9,Urban,Clay,587.0,0,0,0
Rajasthan - Luni Basin,75.5,27.9,86.5,47.6,6.64,318.4,Forest,Clay,410.4,1,0,0
Gujarat - Narmada Basin,900.0,23.2,91.3,510.2,6.66,48.9,Agricultural,Clay,905.1,1,0,1
Maharashtra - Godavari Basin,172.9,29.9,72.5,243.8,1.44,81.9,Agricultural,Clay,974.2,1,0,0
Uttar Pradesh - Ghaghara Basin,216.9,30.0,70.3,375.2,5.06,179.9,Agricultural,Sandy,316.1,0,0,0
Telangana - Godavari Basin,72.5,32.0,48.2,279.7,2.92,162.8,Forest,Loam,1349.0,0,0,0
Bihar - Kosi Basin,273.9,26.7,74.6,1183.7,4.9,354.1,Water Body,Sandy,435.3,1,0,1
West Bengal - Ganga Delta,128.7,32.4,63.4,904.9,3.72,215.0,Desert,Clay,120.6,0,1,1
Punjab - Sutlej Basin,188.8,28.5,71.5,219.2,5.88,215.0,Agricultural,Peat,952.4,0,1,0
Kerala - Periyar Basin,39.2,26.0,100.0,696.5,4.39,62.4,Forest,Silt,977.5,1,0,0
Gujarat - Narmada Basin,23.7,18.9,68.8,462.4,6.21,62.3,Agricultural,Clay,805.6,1,0,0
Punjab - Sutlej Basin,98.6,27.5,55.2,422.6,3.86,172.1,Forest,Silt,476.6,1,1,0
Punjab - Sutlej Basin,42.5,27.6,60.3,516.5,9.29,211.4,Forest,Silt,1237.0,0,0,0
Rajasthan - Luni Basin,137.6,22.3,100.0,139.8,4.51,25.0,Agricultural,Clay,421.0,1,1,0
Uttar Pradesh - Ghaghara Basin,217.1,30.7,74.4,491.5,9.46,302.9,Urban,Loam,694.0,1,0,0
Andhra Pradesh - Krishna Basin,59.0,28.0,55.7,61.5,2.22,197.2,Forest,Loam,736.3,1,0,0
Maharashtra - Godavari Basin,255.6,32.0,62.4,203.0,2.69,321.6,Forest,Sandy,927.7,0,1,0
Assam - Brahmaputra Basin,43.5,26.4,73.3,1069.3,3.15,224.0,Agricultural,Loam,347.4,0,1,1
Odisha - Mahanadi Basin,317.8,28.2,57.3,461.7,7.2,296.9,Agricultural,Silt,1226.1,1,1,0
Madhya Pradesh - Chambal Basin,166.1,26.1,80.2,148.1,2.24,63.2,Forest,Clay,1823.3,1,0,0
Uttar Pradesh - Ghaghara Basin,88.1,28.2,40.3,117.1,7.71,93.1,Desert,Clay,868.0,1,1,0
West Bengal - Ganga Delta,242.2,28.3,78.9,41.7,6.53,270.9,Forest,Sandy,231.5,1,0,0
Assam - Brahmaputra Basin,35.9,25.5,46.7,245.2,5.52,214.2,Agricultural,Peat,1119.0,0,0,0
West Bengal - Ganga Delta,138.7,33.9,69.0,135.0,5.87,645.7,Urban,Sandy,197.7,0,0,0
Uttar Pradesh - Ghaghara Basin,69.3,27.6,67.3,743.9,1.41,58.7,Forest,Clay,211.8,0,1,0
Karnataka - Tungabhadra Basin,475.1,24.5,89.1,139.2,6.55,518.6,Agricultural,Clay,694.3,0,1,1
Gujarat - Narmada Basin,348.1,28.4,73.0,284.8,3.38,74.4,Forest,Sandy,429.4,1,0,0
Uttar Pradesh - Ghaghara Basin,841.8,24.7,82.2,332.1,4.19,60.3,Agricultural,Sandy,976.9,0,0,1
Gujarat - Narmada Basin,296.6,31.7,72.8,729.7,3.82,382.0,Agricultural,Clay,315.9,1,1,0
Tamil Nadu - Cauvery Basin,39.4,24.7,64.8,663.4,3.06,46.5,Forest,Loam,1958.5,0,0,0
Bihar - Kosi Basin,398.3,36.8,59.1,612.2,1.06,51.5,Desert,Loam,257.3,1,1,0
Tamil Nadu - Cauvery Basin,290.7,32.8,91.5,1094.0,1.1,417.2,Agricultural,Loam,457.8,0,0,0
Uttar Pradesh - Ghaghara Basin,155.5,26.6,72.7,109.0,4.04,212.8,Urban,Clay,322.9,1,1,0
Andhra Pradesh - Krishna Basin,131.3,30.8,76.9,418.9,2.45,302.5,Water Body,Sandy,859.8,0,0,0
Uttar Pradesh - Ghaghara Basin,141.9,37.6,77.4,162.3,7.29,87.2,Urban,Loam,318.3,0,0,0
Assam - Brahmaputra Basin,393.8,28.4,61.2,165.2,2.66,162.6,Forest,Peat,889.8,1,0,0
Kerala - Periyar Basin,562.2,25.4,51.2,1032.8,2.94,205.7,Urban,Loam,971.7,1,1,1
Karnataka - Tungabhadra Basin,138.2,30.4,67.8,427.6,7.56,90.6,Agricultural,Clay,800.4,1,1,0
Punjab - Sutlej Basin,470.9,22.9,98.3,90.5,7.82,172.6,Water Body,Clay,918.0,0,1,1
Bihar - Kosi Basin,900.0,26.6,62.8,155.2,2.58,109.4,Urban,Loam,949.6,0,1,1
Tamil Nadu - Cauvery Basin,502.1,34.8,68.0,391.0,3.52,182.9,Forest,Clay,1489.9,1,1,0
Odisha - Mahanadi Basin,502.1,27.6,92.3,183.3,2.88,18.3,Agricultural,Clay,445.3,0,0,1
Odisha - Mahanadi Basin,225.5,22.0,72.8,341.2,5.2,341.3,Agricultural,Loam,1090.6,1,0,0
Gujarat - Narmada Basin,114.1,35.7,58.2,901.4,6.31,465.8,Agricultural,Sandy,824.4,0,1,1
Tamil Nadu - Cauvery Basin,79.3,31.7,74.2,449.8,5.53,61.3,Urban,Sandy,1352.3,1,0,0
West Bengal - Ganga Delta,296.5,33.0,72.1,166.1,2.73,352.5,Agricultural,Loam,614.9,1,0,0
Uttar Pradesh - Ghaghara Basin,560.5,29.2,71.9,212.4,3.56,222.0,Water Body,Clay,459.6,0,0,1
Uttar Pradesh - Ghaghara Basin,100.7,30.2,80.9,1075.6,7.5,56.2,Urban,Loam,133.8,1,1,0
Maharashtra - Godavari Basin,356.1,31.6,66.2,1326.3,4.12,133.6,Water Body,Loam,468.6,1,0,1
Madhya Pradesh - Chambal Basin,84.6,30.4,81.4,835.6,1.01,200.3,Agricultural,Sandy,856.8,0,0,0
Odisha - Mahanadi Basin,165.2,29.2,45.6,661.2,3.35,26.3,Water Body,Loam,591.9,0,1,1
Uttar Pradesh - Ghaghara Basin,91.1,29.9,61.9,1196.2,2.67,78.9,Agricultural,Clay,507.9,0,1,0
Punjab - Sutlej Basin,316.0,27.7,78.9,1017.6,5.23,161.8,Water Body,Silt,94.7,1,1,1
Maharashtra - Godavari Basin,237.5,31.1,82.4,950.9,4.92,507.9,Agricultural,Clay,913.6,0,1,1
Karnataka - Tungabhadra Basin,21.3,27.7,65.4,547.5,5.54,46.3,Urban,Clay,156.3,0,0,0
Assam - Brahmaputra Basin,52.0,24.0,89.0,832.7,5.6,297.7,Water Body,Silt,224.4,1,1,0
Telangana - Godavari Basin,246.8,25.5,65.8,842.6,6.84,107.1,Forest,Silt,571.3,1,0,0
Andhra Pradesh - Krishna Basin,357.9,29.0,46.3,654.7,4.93,226.6,Agricultural,Sandy,323.0,0,0,0
Telangana - Godavari Basin,278.4,28.1,62.4,396.7,2.05,247.6,Water Body,Loam,734.8,1,1,0
West Bengal - Ganga Delta,388.4,29.5,75.5,197.3,8.53,92.6,Desert,Loam,90.0,1,1,0
Uttar Pradesh - Ghaghara Basin,155.0,29.1,61.0,202.9,6.28,184.9,Forest,Sandy,711.6,1,1,0
West Bengal - Ganga Delta,297.3,19.0,68.5,1255.2,5.16,192.7,Desert,Sandy,381.6,1,0,0
Madhya Pradesh - Chambal Basin,32.2,27.3,61.3,340.4,4.2,133.2,Urban,Clay,244.7,0,0,0
West Bengal - Ganga Delta,306.0,33.2,77.6,818.7,2.74,205.3,Agricultural,Peat,88.6,1,1,0
Assam - Brahmaputra Basin,53.2,21.5,77.2,922.8,3.0,10.0,Urban,Sandy,504.0,0,0,0
Gujarat - Narmada Basin,85.9,23.8,46.2,229.3,2.69,104.0,Desert,Clay,1106.1,0,0,0
Assam - Brahmaputra Basin,116.6,28.8,55.5,324.0,1.04,343.6,Desert,Loam,1444.5,0,1,0
Karnataka - Tungabhadra Basin,374.4,31.2,53.1,662.7,4.09,73.6,Agricultural,Loam,762.6,0,1,1
Punjab - Sutlej Basin,128.1,25.4,64.6,1590.1,3.87,92.7,Desert,Sandy,669.7,1,1,0
Punjab - Sutlej Basin,175.3,26.4,93.7,322.4,2.66,9.0,Desert,Clay,155.2,0,0,0
Uttar Pradesh - Ghaghara Basin,60.1,29.6,88.2,297.9,9.64,235.6,Agricultural,Loam,113.4,1,0,0
Kerala - Periyar Basin,242.1,29.2,63.8,347.1,12.48,95.9,Urban,Clay,215.2,0,0,1
Madhya Pradesh - Chambal Basin,377.1,35.9,59.7,1309.3,2.62,249.5,Urban,Clay,1099.9,0,0,1
Odisha - Mahanadi Basin,431.7,20.0,67.7,229.7,1.32,206.2,Urban,Sandy,1192.9,0,0,0
Bihar - Kosi Basin,129.2,30.4,89.7,1122.1,3.56,104.1,Forest,Loam,1445.2,1,1,0
Madhya Pradesh - Chambal Basin,334.3,35.0,49.4,28.0,5.5,115.8,Desert,Clay,233.7,0,0,0
Telangana - Godavari Basin,313.6,26.3,71.4,404.8,2.07,249.9,Agricultural,Silt,538.8,0,0,0
Odisha - Mahanadi Basin,77.0,18.0,83.1,486.2,9.0,153.4,Urban,Sandy,2294.8,0,1,1
Telangana - Godavari Basin,187.1,23.5,71.0,243.7,1.81,240.9,Agricultural,Clay,252.4,0,0,0
Bihar - Kosi Basin,700.1,29.5,67.0,478.8,2.31,67.9,Urban,Clay,859.0,1,1,1
Bihar - Kosi Basin,216.2,27.2,71.3,963.6,1.71,155.3,Urban,Loam,612.6,1,0,0
Madhya Pradesh - Chambal Basin,220.8,34.1,71.5,464.9,3.95,146.6,Agricultural,Clay,1525.9,0,1,1
Tamil Nadu - Cauvery Basin,246.4,28.6,89.1,1354.1,4.61,50.7,Urban,Silt,651.8,1,1,1
Kerala - Periyar Basin,132.1,28.0,96.4,204.9,3.22,268.5,Forest,Loam,175.4,1,0,0
West Bengal - Ganga Delta,134.8,32.5,62.7,549.7,4.86,200.0,Agricultural,Loam,391.2,1,1,0
Andhra Pradesh - Krishna Basin,109.8,24.6,91.3,1191.2,0.68,161.0,Desert,Loam,420.7,1,1,0
Madhya Pradesh - Chambal Basin,257.9,21.5,85.3,153.4,3.98,194.2,Forest,Clay,158.3,0,1,0
Andhra Pradesh - Krishna Basin,366.5,26.3,76.8,326.1,4.3,147.8,Desert,Peat,1069.2,0,0,1
West Bengal - Ganga Delta,900.0,33.4,72.8,757.4,4.86,116.2,Desert,Loam,788.9,0,1,1
Gujarat - Narmada Basin,649.0,24.1,54.8,339.8,6.2,182.5,Water Body,Silt,446.3,0,1,1
Gujarat - Narmada Basin,194.9,23.0,76.3,661.0,2.74,296.3,Forest,Sandy,309.2,1,0,0
Uttar Pradesh - Ghaghara Basin,101.2,28.5,52.8,297.2,14.22,556.0,Agricultural,Loam,468.3,0,0,0
Rajasthan - Luni Basin,393.2,31.8,84.3,527.5,0.89,55.7,Forest,Clay,220.9,0,1,1
West Bengal - Ganga Delta,295.6,25.9,56.3,950.1,2.97,70.5,Agricultural,Silt,356.3,0,1,1
Tamil Nadu - Cauvery Basin,108.8,33.0,73.7,690.9,5.23,333.4,Desert,Sandy,564.5,0,1,0
Tamil Nadu - Cauvery Basin,255.6,22.2,66.9,164.0,7.17,245.5,Agricultural,Loam,135.6,0,1,1
Bihar - Kosi Basin,79.1,25.9,77.1,113.9,1.15,40.4,Urban,Clay,450.2,0,1,1
Assam - Brahmaputra Basin,488.9,25.1,100.0,1322.7,5.27,75.8,Urban,Sandy,395.7,1,0,1
Tamil Nadu - Cauvery Basin,552.4,30.8,81.2,650.4,3.28,176.2,Agricultural,Peat,304.0,1,0,0
Kerala - Periyar Basin,249.6,31.2,66.5,409.8,2.92,480.4,Urban,Sandy,106.1,1,0,0
Rajasthan - Luni Basin,70.2,25.0,82.9,138.3,1.65,54.2,Forest,Loam,568.9,0,1,0
Telangana - Godavari Basin,390.1,22.8,91.9,944.7,11.42,398.7,Forest,Silt,79.8,0,0,1
Maharashtra - Godavari Basin,284.3,26.6,59.1,2.2,2.07,209.6,Agricultural,Sandy,290.2,1,0,0
West Bengal - Ganga Delta,268.0,16.9,51.5,582.8,6.33,451.2,Agricultural,Silt,751.5,1,1,0
Andhra Pradesh - Krishna Basin,231.8,27.8,65.6,163.7,4.14,614.0,Forest,Clay,454.1,0,0,0
Uttar Pradesh - Ghaghara Basin,327.1,29.4,78.6,580.8,13.98,167.5,Water Body,Peat,1897.7,1,0,1
Tamil Nadu - Cauvery Basin,272.6,27.5,76.3,367.8,4.3,269.6,Water Body,Silt,1895.0,0,0,1
Bihar - Kosi Basin,110.5,30.6,81.1,512.0,4.86,314.5,Agricultural,Clay,1998.8,1,0,0
Kerala - Periyar Basin,447.3,25.3,86.2,313.6,3.79,188.2,Forest,Loam,924.5,1,1,0
Uttar Pradesh - Ghaghara Basin,159.0,25.2,70.3,131.1,3.97,88.8,Forest,Peat,1041.0,1,1,0
Bihar - Kosi Basin,196.9,29.2,76.7,131.7,8.76,202.5,Forest,Sandy,467.3,1,0,0
Karnataka - Tungabhadra Basin,502.7,24.7,92.0,927.9,3.5,283.7,Forest,Silt,945.8,1,1,1
Bihar - Kosi Basin,260.3,28.4,89.4,67.7,3.61,81.3,Forest,Silt,938.0,1,1,0
Punjab - Sutlej Basin,126.3,26.6,60.2,599.4,9.14,53.7,Agricultural,Loam,993.1,1,1,0
West Bengal - Ganga Delta,691.5,25.9,77.5,279.5,2.69,51.5,Agricultural,Silt,352.1,0,0,0
Uttar Pradesh - Ghaghara Basin,94.4,33.7,73.9,501.3,10.56,138.5,Urban,Sandy,1581.1,0,1,1
West Bengal - Ganga Delta,169.8,27.0,43.9,903.5,3.19,94.8,Agricultural,Sandy,367.5,1,0,0
Maharashtra - Godavari Basin,353.2,29.6,95.2,266.5,3.86,161.4,Urban,Loam,545.7,1,1,0
Kerala - Periyar Basin,424.9,32.9,64.6,378.8,3.76,69.7,Urban,Peat,510.6,1,0,0
Madhya Pradesh - Chambal Basin,377.8,28.1,82.5,1527.6,0.53,210.0,Agricultural,Silt,1749.5,1,0,0
Bihar - Kosi Basin,141.7,25.5,59.4,711.7,6.54,29.1,Agricultural,Silt,40.5,0,1,1
Maharashtra - Godavari Basin,138.6,22.9,60.2,1701.5,3.98,418.8,Agricultural,Peat,260.9,1,1,0
Odisha - Mahanadi Basin,410.0,33.4,65.6,227.2,3.76,542.6,Urban,Sandy,1042.4,0,1,1
Tamil Nadu - Cauvery Basin,290.8,28.6,96.2,808.6,4.01,224.2,Agricultural,Sandy,1091.5,1,0,0
Rajasthan - Luni Basin,421.0,23.5,92.4,135.0,11.68,269.7,Urban,Silt,297.5,1,1,1
Assam - Brahmaputra Basin,302.7,26.1,71.2,602.4,10.1,273.9,Agricultural,Clay,249.5,1,0,0
Assam - Brahmaputra Basin,93.5,28.1,68.9,198.0,6.8,76.3,Desert,Clay,589.1,1,0,0
Odisha - Mahanadi Basin,654.4,30.8,66.8,502.8,2.93,542.3,Water Body,Loam,445.6,1,0,0
Andhra Pradesh - Krishna Basin,269.8,25.8,95.1,965.3,8.74,37.1,Agricultural,Peat,1246.9,1,0,1
Karnataka - Tungabhadra Basin,169.3,34.0,70.4,139.5,7.19,155.1,Urban,Sandy,228.8,1,1,0
Assam - Brahmaputra Basin,248.0,27.8,52.9,706.7,3.76,384.0,Desert,Clay,456.6,1,0,0
Punjab - Sutlej Basin,191.4,28.9,60.0,255.3,3.16,163.6,Forest,Silt,182.8,0,1,0
Maharashtra - Godavari Basin,205.1,30.2,88.7,144.0,7.7,128.2,Water Body,Loam,513.9,1,1,0
Uttar Pradesh - Ghaghara Basin,256.3,29.7,75.9,136.6,0.92,191.5,Urban,Clay,1127.1,1,1,0
Punjab - Sutlej Basin,465.3,25.2,78.6,798.8,8.11,102.1,Agricultural,Silt,350.2,0,0,1
Uttar Pradesh - Ghaghara Basin,387.4,34.7,80.4,403.8,0.35,392.4,Agricultural,Loam,96.1,0,0,0
Maharashtra - Godavari Basin,246.1,30.1,50.0,170.1,2.65,190.3,Agricultural,Peat,1211.9,0,1,0
Kerala - Periyar Basin,223.9,34.7,62.7,420.5,8.91,86.3,Forest,Clay,772.5,1,1,0
Kerala - Periyar Basin,298.1,33.0,78.2,1072.4,6.05,7.9,Agricultural,Peat,1282.4,1,1,1
Odisha - Mahanadi Basin,425.6,27.2,81.8,343.6,6.95,69.3,Urban,Clay,795.5,0,1,1
Punjab - Sutlej Basin,111.1,33.3,88.2,164.3,1.04,52.3,Agricultural,Silt,730.0,0,1,0
Madhya Pradesh - Chambal Basin,514.5,26.8,88.0,514.1,5.36,85.1,Desert,Loam,1738.9,1,0,0
Odisha - Mahanadi Basin,176.7,31.0,87.9,605.4,2.4,80.2,Urban,Clay,417.6,1,1,0
Assam - Brahmaputra Basin,110.5,30.3,56.7,885.5,2.5,129.4,Urban,Silt,1357.3,0,0,0
Punjab - Sutlej Basin,85.7,35.9,49.1,699.5,6.64,453.1,Water Body,Peat,976.5,1,0,0
Tamil Nadu - Cauvery Basin,140.4,24.9,90.9,295.3,0.84,25.0,Desert,Sandy,585.7,0,1,0
Telangana - Godavari Basin,362.5,30.1,82.1,519.7,5.76,112.0,Urban,Clay,661.6,1,1,1
Rajasthan - Luni Basin,379.9,24.3,78.1,101.7,2.7,154.9,Agricultural,Clay,1910.2,0,1,1
Maharashtra - Godavari Basin,473.2,24.0,62.5,342.7,10.62,47.5,Agricultural,Clay,621.1,0,0,1
Andhra Pradesh - Krishna Basin,894.4,29.6,58.8,1351.8,5.48,297.3,Agricultural,Sandy,893.2,1,1,1
Assam - Brahmaputra Basin,192.8,35.8,69.7,218.9,3.71,78.8,Agricultural,Sandy,175.7,1,1,0
Punjab - Sutlej Basin,204.7,28.9,75.3,736.7,3.93,60.3,Agricultural,Sandy,800.6,1,0,0
Tamil Nadu - Cauvery Basin,79.1,29.5,84.9,554.0,1.93,172.5,Agricultural,Clay,140.6,1,0,0
Kerala - Periyar Basin,360.6,23.1,84.1,36.1,4.84,456.1,Desert,Sandy,241.1,0,0,0
Madhya Pradesh - Chambal Basin,273.1,32.9,63.1,127.5,2.75,114.8,Agricultural,Sandy,1605.8,1,1,0
Uttar Pradesh - Ghaghara Basin,176.9,28.6,60.4,80.5,3.56,150.7,Forest,Loam,439.6,1,1,0
West Bengal - Ganga Delta,733.3,31.1,71.8,169.4,2.65,116.1,Forest,Clay,425.6,0,1,1
West Bengal - Ganga Delta,327.5,24.4,82.8,509.3,2.33,157.5,Forest,Loam,674.5,1,1,0
Tamil Nadu - Cauvery Basin,163.6,34.3,70.6,626.9,2.74,241.2,Agricultural,Sandy,1008.1,1,0,0
Madhya Pradesh - Chambal Basin,556.5,33.7,62.8,712.7,3.59,142.4,Urban,Peat,797.3,1,1,0
Tamil Nadu - Cauvery Basin,288.2,28.9,50.6,348.7,4.51,246.8,Desert,Clay,656.8,1,0,0
Kerala - Periyar Basin,384.2,21.9,79.8,814.1,0.55,149.3,Agricultural,Loam,775.7,0,1,1
Bihar - Kosi Basin,256.4,24.3,60.6,313.4,2.75,59.3,Agricultural,Sandy,652.1,0,1,1
Telangana - Godavari Basin,248.0,31.7,84.8,1385.4,2.91,291.4,Forest,Loam,547.3,1,0,0
Kerala - Periyar Basin,638.1,28.1,74.8,787.2,1.59,212.1,Urban,Clay,69.1,0,0,1
Madhya Pradesh - Chambal Basin,246.2,29.5,59.3,1015.5,3.35,248.0,Forest,Sandy,458.5,1,1,0
Assam - Brahmaputra Basin,58.7,30.2,58.5,148.9,2.73,134.1,Urban,Peat,1804.9,1,0,0
Andhra Pradesh - Krishna Basin,315.7,28.7,100.0,185.7,7.98,96.0,Forest,Sandy,1734.7,1,1,0
Maharashtra - Godavari Basin,669.3,31.0,88.5,406.3,9.76,95.2,Desert,Loam,152.4,1,0,0
Gujarat - Narmada Basin,277.8,30.5,89.1,595.6,3.06,149.1,Forest,Silt,191.8,1,1,0
West Bengal - Ganga Delta,97.7,34.7,63.3,302.1,4.08,58.4,Urban,Loam,671.6,1,0,0
Andhra Pradesh - Krishna Basin,204.0,31.4,72.9,1651.9,4.34,203.4,Agricultural,Sandy,1154.8,0,1,1
Assam - Brahmaputra Basin,114.4,29.8,66.6,366.5,3.06,126.2,Urban,Silt,245.6,0,0,0
Kerala - Periyar Basin,76.2,34.1,72.8,78.2,5.81,314.1,Forest,Loam,646.0,1,1,0
Tamil Nadu - Cauvery Basin,252.9,26.3,71.0,500.7,2.37,243.2,Agricultural,Loam,187.8,1,0,0
Karnataka - Tungabhadra Basin,312.6,18.8,72.5,21.5,7.55,225.3,Agricultural,Silt,243.6,1,0,0
Tamil Nadu - Cauvery Basin,177.2,28.6,69.8,458.0,5.6,280.9,Urban,Clay,447.0,1,1,0
Madhya Pradesh - Chambal Basin,146.4,22.5,71.5,225.6,1.19,339.6,Urban,Sandy,64.5,0,0,0
Maharashtra - Godavari Basin,382.1,29.8,81.5,319.3,5.67,139.1,Forest,Loam,756.1,1,1,0
Andhra Pradesh - Krishna Basin,391.6,24.9,56.0,82.8,4.09,93.2,Urban,Silt,1137.9,1,1,0
Tamil Nadu - Cauvery Basin,71.4,19.4,63.9,169.1,7.77,30.6,Urban,Loam,410.6,0,1,1
Madhya Pradesh - Chambal Basin,195.1,33.3,58.3,663.0,9.19,385.0,Forest,Silt,706.5,1,0,0
Kerala - Periyar Basin,386.9,36.1,43.5,268.4,3.52,445.3,Agricultural,Silt,366.8,0,0,0
Assam - Brahmaputra Basin,296.7,26.7,64.7,696.1,3.12,170.6,Desert,Silt,298.3,1,0,0
Andhra Pradesh - Krishna Basin,222.7,27.7,97.2,450.1,10.13,409.4,Urban,Sandy,803.9,0,0,1
Punjab - Sutlej Basin,417.8,28.7,77.1,76.9,4.01,46.9,Forest,Loam,544.6,0,0,0
Uttar Pradesh - Ghaghara Basin,199.7,30.5,80.1,62.4,4.48,69.6,Agricultural,Loam,358.1,0,1,0
Punjab - Sutlej Basin,239.3,26.5,81.7,244.2,3.13,279.6,Water Body,Clay,659.6,1,0,0
Kerala - Periyar Basin,113.0,27.7,86.4,1216.7,8.46,184.6,Agricultural,Loam,473.7,0,0,1
West Bengal - Ganga Delta,638.5,26.1,80.3,684.0,4.43,54.4,Urban,Sandy,538.0,0,1,1
Karnataka - Tungabhadra Basin,69.6,31.4,44.0,683.7,0.44,271.5,Water Body,Loam,709.5,1,1,1
Rajasthan - Luni Basin,235.8,22.2,27.2,330.0,2.29,199.2,Agricultural,Loam,471.5,0,0,0
Maharashtra - Godavari Basin,876.5,26.5,64.9,147.1,8.17,161.6,Urban,Silt,154.2,1,1,1
Assam - Brahmaputra Basin,222.4,22.1,87.1,173.1,3.14,228.7,Forest,Sandy,331.5,1,0,0
Karnataka - Tungabhadra Basin,247.9,27.0,95.5,738.7,1.87,580.7,Agricultural,Sandy,2033.7,1,1,0
Assam - Brahmaputra Basin,93.2,43.1,88.5,570.6,5.04,115.5,Urban,Loam,140.5,1,0,0
Andhra Pradesh - Krishna Basin,239.0,26.2,82.1,145.8,2.89,231.8,Urban,Loam,737.1,1,1,0
Telangana - Godavari Basin,236.6,29.9,74.9,188.0,2.76,153.1,Water Body,Silt,672.7,0,0,0
Maharashtra - Godavari Basin,129.5,26.3,64.8,746.5,0.82,180.4,Desert,Peat,253.9,1,0,0
Karnataka - Tungabhadra Basin,20.6,21.5,63.3,344.8,3.36,259.9,Agricultural,Loam,1088.4,1,1,0
Telangana - Godavari Basin,233.8,30.0,76.8,419.9,1.7,51.1,Water Body,Peat,604.0,0,0,0
Gujarat - Narmada Basin,90.9,24.4,90.9,146.6,2.41,48.0,Agricultural,Sandy,159.8,1,0,0
Assam - Brahmaputra Basin,104.7,31.4,60.8,519.7,5.87,224.5,Urban,Sandy,1557.6,1,0,0
Maharashtra - Godavari Basin,224.1,30.1,76.5,526.2,22.58,192.9,Desert,Sandy,685.9,1,1,1
Kerala - Periyar Basin,350.4,26.3,65.7,136.0,2.3,101.0,Forest,Silt,1318.9,1,0,0
Gujarat - Narmada Basin,526.0,29.7,84.1,411.1,3.67,127.5,Agricultural,Sandy,1395.0,1,1,0
Punjab - Sutlej Basin,474.7,30.7,53.8,1186.9,5.69,90.5,Urban,Sandy,647.5,1,0,1
Telangana - Godavari Basin,142.5,28.0,80.8,143.3,5.66,23.7,Agricultural,Clay,618.9,0,1,1
Odisha - Mahanadi Basin,163.0,27.4,55.1,249.9,5.08,398.2,Desert,Clay,321.8,1,1,0
Bihar - Kosi Basin,184.5,29.6,56.0,474.0,6.43,192.7,Agricultural,Sandy,346.2,0,1,0
Uttar Pradesh - Ghaghara Basin,337.4,25.4,48.1,458.3,2.38,88.6,Agricultural,Clay,1618.8,1,0,0
Odisha - Mahanadi Basin,88.4,29.2,76.3,959.2,4.71,194.4,Urban,Clay,359.7,1,1,0
Tamil Nadu - Cauvery Basin,201.0,36.5,86.6,633.0,1.92,47.5,Water Body,Clay,1230.3,0,0,1
Maharashtra - Godavari Basin,125.2,31.8,76.5,492.7,2.34,185.7,Forest,Peat,1026.7,0,1,0
Telangana - Godavari Basin,91.5,30.2,72.1,875.0,5.96,371.1,Water Body,Peat,496.2,0,0,0
Kerala - Periyar Basin,163.0,28.9,67.6,31.4,9.69,293.0,Agricultural,Sandy,435.9,1,0,0
Uttar Pradesh - Ghaghara Basin,144.0,28.6,90.8,461.2,3.45,119.6,Water Body,Clay,1133.4,0,0,1
Maharashtra - Godavari Basin,33.6,21.7,57.4,256.8,1.92,185.2,Urban,Silt,1713.3,1,0,0
Rajasthan - Luni Basin,101.7,32.7,58.5,799.9,2.7,269.3,Desert,Silt,148.8,0,1,1
Gujarat - Narmada Basin,171.0,30.1,82.0,578.9,5.74,107.1,Agricultural,Silt,995.0,1,1,0
Telangana - Godavari Basin,136.4,19.5,88.1,311.9,1.9,67.6,Urban,Clay,707.2,0,1,1
Punjab - Sutlej Basin,228.0,28.6,45.6,988.7,5.81,181.6,Forest,Sandy,731.1,1,1,0
Madhya Pradesh - Chambal Basin,69.6,25.7,62.5,799.2,6.08,297.7,Agricultural,Loam,1040.6,0,0,0
Andhra Pradesh - Krishna Basin,89.2,23.2,74.9,618.0,3.67,149.4,Forest,Loam,437.3,0,0,0
Kerala - Periyar Basin,36.3,29.0,80.1,93.7,3.57,326.2,Forest,Peat,221.3,0,1,0
Telangana - Godavari Basin,96.2,23.1,89.6,142.0,13.13,32.2,Agricultural,Clay,518.1,0,0,0
Maharashtra - Godavari Basin,227.0,31.1,68.0,305.5,5.95,106.2,Urban,Clay,778.2,0,1,1
Gujarat - Narmada Basin,124.3,30.4,65.5,201.3,7.98,44.4,Forest,Silt,436.6,1,0,0
Telangana - Godavari Basin,269.7,33.1,71.0,724.8,2.09,7.9,Agricultural,Clay,443.9,0,0,0
Tamil Nadu - Cauvery Basin,80.0,30.7,82.4,422.2,4.11,179.3,Agricultural,Sandy,45.6,1,0,0
Karnataka - Tungabhadra Basin,456.1,31.4,94.0,773.6,5.72,103.1,Water Body,Clay,334.6,1,0,1
West Bengal - Ganga Delta,159.1,27.1,75.7,513.0,4.59,182.7,Agricultural,Sandy,356.5,1,1,0
Assam - Brahmaputra Basin,201.8,25.0,83.8,1017.9,2.4,76.4,Desert,Loam,141.6,1,1,1
Punjab - Sutlej Basin,269.6,27.1,73.2,656.9,4.62,109.3,Agricultural,Sandy,318.3,0,0,1
Uttar Pradesh - Ghaghara Basin,370.5,28.3,65.0,679.2,5.91,164.2,Urban,Loam,1031.0,1,0,0
Andhra Pradesh - Krishna Basin,254.2,24.0,64.3,80.8,6.18,247.1,Agricultural,Sandy,111.6,1,0,0
Bihar - Kosi Basin,220.6,35.3,69.7,270.1,5.76,298.7,Forest,Silt,529.0,1,1,0
Uttar Pradesh - Ghaghara Basin,190.0,30.2,73.7,104.5,2.74,241.0,Urban,Sandy,681.5,0,0,0
Odisha - Mahanadi Basin,433.8,22.9,94.9,309.7,2.38,131.2,Agricultural,Loam,1074.7,0,0,0
Rajasthan - Luni Basin,292.7,20.7,91.9,283.9,3.64,121.2,Forest,Silt,976.1,0,0,0
Bihar - Kosi Basin,118.9,25.9,47.8,484.1,3.62,304.6,Urban,Clay,117.9,0,0,0
Assam - Brahmaputra Basin,57.9,25.6,54.9,1879.9,4.23,193.4,Agricultural,Sandy,1255.2,1,1,1
Rajasthan - Luni Basin,55.3,24.8,70.6,464.9,1.92,26.3,Desert,Silt,1560.9,1,0,0
Odisha - Mahanadi Basin,311.2,28.2,67.4,50.8,1.67,564.0,Urban,Silt,786.8,1,0,0
Bihar - Kosi Basin,237.0,29.1,85.1,177.6,2.57,167.1,Agricultural,Loam,1115.8,1,1,0
Odisha - Mahanadi Basin,429.2,25.1,39.6,186.0,3.19,32.9,Forest,Sandy,2799.7,1,0,0
Madhya Pradesh - Chambal Basin,207.5,31.2,86.3,418.7,1.63,221.0,Agricultural,Silt,1390.5,0,1,1
Odisha - Mahanadi Basin,826.6,29.2,43.3,320.1,12.97,64.0,Agricultural,Clay,436.9,0,1,1
West Bengal - Ganga Delta,241.5,25.3,83.9,449.8,2.87,271.5,Forest,Loam,812.8,0,1,1
Karnataka - Tungabhadra Basin,521.2,25.7,79.4,93.0,4.4,127.5,Agricultural,Silt,970.3,0,0,0
Telangana - Godavari Basin,193.2,32.0,69.0,708.9,2.37,94.0,Desert,Silt,106.4,0,1,0
Telangana - Godavari Basin,149.8,32.1,70.1,493.8,3.45,62.3,Urban,Clay,852.0,0,0,1
Karnataka - Tungabhadra Basin,207.5,30.9,76.4,201.1,11.54,149.7,Agricultural,Silt,432.1,0,1,1
West Bengal - Ganga Delta,345.4,23.9,45.7,57.2,3.06,181.1,Water Body,Silt,917.9,0,0,0
Odisha - Mahanadi Basin,208.2,24.4,84.0,230.1,1.9,220.7,Desert,Loam,1323.2,0,0,0
Tamil Nadu - Cauvery Basin,217.6,27.6,83.1,267.1,5.15,72.6,Agricultural,Loam,1816.4,1,0,0
Andhra Pradesh - Krishna Basin,77.4,35.9,78.3,1397.2,3.72,144.4,Water Body,Clay,383.5,1,1,1
Tamil Nadu - Cauvery Basin,191.2,26.1,55.4,738.1,4.49,74.7,Agricultural,Clay,837.7,1,1,0
Andhra Pradesh - Krishna Basin,146.1,31.4,62.9,205.3,2.5,76.9,Agricultural,Peat,765.0,1,1,0
Odisha - Mahanadi Basin,252.9,24.3,73.1,852.5,3.01,127.0,Urban,Silt,795.8,1,1,0
Tamil Nadu - Cauvery Basin,197.0,27.6,81.2,132.6,6.57,135.6,Desert,Clay,539.3,1,0,0
Uttar Pradesh - Ghaghara Basin,335.4,31.1,80.2,203.4,7.02,153.0,Desert,Loam,2070.1,1,1,1
West Bengal - Ganga Delta,68.8,29.3,55.1,529.6,5.88,280.0,Agricultural,Clay,129.9,0,1,0
Kerala - Periyar Basin,670.9,24.8,53.4,551.9,4.53,55.6,Forest,Silt,792.5,1,0,0
West Bengal - Ganga Delta,135.1,25.5,49.3,568.6,0.8,358.5,Forest,Silt,337.2,0,0,0
Rajasthan - Luni Basin,115.7,34.6,73.7,341.3,1.78,55.0,Urban,Clay,502.5,1,1,0
Rajasthan - Luni Basin,235.8,23.6,52.3,707.4,1.96,8.3,Forest,Silt,101.0,1,0,0
Punjab - Sutlej Basin,407.3,24.7,52.9,738.2,1.69,134.1,Forest,Sandy,1025.7,0,1,1
Punjab - Sutlej Basin,120.0,25.9,79.2,669.4,1.63,82.8,Water Body,Clay,1885.6,0,1,1
Andhra Pradesh - Krishna Basin,218.8,20.9,65.4,186.3,3.23,290.2,Agricultural,Peat,526.7,1,1,0
Uttar Pradesh - Ghaghara Basin,200.5,25.4,79.8,678.0,6.62,116.8,Forest,Sandy,1110.0,0,1,0
Gujarat - Narmada Basin,28.9,22.1,77.1,585.2,4.05,141.5,Desert,Silt,1194.0,1,1,0
Gujarat - Narmada Basin,317.2,30.8,78.6,416.5,4.1,204.3,Water Body,Clay,641.5,0,1,1
Uttar Pradesh - Ghaghara Basin,465.4,32.4,70.7,236.4,6.51,546.2,Agricultural,Silt,161.2,1,0,0
Rajasthan - Luni Basin,77.0,28.8,56.5,236.0,3.99,135.0,Water Body,Loam,360.9,0,1,0
Odisha - Mahanadi Basin,326.0,24.8,65.7,474.7,0.53,298.5,Agricultural,Clay,747.1,0,1,0
Karnataka - Tungabhadra Basin,124.5,20.9,71.9,523.6,5.49,158.6,Forest,Clay,1422.0,1,0,0
Madhya Pradesh - Chambal Basin,507.6,28.9,100.0,316.1,2.29,297.9,Forest,Peat,562.9,0,0,0
Maharashtra - Godavari Basin,122.3,34.6,64.2,550.2,4.28,172.8,Forest,Loam,369.1,0,0,0
Madhya Pradesh - Chambal Basin,261.7,24.3,82.8,809.3,5.11,396.3,Urban,Clay,378.7,0,1,1
Karnataka - Tungabhadra Basin,269.4,39.9,64.3,72.9,4.59,102.2,Agricultural,Sandy,384.6,1,1,0
Rajasthan - Luni Basin,97.7,31.1,46.4,256.8,5.37,273.0,Agricultural,Sandy,375.9,0,0,0
Madhya Pradesh - Chambal Basin,471.9,21.3,64.2,320.3,4.41,65.1,Water Body,Sandy,403.9,0,1,1
Rajasthan - Luni Basin,103.9,33.3,72.7,427.0,5.22,38.6,Water Body,Silt,627.9,0,0,0
Uttar Pradesh - Ghaghara Basin,92.5,30.9,55.2,612.4,7.86,34.4,Agricultural,Sandy,946.7,1,1,0
Karnataka - Tungabhadra Basin,102.7,28.6,52.7,582.9,9.13,351.6,Agricultural,Sandy,1200.4,1,1,1
Gujarat - Narmada Basin,158.4,28.7,69.4,965.5,1.99,29.5,Urban,Silt,337.4,0,0,1
Kerala - Periyar Basin,72.6,28.3,51.3,838.5,5.38,290.1,Water Body,Loam,1849.7,1,1,0
Andhra Pradesh - Krishna Basin,56.8,30.1,70.5,437.5,7.87,368.7,Urban,Loam,334.8,0,1,1
Tamil Nadu - Cauvery Basin,224.9,32.9,80.6,180.4,1.99,76.9,Agricultural,Silt,1021.2,0,0,0
Assam - Brahmaputra Basin,63.9,31.9,56.8,822.4,7.05,154.9,Urban,Peat,482.7,1,1,1
Gujarat - Narmada Basin,91.9,29.8,69.5,384.2,4.24,508.9,Desert,Clay,406.5,0,0,0
Assam - Brahmaputra Basin,51.0,20.0,62.8,139.5,6.03,76.0,Forest,Peat,123.5,1,0,0
Andhra Pradesh - Krishna Basin,267.0,26.0,62.1,398.9,4.15,171.0,Agricultural,Loam,701.5,1,0,0
Uttar Pradesh - Ghaghara Basin,42.4,28.1,65.4,422.1,4.92,240.3,Desert,Silt,485.9,1,0,0
Telangana - Godavari Basin,574.3,25.7,90.4,127.6,3.61,466.6,Urban,Silt,1370.7,0,1,1
Maharashtra - Godavari Basin,97.5,28.4,64.2,191.4,4.31,92.8,Forest,Clay,1277.5,1,1,0
Kerala - Periyar Basin,78.0,30.4,43.6,239.6,4.4,98.7,Agricultural,Silt,895.3,1,0,0
Uttar Pradesh - Ghaghara Basin,98.9,21.8,83.3,584.8,4.7,60.9,Agricultural,Loam,600.5,1,1,0
Karnataka - Tungabhadra Basin,209.1,31.5,54.1,677.2,5.53,202.1,Desert,Silt,640.1,0,0,0
Rajasthan - Luni Basin,210.7,31.0,76.3,560.9,6.8,161.7,Water Body,Clay,275.8,1,0,0
Assam - Brahmaputra Basin,71.6,21.9,76.6,42.0,1.61,335.4,Desert,Sandy,663.2,1,1,0
Karnataka - Tungabhadra Basin,83.2,25.1,79.9,191.1,3.84,84.4,Urban,Peat,1309.0,1,1,0
Odisha - Mahanadi Basin,235.7,21.7,80.0,834.1,9.15,230.4,Agricultural,Sandy,721.8,0,0,1
Punjab - Sutlej Basin,266.4,28.3,82.4,522.4,3.22,115.4,Agricultural,Clay,187.5,1,0,0
Madhya Pradesh - Chambal Basin,94.7,24.8,76.0,137.3,0.9,224.0,Agricultural,Loam,821.1,1,0,0
West Bengal - Ganga Delta,198.2,32.2,40.1,330.4,8.83,98.0,Water Body,Clay,1597.9,1,0,0
Uttar Pradesh - Ghaghara Basin,126.8,28.4,70.2,329.4,7.12,192.0,Forest,Loam,400.1,0,1,0
Maharashtra - Godavari Basin,69.6,25.3,56.3,374.3,6.37,44.0,Agricultural,Clay,361.6,1,1,0
Telangana - Godavari Basin,101.6,28.5,73.4,365.5,2.52,210.2,Forest,Sandy,640.7,0,0,0
Telangana - Godavari Basin,265.1,33.5,64.1,82.3,2.66,452.2,Forest,Sandy,1490.6,0,1,0
Punjab - Sutlej Basin,116.1,27.8,100.0,723.6,9.52,267.1,Agricultural,Sandy,539.3,1,1,0
Maharashtra - Godavari Basin,179.4,27.6,67.9,416.9,5.58,131.8,Forest,Clay,287.6,0,1,0
Karnataka - Tungabhadra Basin,358.7,26.7,56.2,1205.1,6.15,257.9,Desert,Clay,140.5,0,0,1
Uttar Pradesh - Ghaghara Basin,276.1,26.1,48.8,458.2,1.5,233.8,Urban,Silt,1328.3,1,0,0
Uttar Pradesh - Ghaghara Basin,105.7,28.5,69.0,126.3,3.27,41.1,Forest,Clay,366.3,1,1,0
Tamil Nadu - Cauvery Basin,150.4,27.4,60.4,632.5,0.97,74.4,Water Body,Peat,415.7,1,1,0
Punjab - Sutlej Basin,461.3,27.2,83.3,432.7,1.04,291.9,Urban,Clay,1022.3,0,1,1
Tamil Nadu - Cauvery Basin,242.8,33.0,74.8,1136.8,6.85,97.0,Agricultural,Silt,1384.4,0,0,1
Andhra Pradesh - Krishna Basin,619.0,29.4,82.1,623.3,3.33,337.4,Forest,Loam,364.8,1,1,0
Odisha - Mahanadi Basin,141.2,29.4,75.4,692.3,5.21,149.2,Urban,Sandy,1334.6,1,0,0
Kerala - Periyar Basin,340.6,25.0,66.4,117.5,5.84,549.9,Urban,Peat,354.0,0,0,1
Maharashtra - Godavari Basin,167.1,29.6,69.6,607.8,1.56,155.5,Desert,Silt,2506.1,1,1,0
Odisha - Mahanadi Basin,45.9,33.1,59.5,317.7,3.11,256.6,Forest,Loam,142.8,1,0,0
Gujarat - Narmada Basin,108.3,25.8,70.8,409.8,6.56,219.3,Agricultural,Clay,438.3,1,0,0
Maharashtra - Godavari Basin,83.1,25.6,75.8,251.9,5.75,90.0,Urban,Sandy,314.8,0,1,0
Madhya Pradesh - Chambal Basin,346.2,30.9,100.0,433.5,2.11,173.0,Urban,Peat,1118.8,1,0,0
Telangana - Godavari Basin,245.6,31.9,78.1,471.4,5.23,39.2,Agricultural,Loam,196.1,1,0,0
Uttar Pradesh - Ghaghara Basin,304.0,29.7,73.8,239.6,2.65,71.9,Forest,Silt,1145.3,1,0,0
Andhra Pradesh - Krishna Basin,293.0,26.2,59.1,128.1,7.43,143.3,Water Body,Loam,1308.1,1,0,0
Punjab - Sutlej Basin,434.5,28.5,73.9,137.9,7.18,444.1,Desert,Peat,350.1,1,0,0
Uttar Pradesh - Ghaghara Basin,160.2,32.5,79.9,258.7,1.93,307.5,Agricultural,Clay,558.4,1,0,0
Kerala - Periyar Basin,49.8,26.5,63.9,465.1,1.93,292.3,Agricultural,Loam,581.8,1,1,0
Odisha - Mahanadi Basin,250.9,29.2,68.8,680.1,1.0,50.5,Agricultural,Silt,244.5,1,0,0
Telangana - Godavari Basin,814.0,26.9,76.9,993.8,1.67,173.0,Agricultural,Clay,838.0,0,0,1
West Bengal - Ganga Delta,258.7,28.7,70.0,93.5,3.76,251.1,Desert,Clay,1551.1,1,1,0
Bihar - Kosi Basin,271.2,31.0,86.1,990.0,6.92,36.9,Urban,Sandy,183.2,0,0,1
Tamil Nadu - Cauvery Basin,179.2,30.2,61.2,557.9,3.59,60.0,Urban,Silt,941.8,0,0,0
Punjab - Sutlej Basin,109.2,22.9,52.3,269.4,6.12,44.2,Water Body,Silt,1086.8,0,1,1
Kerala - Periyar Basin,62.9,24.5,76.4,527.1,2.61,251.7,Agricultural,Sandy,540.2,1,1,0
Bihar - Kosi Basin,24.3,33.4,68.4,266.4,3.07,61.3,Agricultural,Loam,1048.2,0,1,1
Maharashtra - Godavari Basin,306.6,34.9,59.0,423.5,2.37,303.3,Agricultural,Loam,1077.8,1,1,0
Gujarat - Narmada Basin,268.3,31.3,86.2,1169.0,6.99,128.2,Forest,Silt,1200.8,0,1,1
Maharashtra - Godavari Basin,572.7,25.1,71.2,1482.6,5.08,163.1,Urban,Loam,316.6,1,0,1
Andhra Pradesh - Krishna Basin,117.4,26.8,64.0,225.1,5.17,165.8,Agricultural,Silt,97.2,1,0,0
Gujarat - Narmada Basin,97.9,27.5,66.1,1108.4,11.45,337.3,Agricultural,Sandy,244.0,1,1,0
Punjab - Sutlej Basin,150.9,36.5,83.6,422.3,6.51,437.8,Desert,Loam,399.6,1,0,0
Karnataka - Tungabhadra Basin,277.0,26.3,49.1,369.8,3.81,36.5,Water Body,Loam,538.7,1,0,0
West Bengal - Ganga Delta,45.8,32.9,51.7,683.8,2.12,555.0,Forest,Sandy,1606.7,1,0,0
Assam - Brahmaputra Basin,265.7,32.2,63.6,107.3,3.04,147.8,Agricultural,Sandy,961.5,1,0,0
Telangana - Godavari Basin,358.4,23.4,85.5,529.4,2.17,245.5,Desert,Silt,355.2,1,0,0
Uttar Pradesh - Ghaghara Basin,487.2,24.4,58.8,252.9,2.93,79.8,Agricultural,Loam,679.6,1,0,0
Gujarat - Narmada Basin,230.3,30.4,74.4,310.3,0.9,68.6,Agricultural,Clay,759.4,0,1,1
Uttar Pradesh - Ghaghara Basin,170.0,29.6,65.5,361.3,2.24,296.8,Agricultural,Peat,996.3,1,0,0
Assam - Brahmaputra Basin,227.0,25.5,84.3,166.4,6.4,226.3,Urban,Silt,1318.9,1,0,0
Tamil Nadu - Cauvery Basin,139.7,31.0,72.1,491.1,5.49,45.8,Desert,Clay,749.2,1,0,0
Andhra Pradesh - Krishna Basin,34.8,28.9,62.7,235.9,1.28,117.3,Urban,Clay,365.3,1,1,0
Andhra Pradesh - Krishna Basin,328.7,35.1,81.3,757.5,1.69,44.0,Agricultural,Silt,263.4,1,0,0
Madhya Pradesh - Chambal Basin,327.3,27.4,77.3,98.3,3.0,64.9,Urban,Sandy,3013.2,1,0,0
Karnataka - Tungabhadra Basin,162.2,31.3,77.3,202.7,5.74,174.5,Agricultural,Clay,265.6,1,0,0
Bihar - Kosi Basin,436.4,26.8,83.9,390.8,3.73,102.2,Agricultural,Loam,1057.2,0,1,1
Kerala - Periyar Basin,590.9,27.1,71.9,328.0,1.73,240.2,Agricultural,Loam,241.5,0,0,0
Kerala - Periyar Basin,167.1,25.5,61.2,301.9,4.03,210.6,Forest,Silt,334.6,1,1,0
Karnataka - Tungabhadra Basin,133.8,28.5,48.5,251.8,7.35,87.0,Desert,Sandy,539.4,0,1,1
Uttar Pradesh - Ghaghara Basin,375.5,30.7,82.2,503.7,8.43,231.5,Agricultural,Silt,1252.8,1,0,0
Rajasthan - Luni Basin,241.7,19.8,70.0,558.9,3.27,542.8,Urban,Silt,55.9,0,0,0
Uttar Pradesh - Ghaghara Basin,181.9,29.3,56.9,697.7,12.1,138.7,Agricultural,Clay,35.6,1,0,0
Karnataka - Tungabhadra Basin,249.5,22.7,65.9,1033.4,5.28,56.8,Forest,Peat,84.4,1,1,1
Uttar Pradesh - Ghaghara Basin,216.0,28.8,69.0,118.4,2.19,138.8,Urban,Sandy,540.6,1,0,0
Gujarat - Narmada Basin,555.2,29.6,71.8,608.9,4.97,106.7,Urban,Loam,441.9,1,0,0
Telangana - Godavari Basin,69.2,27.6,79.0,298.6,5.74,146.8,Urban,Clay,1044.0,0,0,0
Kerala - Periyar Basin,621.6,29.4,82.2,359.8,0.7,192.3,Agricultural,Sandy,1703.1,1,0,0
Rajasthan - Luni Basin,261.8,30.0,62.7,930.7,9.16,317.0,Desert,Peat,1071.2,1,0,0
Kerala - Periyar Basin,208.0,31.6,81.1,147.9,5.58,211.6,Urban,Clay,561.8,0,0,0
Assam - Brahmaputra Basin,128.9,29.1,89.9,435.5,3.28,227.9,Agricultural,Sandy,271.7,1,0,0
Rajasthan - Luni Basin,437.5,24.8,74.6,244.2,10.15,134.6,Agricultural,Sandy,945.1,1,1,0
Assam - Brahmaputra Basin,42.6,30.8,52.5,245.7,7.31,242.9,Agricultural,Silt,473.3,1,0,0
Assam - Brahmaputra Basin,516.5,22.6,67.6,512.5,4.68,307.0,Desert,Silt,1083.2,0,1,1
Assam - Brahmaputra Basin,479.4,29.0,86.6,596.4,1.97,336.3,Urban,Silt,345.8,0,0,1
Madhya Pradesh - Chambal Basin,110.2,33.8,65.4,81.4,4.09,308.8,Forest,Sandy,1512.6,1,1,0
Assam - Brahmaputra Basin,88.4,24.1,89.8,208.6,6.01,224.1,Desert,Clay,722.5,1,1,0
Maharashtra - Godavari Basin,748.0,30.5,81.6,721.7,3.72,464.7,Water Body,Clay,662.0,0,1,1
Punjab - Sutlej Basin,196.0,31.7,69.2,185.2,0.8,76.7,Desert,Clay,299.6,0,1,0
Odisha - Mahanadi Basin,198.9,29.3,91.3,80.7,1.82,223.8,Agricultural,Peat,643.8,0,0,0
Tamil Nadu - Cauvery Basin,65.5,31.0,66.9,984.5,1.5,51.0,Agricultural,Peat,1184.8,1,1,0
Gujarat - Narmada Basin,53.6,32.1,74.5,113.8,2.27,150.1,Forest,Sandy,593.5,0,1,0
Gujarat - Narmada Basin,273.3,30.2,38.9,163.6,1.88,235.7,Agricultural,Clay,580.5,1,1,0
Telangana - Godavari Basin,90.0,25.6,59.8,364.1,4.53,134.0,Agricultural,Loam,944.1,1,0,0
Kerala - Periyar Basin,233.6,27.4,77.1,427.6,5.0,133.4,Forest,Peat,207.3,1,0,0
Karnataka - Tungabhadra Basin,172.8,29.8,73.2,232.0,9.97,450.9,Water Body,Clay,258.3,1,0,0
Odisha - Mahanadi Basin,230.5,27.6,100.0,685.0,7.24,26.9,Water Body,Sandy,359.5,1,1,0
Karnataka - Tungabhadra Basin,118.7,18.0,72.1,1106.3,2.38,313.0,Desert,Sandy,783.7,1,0,0
Odisha - Mahanadi Basin,362.0,28.6,69.7,2266.3,2.39,84.4,Urban,Loam,956.5,0,1,1
Rajasthan - Luni Basin,33.5,30.0,62.8,137.8,13.88,193.9,Desert,Loam,390.6,1,1,0
Karnataka - Tungabhadra Basin,426.0,32.6,74.4,216.5,3.93,140.9,Urban,Clay,501.3,0,0,1
Bihar - Kosi Basin,275.8,25.1,59.4,455.9,3.22,423.1,Agricultural,Silt,846.8,1,1,0
Kerala - Periyar Basin,410.0,28.5,51.7,340.2,1.5,214.8,Forest,Silt,395.5,0,0,0
Telangana - Godavari Basin,44.0,26.4,75.1,240.4,3.45,71.6,Agricultural,Silt,1341.7,0,0,0
Madhya Pradesh - Chambal Basin,482.6,30.0,79.1,913.2,6.26,142.3,Forest,Loam,307.0,1,1,1
Telangana - Godavari Basin,180.0,30.5,57.9,543.9,1.37,132.3,Urban,Loam,327.4,0,1,1
Kerala - Periyar Basin,76.3,23.7,77.2,236.1,7.07,124.0,Water Body,Silt,416.7,1,1,0
Tamil Nadu - Cauvery Basin,98.8,25.8,69.1,120.2,2.19,383.9,Agricultural,Silt,294.4,1,1,0
Karnataka - Tungabhadra Basin,161.0,32.4,88.0,414.2,3.52,74.9,Agricultural,Sandy,865.6,0,0,0
Odisha - Mahanadi Basin,187.2,32.0,83.7,397.7,3.22,46.2,Urban,Silt,297.9,0,0,0
Rajasthan - Luni Basin,38.0,25.9,66.8,606.4,4.73,48.5,Forest,Silt,540.0,1,0,0
Tamil Nadu - Cauvery Basin,48.3,25.7,100.0,114.7,5.8,146.0,Urban,Loam,1212.5,1,0,0
Madhya Pradesh - Chambal Basin,66.6,27.6,59.2,145.5,2.46,54.7,Forest,Sandy,537.1,1,1,0
Maharashtra - Godavari Basin,75.2,27.4,82.4,119.1,2.51,84.2,Desert,Clay,561.3,1,0,0
Telangana - Godavari Basin,106.8,31.9,73.2,250.4,2.64,101.5,Water Body,Loam,193.3,1,1,0
Andhra Pradesh - Krishna Basin,166.0,26.5,58.2,229.2,2.72,81.4,Urban,Peat,335.8,0,1,0
Odisha - Mahanadi Basin,480.9,25.2,70.2,224.8,4.09,276.9,Agricultural,Sandy,1050.7,0,0,0
Tamil Nadu - Cauvery Basin,329.0,33.4,62.9,826.7,11.0,198.3,Agricultural,Peat,226.5,1,1,1
Tamil Nadu - Cauvery Basin,88.0,30.6,87.7,324.4,1.89,259.6,Agricultural,Clay,675.7,1,0,0
Rajasthan - Luni Basin,282.1,33.3,80.8,346.8,0.98,84.0,Desert,Loam,335.5,1,1,0
Punjab - Sutlej Basin,257.6,32.4,69.2,503.0,0.85,100.9,Agricultural,Silt,707.1,0,1,1
Bihar - Kosi Basin,179.8,22.1,77.4,530.4,1.55,69.4,Forest,Peat,664.0,1,0,0
Punjab - Sutlej Basin,219.2,25.4,78.6,290.2,10.31,57.5,Water Body,Sandy,1150.5,0,0,1
Bihar - Kosi Basin,120.0,28.2,63.1,553.6,3.39,449.1,Agricultural,Sandy,2184.8,1,0,0
Andhra Pradesh - Krishna Basin,150.0,27.2,49.8,352.3,5.55,94.8,Water Body,Loam,493.2,1,0,0
Madhya Pradesh - Chambal Basin,147.1,26.1,74.7,378.0,0.88,7.9,Forest,Loam,1639.6,1,1,0
Tamil Nadu - Cauvery Basin,172.0,31.8,70.3,105.6,4.71,254.3,Desert,Peat,449.4,1,0,0
Karnataka - Tungabhadra Basin,310.4,24.5,52.3,395.7,3.23,429.7,Forest,Sandy,1825.8,1,0,0
Bihar - Kosi Basin,112.0,21.4,89.3,253.2,4.36,95.0,Agricultural,Clay,643.9,0,1,0
Bihar - Kosi Basin,216.2,24.4,96.1,188.8,0.87,97.1,Agricultural,Sandy,712.4,1,0,0
Tamil Nadu - Cauvery Basin,347.0,21.2,54.0,806.0,5.87,260.0,Desert,Silt,138.2,0,0,0
Andhra Pradesh - Krishna Basin,298.6,22.0,77.2,696.8,5.66,49.4,Agricultural,Sandy,1283.7,0,1,1
Uttar Pradesh - Ghaghara Basin,308.8,34.6,78.0,300.9,9.99,174.0,Desert,Peat,1160.6,0,0,1
Andhra Pradesh - Krishna Basin,188.9,38.5,64.5,181.8,9.02,208.4,Agricultural,Peat,1398.7,1,0,0
Bihar - Kosi Basin,263.6,31.4,80.4,105.6,5.67,68.9,Forest,Sandy,956.5,0,0,1
West Bengal - Ganga Delta,99.0,27.2,43.8,701.2,4.65,337.2,Urban,Clay,366.9,1,0,0
West Bengal - Ganga Delta,572.8,32.8,84.7,99.8,8.01,247.3,Agricultural,Loam,1724.1,1,1,1
Uttar Pradesh - Ghaghara Basin,145.0,36.5,100.0,266.9,8.23,152.7,Water Body,Peat,2053.1,0,1,1
Andhra Pradesh - Krishna Basin,122.1,33.7,85.0,520.0,3.36,179.5,Agricultural,Clay,1192.8,1,0,0
Maharashtra - Godavari Basin,202.1,27.1,70.9,592.4,4.28,305.6,Urban,Loam,230.6,0,1,0
West Bengal - Ganga Delta,358.8,23.9,63.4,1270.2,3.39,119.2,Desert,Peat,1482.0,1,0,0
Gujarat - Narmada Basin,130.9,32.8,65.9,250.8,6.29,204.7,Desert,Peat,327.8,1,1,0
Uttar Pradesh - Ghaghara Basin,70.7,29.7,67.6,248.2,1.44,24.1,Agricultural,Loam,314.6,1,0,0
Gujarat - Narmada Basin,117.7,27.6,84.3,829.3,1.36,277.3,Agricultural,Loam,282.9,1,0,0
Odisha - Mahanadi Basin,418.5,27.0,79.5,536.6,1.96,323.0,Urban,Sandy,1380.9,1,0,0
Assam - Brahmaputra Basin,138.8,25.0,85.2,298.1,4.6,74.5,Urban,Sandy,1238.5,1,0,0
Maharashtra - Godavari Basin,244.8,35.9,65.8,798.9,5.35,72.6,Agricultural,Loam,538.2,1,1,1
Madhya Pradesh - Chambal Basin,143.3,30.7,62.7,55.5,5.44,203.0,Forest,Sandy,282.5,1,1,0
Tamil Nadu - Cauvery Basin,198.8,30.4,74.6,574.6,7.86,187.5,Agricultural,Loam,152.0,1,1,0
Gujarat - Narmada Basin,235.0,33.4,42.4,336.6,6.01,133.2,Water Body,Peat,642.8,1,0,0
Andhra Pradesh - Krishna Basin,19.1,35.2,54.3,570.6,3.37,397.6,Agricultural,Clay,635.0,0,1,0
Madhya Pradesh - Chambal Basin,385.9,32.1,67.8,494.5,2.45,29.8,Urban,Loam,192.8,1,1,0
Gujarat - Narmada Basin,153.6,29.5,75.7,1098.9,7.19,96.7,Water Body,Clay,498.5,0,1,1
Maharashtra - Godavari Basin,209.0,32.5,89.3,627.8,2.17,44.0,Agricultural,Clay,1092.9,1,0,0
Odisha - Mahanadi Basin,665.9,30.1,69.1,272.7,1.78,367.4,Forest,Clay,379.0,0,0,0
Tamil Nadu - Cauvery Basin,94.3,24.8,84.1,304.4,16.92,295.4,Water Body,Sandy,2337.3,1,1,1
Kerala - Periyar Basin,183.6,26.2,76.7,724.1,0.5,204.2,Agricultural,Loam,381.6,0,0,0
Tamil Nadu - Cauvery Basin,433.7,25.2,71.2,568.3,1.91,201.1,Forest,Loam,236.1,1,1,0
Tamil Nadu - Cauvery Basin,7.9,23.6,84.7,912.4,5.67,163.1,Urban,Silt,1524.5,0,0,0
Rajasthan - Luni Basin,153.4,28.1,58.3,510.4,3.62,338.9,Agricultural,Clay,942.8,1,1,0
Madhya Pradesh - Chambal Basin,268.6,27.5,68.7,53.0,9.47,251.8,Agricultural,Silt,1623.6,0,0,0
Tamil Nadu - Cauvery Basin,234.7,32.5,55.6,24.3,6.12,102.8,Agricultural,Clay,2501.7,0,1,0
Madhya Pradesh - Chambal Basin,216.4,31.3,68.0,315.4,4.49,238.8,Urban,Loam,584.7,0,0,0
Bihar - Kosi Basin,162.6,27.3,85.7,137.9,1.74,605.3,Agricultural,Clay,799.6,0,0,0
Rajasthan - Luni Basin,163.1,25.8,84.2,1076.4,4.66,378.3,Agricultural,Silt,633.5,0,0,1
Odisha - Mahanadi Basin,224.9,24.1,57.7,804.1,4.32,126.9,Forest,Silt,924.4,1,1,0
Bihar - Kosi Basin,46.4,28.4,62.6,917.3,1.2,45.2,Desert,Silt,776.8,1,0,0
Punjab - Sutlej Basin,130.0,28.5,72.8,535.2,2.73,195.4,Agricultural,Silt,649.1,1,1,0
Maharashtra - Godavari Basin,146.9,37.0,62.2,466.1,0.39,159.0,Desert,Silt,1177.5,1,0,0
West Bengal - Ganga Delta,97.6,29.7,71.4,289.7,9.29,73.6,Forest,Loam,749.6,0,0,1
Rajasthan - Luni Basin,230.3,29.2,73.2,615.6,1.96,436.0,Water Body,Silt,1755.1,1,1,0
Punjab - Sutlej Basin,452.8,26.0,69.0,202.3,3.05,24.3,Desert,Clay,557.6,0,0,1
Karnataka - Tungabhadra Basin,230.0,22.3,76.0,330.2,3.94,320.5,Urban,Clay,1480.1,0,0,1
Maharashtra - Godavari Basin,334.5,32.4,57.9,1003.4,6.29,47.6,Forest,Clay,417.5,1,1,0
Bihar - Kosi Basin,283.4,24.2,74.8,1136.8,2.11,71.7,Forest,Loam,502.9,0,1,1
Uttar Pradesh - Ghaghara Basin,234.4,26.2,54.6,81.4,4.75,63.1,Urban,Sandy,417.9,1,1,0
Assam - Brahmaputra Basin,295.4,30.2,69.5,986.9,2.15,18.7,Forest,Sandy,896.4,1,1,0
Tamil Nadu - Cauvery Basin,47.2,30.0,90.1,237.4,2.14,342.8,Agricultural,Silt,183.4,1,0,0
Uttar Pradesh - Ghaghara Basin,253.8,23.8,82.2,1008.3,2.2,104.8,Urban,Sandy,291.4,0,0,1
West Bengal - Ganga Delta,301.8,33.9,65.8,719.5,9.55,102.2,Forest,Clay,1308.7,0,0,1
Telangana - Godavari Basin,74.5,24.6,70.5,147.1,2.88,268.5,Forest,Loam,242.0,0,1,0
Rajasthan - Luni Basin,304.8,33.5,75.7,1250.5,4.9,185.4,Urban,Silt,135.9,1,1,1
West Bengal - Ganga Delta,364.2,23.9,57.0,478.1,3.56,198.6,Agricultural,Loam,392.3,1,0,0
Punjab - Sutlej Basin,169.8,28.3,63.7,928.6,2.95,40.7,Desert,Peat,513.5,1,0,0
Rajasthan - Luni Basin,562.2,30.9,83.2,352.9,2.12,116.5,Forest,Clay,602.3,1,1,0
Tamil Nadu - Cauvery Basin,454.0,19.5,80.4,742.1,0.88,24.7,Urban,Loam,988.1,1,1,1
West Bengal - Ganga Delta,72.9,32.3,76.4,124.8,3.22,40.8,Urban,Loam,965.3,0,0,0
Andhra Pradesh - Krishna Basin,111.6,27.5,50.2,763.1,7.93,364.0,Forest,Loam,1226.4,0,1,0
Telangana - Godavari Basin,214.4,28.4,79.3,136.0,2.22,66.3,Urban,Loam,166.7,0,1,0
Kerala - Periyar Basin,52.7,24.7,66.4,1269.6,6.37,154.9,Agricultural,Loam,413.6,1,1,0
Odisha - Mahanadi Basin,48.7,25.3,71.2,41.7,1.88,490.8,Urban,Silt,742.4,1,0,0
Odisha - Mahanadi Basin,320.7,34.0,60.3,157.6,3.14,97.7,Desert,Sandy,546.1,1,1,0
Uttar Pradesh - Ghaghara Basin,370.7,19.3,96.9,117.7,4.32,107.0,Urban,Loam,719.9,0,0,0
Maharashtra - Godavari Basin,101.4,23.6,55.3,395.9,10.47,120.4,Agricultural,Clay,425.3,1,1,0
Punjab - Sutlej Basin,103.2,27.2,75.9,370.1,0.69,119.7,Forest,Silt,95.4,1,0,0
Karnataka - Tungabhadra Basin,241.8,27.1,91.9,344.0,4.88,258.1,Agricultural,Sandy,386.6,1,0,0
Tamil Nadu - Cauvery Basin,225.5,29.1,21.0,553.4,2.67,264.0,Agricultural,Clay,1018.4,1,0,0
Karnataka - Tungabhadra Basin,140.5,24.9,97.8,187.3,3.53,98.5,Desert,Loam,278.3,1,1,0
Kerala - Periyar Basin,516.3,32.0,69.6,431.8,2.55,494.0,Forest,Sandy,763.7,1,0,0
Madhya Pradesh - Chambal Basin,130.0,25.6,53.7,489.3,3.85,387.7,Agricultural,Clay,1197.7,1,1,0
Karnataka - Tungabhadra Basin,400.9,31.9,74.6,280.0,1.47,68.8,Agricultural,Peat,433.9,1,1,0
Odisha - Mahanadi Basin,139.2,32.0,66.8,717.7,4.33,136.9,Water Body,Sandy,448.5,0,1,1
Andhra Pradesh - Krishna Basin,353.8,35.1,65.4,249.1,5.6,126.2,Forest,Silt,2463.9,1,0,0
Uttar Pradesh - Ghaghara Basin,162.3,29.1,53.7,537.1,6.08,247.9,Agricultural,Sandy,399.7,1,0,0
Bihar - Kosi Basin,197.3,32.2,58.6,371.7,4.43,123.2,Desert,Silt,593.4,0,1,0
Odisha - Mahanadi Basin,436.0,34.3,71.3,323.0,4.08,139.3,Agricultural,Clay,109.3,1,0,0
Kerala - Periyar Basin,144.3,36.7,94.7,570.7,2.86,139.6,Agricultural,Clay,1751.8,0,0,0
West Bengal - Ganga Delta,132.1,27.1,82.4,292.3,2.03,172.5,Agricultural,Clay,493.3,0,0,0
Odisha - Mahanadi Basin,374.4,27.1,44.4,417.6,2.15,140.3,Forest,Clay,607.2,1,0,0
Karnataka - Tungabhadra Basin,202.7,22.9,72.3,47.0,5.49,190.5,Urban,Loam,849.0,0,0,1
Madhya Pradesh - Chambal Basin,174.5,31.2,61.5,452.1,1.62,391.4,Urban,Loam,88.5,0,1,1
Punjab - Sutlej Basin,163.5,33.5,54.7,204.9,1.76,21.9,Forest,Peat,1191.0,0,0,0
Karnataka - Tungabhadra Basin,220.2,27.4,79.5,1222.1,9.38,65.0,Desert,Clay,729.8,1,0,1
Maharashtra - Godavari Basin,161.3,21.4,73.8,767.7,2.0,156.9,Urban,Sandy,229.6,0,0,0
West Bengal - Ganga Delta,292.2,23.2,85.7,254.4,2.81,157.0,Urban,Silt,326.8,0,1,0
Punjab - Sutlej Basin,126.9,33.6,59.4,364.5,5.8,190.0,Urban,Silt,874.7,0,0,0
Karnataka - Tungabhadra Basin,526.5,24.2,51.6,348.0,1.83,37.0,Forest,Loam,1666.3,1,1,0
Uttar Pradesh - Ghaghara Basin,438.3,27.4,54.3,232.6,1.92,14.6,Urban,Clay,1447.3,1,1,0
Gujarat - Narmada Basin,47.5,26.2,67.3,322.3,1.53,231.7,Agricultural,Silt,1605.1,0,0,0
Gujarat - Narmada Basin,103.7,22.6,62.7,309.1,2.99,734.5,Agricultural,Loam,1460.1,0,1,0
Andhra Pradesh - Krishna Basin,39.1,29.1,69.3,894.8,4.62,48.7,Forest,Peat,216.4,1,1,0
Tamil Nadu - Cauvery Basin,270.2,32.7,78.5,520.6,5.41,387.8,Urban,Clay,1612.8,1,0,0
Assam - Brahmaputra Basin,715.3,30.2,56.2,336.8,9.1,89.3,Forest,Loam,1206.2,1,0,1
Bihar - Kosi Basin,377.1,26.7,57.9,710.7,0.79,109.9,Agricultural,Sandy,699.8,1,0,0
Bihar - Kosi Basin,26.2,33.0,64.8,274.9,3.63,50.5,Desert,Clay,937.8,1,1,0
Tamil Nadu - Cauvery Basin,364.7,33.1,71.4,286.3,4.98,118.9,Desert,Silt,2240.1,0,1,0
Tamil Nadu - Cauvery Basin,69.8,30.2,65.4,753.4,0.81,79.7,Agricultural,Loam,1155.5,1,0,0
Uttar Pradesh - Ghaghara Basin,686.2,31.0,55.5,594.6,3.32,544.3,Urban,Loam,680.4,0,0,1
Maharashtra - Godavari Basin,67.8,24.7,85.8,166.3,6.71,89.8,Agricultural,Peat,921.0,1,0,0
Tamil Nadu - Cauvery Basin,171.5,30.1,48.8,333.8,7.5,84.7,Urban,Peat,287.5,0,1,0
Punjab - Sutlej Basin,440.0,28.4,54.5,557.6,10.33,264.9,Forest,Clay,871.1,0,1,1
Odisha - Mahanadi Basin,105.3,22.7,66.7,328.3,1.42,246.2,Forest,Clay,300.6,1,0,0
Assam - Brahmaputra Basin,138.4,37.3,85.0,1422.1,6.79,311.8,Agricultural,Clay,1538.0,1,0,0
Odisha - Mahanadi Basin,157.5,33.5,56.0,194.3,7.95,206.7,Desert,Sandy,22.2,0,0,0
Gujarat - Narmada Basin,338.5,24.7,51.2,633.2,5.89,175.6,Urban,Loam,657.1,0,1,1
Rajasthan - Luni Basin,344.4,33.7,56.1,293.5,3.46,149.1,Forest,Clay,306.7,1,0,0
West Bengal - Ganga Delta,156.3,28.5,84.3,200.8,1.51,97.6,Agricultural,Sandy,282.6,1,1,0
Andhra Pradesh - Krishna Basin,236.4,27.1,92.2,224.5,8.28,151.0,Urban,Clay,495.9,0,1,1
Maharashtra - Godavari Basin,352.1,33.2,66.2,590.7,7.59,436.6,Agricultural,Peat,394.8,1,1,0
Maharashtra - Godavari Basin,353.9,28.0,88.0,123.3,7.11,243.1,Agricultural,Clay,1826.7,0,0,0
Kerala - Periyar Basin,83.6,33.9,55.3,639.8,6.92,189.2,Agricultural,Clay,1943.8,1,1,0
Odisha - Mahanadi Basin,609.6,37.0,49.0,1694.2,4.35,429.1,Agricultural,Loam,1595.3,1,1,1
Andhra Pradesh - Krishna Basin,198.8,21.9,66.6,672.1,5.47,144.7,Urban,Loam,407.2,1,0,0
Uttar Pradesh - Ghaghara Basin,340.3,26.1,73.8,397.8,7.49,193.0,Agricultural,Clay,510.1,0,0,0
Uttar Pradesh - Ghaghara Basin,111.7,26.2,76.8,473.6,4.48,11.3,Desert,Silt,453.2,1,0,0
Madhya Pradesh - Chambal Basin,98.2,28.7,67.1,826.3,6.12,110.8,Agricultural,Clay,404.4,0,0,0
Bihar - Kosi Basin,545.2,28.2,68.2,209.5,3.31,349.0,Desert,Clay,1366.2,1,1,0
Telangana - Godavari Basin,154.1,30.7,66.7,1188.0,5.56,660.1,Water Body,Loam,1788.8,1,0,0
Karnataka - Tungabhadra Basin,414.2,25.9,59.1,443.2,8.77,198.4,Agricultural,Loam,621.1,1,1,0
Telangana - Godavari Basin,258.3,28.8,71.0,347.9,1.41,21.0,Agricultural,Sandy,966.2,1,0,0
Gujarat - Narmada Basin,393.6,30.8,81.4,867.9,0.66,113.8,Urban,Clay,1041.2,1,0,0
Assam - Brahmaputra Basin,233.9,27.9,88.9,489.4,2.54,251.0,Agricultural,Silt,395.2,1,0,0
Maharashtra - Godavari Basin,20.7,28.6,57.4,289.5,2.46,227.2,Forest,Silt,834.1,0,0,0
Punjab - Sutlej Basin,129.5,25.6,73.4,754.5,1.89,407.8,Forest,Sandy,159.5,1,1,0
Maharashtra - Godavari Basin,136.1,27.0,59.4,156.4,8.75,105.7,Urban,Loam,2069.4,1,1,0
Uttar Pradesh - Ghaghara Basin,177.3,28.6,58.7,299.3,7.92,448.5,Agricultural,Loam,1276.7,0,1,0
West Bengal - Ganga Delta,338.5,20.3,69.7,383.0,5.61,382.6,Forest,Loam,1224.8,1,1,0
Kerala - Periyar Basin,117.4,28.8,72.8,1391.7,6.86,62.7,Agricultural,Silt,643.2,0,0,1
Punjab - Sutlej Basin,209.1,33.7,71.2,94.2,2.37,222.0,Urban,Silt,322.4,1,1,0
Rajasthan - Luni Basin,327.4,30.3,96.9,237.9,2.29,104.6,Desert,Loam,1874.1,1,0,0
Uttar Pradesh - Ghaghara Basin,248.7,31.7,83.4,457.7,1.12,230.3,Desert,Loam,515.9,1,1,0
Uttar Pradesh - Ghaghara Basin,230.7,21.9,53.8,886.0,3.74,121.4,Urban,Peat,873.5,1,1,0
Odisha - Mahanadi Basin,93.8,33.2,79.8,85.2,1.02,224.2,Agricultural,Clay,717.9,1,1,0
Telangana - Godavari Basin,81.1,16.5,61.6,230.2,1.82,172.6,Agricultural,Silt,139.4,0,1,0
Kerala - Periyar Basin,355.6,31.1,60.6,250.0,7.56,151.0,Urban,Loam,297.6,1,1,1
Odisha - Mahanadi Basin,360.9,36.3,68.4,265.7,1.35,44.2,Forest,Loam,411.0,1,1,0
Assam - Brahmaputra Basin,156.1,27.3,71.8,594.6,7.04,170.2,Agricultural,Silt,1348.2,0,1,1
Uttar Pradesh - Ghaghara Basin,407.2,26.9,53.0,324.2,2.23,254.9,Agricultural,Peat,1256.0,1,0,0
Karnataka - Tungabhadra Basin,110.6,23.1,57.9,215.2,3.38,696.1,Agricultural,Sandy,590.3,0,0,0
West Bengal - Ganga Delta,241.4,23.8,73.0,1055.1,10.03,58.6,Water Body,Peat,645.7,1,0,1
Rajasthan - Luni Basin,63.9,26.6,67.4,1876.1,4.5,110.3,Agricultural,Clay,738.6,0,1,1
Odisha - Mahanadi Basin,163.0,30.4,42.0,1000.1,3.45,57.9,Urban,Silt,457.1,1,0,0
Tamil Nadu - Cauvery Basin,281.2,25.7,92.6,52.0,4.72,148.6,Agricultural,Sandy,1085.8,0,0,0
Maharashtra - Godavari Basin,190.0,25.3,64.1,204.4,3.52,234.0,Urban,Silt,719.8,0,0,0
Maharashtra - Godavari Basin,371.3,30.9,65.9,492.2,5.71,9.3,Forest,Sandy,532.2,0,0,0
Kerala - Periyar Basin,116.6,32.2,80.1,161.2,3.45,106.5,Urban,Silt,1334.0,0,1,0
Gujarat - Narmada Basin,145.0,24.7,70.0,218.7,6.44,93.6,Forest,Peat,1795.4,0,1,0
Madhya Pradesh - Chambal Basin,242.6,30.4,69.1,1086.7,3.09,261.1,Agricultural,Silt,611.2,1,0,0
Tamil Nadu - Cauvery Basin,117.6,25.2,53.2,154.4,3.5,117.6,Forest,Clay,546.6,1,1,0
Andhra Pradesh - Krishna Basin,70.0,34.2,80.5,431.0,1.89,296.0,Forest,Sandy,1223.9,1,1,0
Andhra Pradesh - Krishna Basin,367.4,29.8,64.3,396.0,4.38,84.5,Urban,Loam,726.7,1,1,1
Karnataka - Tungabhadra Basin,214.2,31.6,69.9,119.6,1.0,199.5,Agricultural,Sandy,845.3,0,1,1
Karnataka - Tungabhadra Basin,77.0,30.3,74.8,906.7,3.26,18.1,Water Body,Clay,1267.7,0,0,1
Bihar - Kosi Basin,318.3,32.9,72.6,749.5,9.91,131.4,Water Body,Loam,526.5,1,0,0
Maharashtra - Godavari Basin,238.2,33.9,68.8,706.5,7.29,325.0,Forest,Silt,888.8,1,0,0
Andhra Pradesh - Krishna Basin,336.3,30.4,68.4,329.3,4.52,384.2,Agricultural,Loam,1192.7,0,0,0
Telangana - Godavari Basin,24.5,32.0,64.9,326.3,3.7,94.6,Agricultural,Loam,249.5,1,1,0
Punjab - Sutlej Basin,43.2,26.5,67.2,197.9,3.32,189.5,Desert,Loam,228.1,0,1,0
Assam - Brahmaputra Basin,112.7,34.7,85.6,1033.1,1.6,192.3,Urban,Loam,1042.5,1,0,0
Odisha - Mahanadi Basin,92.9,31.1,74.4,274.3,10.96,90.8,Agricultural,Silt,149.5,1,0,0
Tamil Nadu - Cauvery Basin,134.4,28.1,97.6,285.4,2.98,153.0,Urban,Peat,1269.9,1,1,0
West Bengal - Ganga Delta,401.3,33.0,35.2,956.4,2.72,209.3,Forest,Loam,499.7,1,0,0
West Bengal - Ganga Delta,81.5,31.8,81.9,602.4,2.07,308.6,Forest,Sandy,1102.1,0,0,0
Rajasthan - Luni Basin,114.1,29.8,85.2,242.7,4.36,72.4,Forest,Clay,641.9,1,0,0
Madhya Pradesh - Chambal Basin,106.3,32.1,60.0,103.9,10.37,133.1,Forest,Silt,195.9,1,0,0
Madhya Pradesh - Chambal Basin,115.4,20.5,69.4,434.7,1.16,95.4,Forest,Loam,1330.6,0,1,0
Maharashtra - Godavari Basin,61.6,26.5,81.8,422.1,1.81,73.6,Water Body,Loam,195.8,1,1,0
Tamil Nadu - Cauvery Basin,282.1,23.2,76.8,238.2,6.48,95.8,Urban,Peat,642.9,1,1,1
West Bengal - Ganga Delta,782.6,30.2,83.3,250.0,2.47,73.3,Agricultural,Loam,853.7,0,1,1
Madhya Pradesh - Chambal Basin,133.3,27.7,85.7,368.3,8.69,71.5,Forest,Clay,48.8,1,1,0
Bihar - Kosi Basin,89.3,33.6,74.2,1723.8,3.94,357.6,Water Body,Loam,708.1,1,1,1
Assam - Brahmaputra Basin,146.1,23.2,83.5,210.1,2.33,144.1,Agricultural,Loam,768.8,1,0,0
Uttar Pradesh - Ghaghara Basin,133.5,25.3,53.0,140.9,9.68,132.4,Forest,Silt,488.5,1,1,0
Madhya Pradesh - Chambal Basin,151.5,21.2,72.7,534.1,4.35,412.8,Urban,Sandy,233.6,1,0,0
Karnataka - Tungabhadra Basin,171.5,30.7,76.7,202.2,5.27,76.7,Agricultural,Loam,674.0,1,0,0
Bihar - Kosi Basin,91.6,28.7,67.8,369.9,2.2,187.7,Urban,Clay,645.0,1,1,0
Assam - Brahmaputra Basin,180.1,26.6,98.1,415.1,3.46,101.0,Forest,Clay,1064.7,1,0,0
Telangana - Godavari Basin,232.7,24.1,48.3,61.1,2.96,150.5,Agricultural,Silt,1058.1,1,1,0
West Bengal - Ganga Delta,170.4,20.7,87.3,439.2,4.07,138.1,Agricultural,Silt,398.5,1,0,0
Gujarat - Narmada Basin,24.8,27.5,73.6,732.3,4.03,257.5,Desert,Loam,723.5,1,0,0
Telangana - Godavari Basin,516.2,28.6,46.1,185.2,1.24,400.1,Urban,Loam,1351.8,1,0,0
Punjab - Sutlej Basin,276.3,30.6,72.8,726.4,5.94,93.4,Forest,Sandy,447.9,1,1,0
Punjab - Sutlej Basin,141.6,23.5,77.0,491.0,2.98,85.1,Forest,Loam,344.5,0,1,0
Gujarat - Narmada Basin,192.3,34.2,56.9,1145.9,2.85,647.7,Agricultural,Clay,1144.8,0,0,1
Maharashtra - Godavari Basin,96.6,31.2,77.2,93.8,7.21,28.6,Agricultural,Clay,642.0,1,0,0
Odisha - Mahanadi Basin,42.7,31.8,41.0,452.1,4.95,250.5,Agricultural,Loam,1164.1,1,1,0
Rajasthan - Luni Basin,285.6,31.6,76.5,313.4,4.32,49.3,Agricultural,Clay,634.5,1,0,0
Gujarat - Narmada Basin,661.0,32.2,58.4,1070.7,4.15,246.1,Urban,Sandy,497.2,1,0,0
Maharashtra - Godavari Basin,169.4,28.8,51.5,125.4,5.13,50.4,Urban,Sandy,83.6,1,0,0
Tamil Nadu - Cauvery Basin,328.6,24.6,88.6,691.9,4.8,171.2,Forest,Sandy,858.3,0,0,0
Andhra Pradesh - Krishna Basin,103.0,26.3,84.0,584.6,6.71,128.7,Urban,Clay,854.5,1,0,0
Kerala - Periyar Basin,307.4,30.9,54.1,268.9,2.27,41.7,Agricultural,Silt,617.2,0,0,0
Assam - Brahmaputra Basin,376.2,33.4,68.0,474.9,10.87,43.6,Water Body,Clay,558.2,0,0,1
Tamil Nadu - Cauvery Basin,95.9,25.3,40.0,285.3,4.7,108.2,Urban,Clay,901.0,0,1,1
Karnataka - Tungabhadra Basin,248.9,23.8,65.6,611.1,3.64,60.6,Agricultural,Peat,1377.5,1,0,0
Maharashtra - Godavari Basin,90.9,24.8,77.9,145.0,4.64,627.8,Forest,Clay,531.2,1,1,0
Madhya Pradesh - Chambal Basin,307.7,26.1,71.1,826.7,4.05,238.6,Agricultural,Loam,1313.4,1,1,1
Punjab - Sutlej Basin,175.2,31.7,85.1,681.7,9.77,447.2,Forest,Loam,110.1,1,1,0
Maharashtra - Godavari Basin,175.1,21.8,51.7,463.7,3.39,289.7,Forest,Loam,693.3,1,0,0
Andhra Pradesh - Krishna Basin,214.5,27.0,73.3,667.5,5.17,122.4,Desert,Loam,146.6,0,0,0
Kerala - Periyar Basin,35.3,28.3,90.9,569.3,0.68,64.5,Urban,Clay,825.2,0,0,0
Telangana - Godavari Basin,109.8,19.9,50.4,597.5,2.5,54.5,Urban,Silt,382.0,1,1,0
Kerala - Periyar Basin,448.1,31.6,73.5,370.3,2.02,266.9,Agricultural,Sandy,1017.1,1,1,0
West Bengal - Ganga Delta,145.4,19.5,58.1,912.5,9.44,76.9,Forest,Silt,829.2,1,0,0
Maharashtra - Godavari Basin,334.6,24.0,67.4,557.1,9.83,446.5,Forest,Clay,1741.0,1,1,1
Gujarat - Narmada Basin,100.9,20.9,67.3,503.3,3.96,62.2,Agricultural,Loam,521.9,1,0,0
Tamil Nadu - Cauvery Basin,289.9,26.9,51.6,148.1,11.22,43.4,Urban,Clay,805.3,1,0,0
Gujarat - Narmada Basin,113.4,31.5,53.9,331.5,0.94,414.8,Agricultural,Silt,492.8,1,0,0
Madhya Pradesh - Chambal Basin,424.0,30.7,65.7,349.7,0.62,189.9,Desert,Silt,589.7,1,0,0
Punjab - Sutlej Basin,215.7,18.0,58.5,1270.9,1.26,363.9,Agricultural,Loam,916.9,0,1,1
West Bengal - Ganga Delta,101.7,30.5,75.4,428.0,10.78,42.5,Agricultural,Loam,167.8,0,1,1
West Bengal - Ganga Delta,162.4,32.7,80.2,1251.3,8.34,171.3,Desert,Sandy,672.8,0,1,1
Bihar - Kosi Basin,309.5,26.9,59.5,726.0,2.18,373.0,Water Body,Clay,674.9,0,1,1
Punjab - Sutlej Basin,154.2,34.3,65.7,473.2,11.25,175.8,Urban,Silt,887.8,1,1,0
Gujarat - Narmada Basin,128.1,32.7,66.2,1159.9,4.41,568.9,Desert,Silt,1155.3,1,0,0
Madhya Pradesh - Chambal Basin,251.1,25.4,30.0,302.6,1.79,272.1,Urban,Clay,1381.6,0,1,1
Rajasthan - Luni Basin,303.7,18.8,82.7,1314.9,1.7,394.7,Urban,Clay,582.4,0,0,1
Madhya Pradesh - Chambal Basin,216.7,29.2,66.6,612.6,11.17,56.7,Agricultural,Peat,696.8,1,1,1
Bihar - Kosi Basin,107.5,21.1,61.4,379.6,8.85,39.6,Agricultural,Sandy,169.8,0,0,0
Bihar - Kosi Basin,70.6,33.2,49.7,75.9,4.73,146.0,Urban,Clay,712.1,1,0,0
Punjab - Sutlej Basin,219.5,27.8,45.4,158.3,4.08,161.1,Forest,Clay,354.1,0,0,0
Andhra Pradesh - Krishna Basin,508.2,34.1,83.1,672.3,1.27,33.9,Urban,Loam,125.6,0,1,1
Assam - Brahmaputra Basin,400.6,33.4,51.8,655.2,0.33,57.2,Agricultural,Peat,1342.7,1,1,0
Uttar Pradesh - Ghaghara Basin,99.9,27.1,81.5,280.2,0.77,235.8,Forest,Loam,205.4,0,0,0
Karnataka - Tungabhadra Basin,144.1,28.1,51.0,304.6,4.25,95.8,Agricultural,Sandy,594.0,1,0,0
Uttar Pradesh - Ghaghara Basin,340.9,28.2,79.6,1347.5,8.4,121.1,Agricultural,Peat,785.0,1,0,1
Tamil Nadu - Cauvery Basin,273.7,33.6,95.0,556.9,2.41,96.4,Forest,Silt,1865.2,1,1,0
Rajasthan - Luni Basin,159.5,28.4,85.4,605.6,0.7,412.0,Agricultural,Peat,993.0,1,1,0
Bihar - Kosi Basin,291.4,27.3,97.2,301.4,3.66,78.9,Forest,Sandy,42.6,1,1,0
Andhra Pradesh - Krishna Basin,240.2,22.0,63.5,386.9,5.39,97.9,Agricultural,Sandy,888.4,1,0,0
Odisha - Mahanadi Basin,472.9,25.7,100.0,1211.9,11.95,176.9,Agricultural,Silt,1070.3,0,1,1
Assam - Brahmaputra Basin,148.6,28.1,69.6,817.9,12.26,350.5,Water Body,Clay,1419.0,1,0,0
Bihar - Kosi Basin,210.8,31.3,73.1,217.3,3.75,235.6,Forest,Sandy,869.7,1,1,0
Maharashtra - Godavari Basin,453.2,29.2,68.9,275.8,4.31,222.3,Forest,Loam,740.8,1,1,0
Assam - Brahmaputra Basin,142.7,22.2,72.5,563.2,2.58,279.2,Water Body,Loam,1090.4,1,1,0
Tamil Nadu - Cauvery Basin,54.4,25.6,36.6,739.0,5.12,543.8,Agricultural,Sandy,294.1,1,0,0
Odisha - Mahanadi Basin,31.7,26.2,70.9,817.2,2.51,40.8,Agricultural,Clay,466.7,1,1,0
Maharashtra - Godavari Basin,441.1,30.0,41.2,247.9,14.22,179.4,Urban,Clay,2078.8,1,0,1
Madhya Pradesh - Chambal Basin,233.9,27.5,80.2,113.5,4.01,177.0,Water Body,Loam,677.0,1,0,0
Uttar Pradesh - Ghaghara Basin,127.8,23.5,90.7,430.2,8.7,313.6,Forest,Loam,337.0,1,0,0
Bihar - Kosi Basin,375.0,29.7,84.1,278.5,5.53,195.2,Agricultural,Silt,1044.9,0,1,1
West Bengal - Ganga Delta,261.4,31.4,32.2,415.8,2.95,140.3,Desert,Silt,273.8,0,0,0
Assam - Brahmaputra Basin,201.1,29.4,43.0,86.1,3.07,100.3,Water Body,Sandy,966.0,0,0,0
Telangana - Godavari Basin,124.8,29.5,55.3,192.7,0.39,83.7,Agricultural,Silt,249.2,0,0,0
Kerala - Periyar Basin,264.3,26.4,43.2,285.2,9.37,100.0,Forest,Loam,1617.7,1,1,0
Kerala - Periyar Basin,279.0,34.6,73.7,489.0,3.2,219.9,Urban,Loam,630.1,1,0,0
Telangana - Godavari Basin,205.8,26.8,81.7,221.5,4.9,80.1,Agricultural,Sandy,1787.6,1,1,0
Andhra Pradesh - Krishna Basin,225.7,27.7,41.4,408.3,9.31,59.7,Forest,Loam,671.3,1,0,0
Telangana - Godavari Basin,149.1,21.5,64.2,1006.5,2.7,205.8,Forest,Sandy,988.7,0,1,0
Punjab - Sutlej Basin,259.9,31.1,39.2,672.3,1.38,577.8,Forest,Loam,637.5,0,0,0
Karnataka - Tungabhadra Basin,149.7,31.0,48.6,470.9,5.21,108.2,Urban,Loam,1647.5,0,0,1
Telangana - Godavari Basin,182.6,32.2,95.0,1022.7,7.43,340.0,Urban,Sandy,1887.8,1,0,0
Rajasthan - Luni Basin,221.9,29.2,65.5,648.8,0.4,291.2,Urban,Sandy,701.5,1,1,0
Andhra Pradesh - Krishna Basin,513.6,31.0,71.0,212.9,1.7,138.5,Urban,Clay,258.3,0,0,1
Telangana - Godavari Basin,900.0,25.9,57.8,1534.8,9.66,60.9,Water Body,Loam,1083.1,0,1,1
Uttar Pradesh - Ghaghara Basin,96.9,22.9,65.5,484.4,5.57,61.7,Forest,Loam,127.3,0,1,0
Rajasthan - Luni Basin,167.5,25.5,83.2,325.6,3.82,94.1,Forest,Sandy,158.3,1,0,0
Odisha - Mahanadi Basin,42.5,33.4,69.7,601.3,6.27,76.6,Agricultural,Sandy,323.8,1,1,0
Gujarat - Narmada Basin,656.1,27.3,44.0,64.7,2.06,210.3,Forest,Silt,961.6,0,0,0
Punjab - Sutlej Basin,85.2,28.4,78.5,443.9,10.08,398.7,Water Body,Silt,1852.7,1,1,1
Karnataka - Tungabhadra Basin,218.7,29.9,59.9,763.8,0.35,220.6,Water Body,Clay,921.1,0,1,1
Odisha - Mahanadi Basin,202.3,29.2,64.9,597.5,1.26,357.0,Agricultural,Silt,504.5,1,0,0
Madhya Pradesh - Chambal Basin,60.6,27.6,80.5,521.1,3.93,91.2,Forest,Peat,1097.0,0,1,1
Andhra Pradesh - Krishna Basin,52.4,25.9,85.7,193.7,3.03,104.5,Forest,Sandy,335.5,1,0,0
Tamil Nadu - Cauvery Basin,456.3,35.7,100.0,138.5,8.36,432.6,Urban,Silt,247.7,1,1,0
Odisha - Mahanadi Basin,333.9,29.2,81.4,622.7,8.64,77.8,Agricultural,Sandy,392.7,1,1,0
Karnataka - Tungabhadra Basin,80.5,30.7,69.8,1168.5,1.42,78.5,Agricultural,Clay,586.1,0,1,1
Andhra Pradesh - Krishna Basin,277.2,30.1,88.3,446.2,6.43,415.6,Agricultural,Clay,788.7,0,0,0
Tamil Nadu - Cauvery Basin,223.9,27.2,97.2,445.5,8.83,323.5,Agricultural,Silt,898.0,1,1,0
Odisha - Mahanadi Basin,458.4,30.7,65.6,149.4,1.92,299.9,Agricultural,Silt,1296.8,0,0,0
Tamil Nadu - Cauvery Basin,340.8,28.9,74.2,438.7,2.5,69.1,Agricultural,Sandy,429.7,1,0,0
Telangana - Godavari Basin,299.7,25.6,68.8,158.4,2.11,370.9,Agricultural,Loam,1311.9,1,0,0
Odisha - Mahanadi Basin,219.0,32.0,82.5,356.3,2.39,137.9,Agricultural,Clay,723.8,1,0,0
Andhra Pradesh - Krishna Basin,206.9,30.0,81.0,771.3,3.69,288.9,Desert,Clay,555.9,1,1,0
West Bengal - Ganga Delta,205.7,29.4,78.8,296.4,3.38,69.4,Water Body,Clay,390.4,0,0,0
West Bengal - Ganga Delta,125.0,25.1,94.9,563.4,3.46,40.6,Forest,Silt,345.0,1,0,0
Madhya Pradesh - Chambal Basin,214.2,33.7,61.8,321.5,6.28,205.5,Desert,Clay,309.6,0,0,0
Karnataka - Tungabhadra Basin,198.0,22.3,80.1,525.8,2.51,272.6,Agricultural,Silt,2106.5,0,1,0
Assam - Brahmaputra Basin,135.3,32.9,44.1,881.3,7.05,14.3,Urban,Clay,560.9,0,1,1
Gujarat - Narmada Basin,715.2,31.4,96.9,117.9,8.3,28.2,Forest,Silt,853.6,1,0,0
Assam - Brahmaputra Basin,175.4,36.6,72.6,31.5,2.02,50.8,Urban,Clay,995.0,0,0,0
Gujarat - Narmada Basin,237.1,23.5,49.8,644.8,6.42,146.2,Urban,Sandy,605.1,1,1,0
Assam - Brahmaputra Basin,181.8,26.9,88.9,290.4,8.76,245.8,Water Body,Loam,516.6,0,0,1
Madhya Pradesh - Chambal Basin,413.0,25.0,73.5,74.8,3.3,35.0,Agricultural,Peat,349.7,1,1,0
Punjab - Sutlej Basin,443.8,34.0,82.0,209.1,5.07,235.5,Forest,Sandy,520.5,1,1,0
Madhya Pradesh - Chambal Basin,40.5,25.1,86.3,578.5,1.64,164.4,Urban,Sandy,565.0,0,0,0
Kerala - Periyar Basin,69.2,30.1,80.1,143.1,8.09,181.9,Urban,Loam,574.3,1,1,0
Rajasthan - Luni Basin,136.8,32.4,58.0,234.5,3.55,386.3,Urban,Clay,765.9,0,0,0
Madhya Pradesh - Chambal Basin,738.8,31.1,86.4,762.5,1.49,195.8,Urban,Sandy,1057.0,1,0,0
Punjab - Sutlej Basin,160.8,28.9,57.2,944.2,5.93,39.5,Agricultural,Loam,291.5,1,0,1
Gujarat - Narmada Basin,63.3,27.2,67.5,611.0,3.29,320.9,Forest,Clay,578.0,0,1,0
Madhya Pradesh - Chambal Basin,107.6,35.2,94.9,304.5,6.88,130.5,Water Body,Peat,107.1,0,0,0
Kerala - Periyar Basin,622.2,25.8,83.9,32.3,3.73,219.6,Agricultural,Sandy,176.2,0,0,0
Assam - Brahmaputra Basin,566.7,25.7,91.8,1194.2,3.54,591.8,Forest,Silt,168.8,1,0,0
Rajasthan - Luni Basin,194.2,32.1,77.6,226.0,1.01,120.2,Agricultural,Loam,397.9,0,0,0
Uttar Pradesh - Ghaghara Basin,145.5,21.4,69.5,363.4,3.17,125.5,Agricultural,Loam,581.3,1,0,0
Madhya Pradesh - Chambal Basin,261.7,30.6,97.9,522.3,7.22,232.0,Forest,Loam,561.2,0,0,0
Telangana - Godavari Basin,72.8,24.2,56.7,302.8,0.69,154.9,Urban,Clay,386.7,0,0,0
Rajasthan - Luni Basin,281.6,27.9,88.2,293.8,7.65,145.0,Forest,Loam,686.7,0,0,0
Maharashtra - Godavari Basin,120.7,28.7,52.0,863.8,2.23,105.3,Water Body,Peat,384.7,1,1,0
Karnataka - Tungabhadra Basin,141.1,24.7,52.6,205.7,1.26,306.6,Agricultural,Loam,1144.5,1,0,0
Odisha - Mahanadi Basin,166.4,18.7,79.4,157.1,4.19,52.4,Water Body,Loam,445.8,0,0,0
Punjab - Sutlej Basin,152.5,23.7,79.2,228.3,5.02,196.0,Agricultural,Loam,261.0,1,0,0
Karnataka - Tungabhadra Basin,203.5,30.4,66.0,273.9,5.81,176.5,Water Body,Loam,981.2,1,1,1
Uttar Pradesh - Ghaghara Basin,120.1,25.1,44.7,647.4,7.78,220.9,Water Body,Clay,704.9,1,1,0
Tamil Nadu - Cauvery Basin,27.3,27.4,84.5,410.5,6.28,118.7,Agricultural,Loam,576.5,0,1,1
Telangana - Godavari Basin,114.0,27.4,86.6,597.6,3.79,193.6,Agricultural,Peat,852.8,0,0,0
Telangana - Godavari Basin,245.1,35.4,68.8,112.4,1.04,518.9,Agricultural,Silt,270.3,1,1,0
West Bengal - Ganga Delta,390.7,32.7,64.5,1151.8,2.36,331.5,Forest,Clay,374.6,0,1,1
West Bengal - Ganga Delta,185.3,26.9,96.5,740.5,3.83,11.3,Urban,Silt,1235.4,0,0,0
Maharashtra - Godavari Basin,289.1,25.6,70.1,1504.8,2.19,274.9,Water Body,Clay,744.1,1,0,0
Rajasthan - Luni Basin,325.6,18.3,47.6,243.7,5.2,104.8,Water Body,Clay,662.8,1,0,0
Telangana - Godavari Basin,178.7,24.6,72.2,527.5,3.4,103.6,Forest,Silt,381.9,1,1,0
Andhra Pradesh - Krishna Basin,255.1,30.2,78.9,288.6,2.55,147.6,Water Body,Clay,1454.6,1,1,0
Gujarat - Narmada Basin,447.6,28.8,78.2,618.6,6.27,1.1,Water Body,Sandy,779.5,1,1,1
Assam - Brahmaputra Basin,452.9,28.4,49.5,1843.1,4.71,472.8,Urban,Loam,384.5,1,1,1
Telangana - Godavari Basin,442.4,27.3,59.4,462.9,2.01,25.7,Agricultural,Silt,1310.0,0,0,1
Tamil Nadu - Cauvery Basin,221.9,27.1,66.1,200.7,2.12,140.8,Agricultural,Peat,449.0,1,0,0
Punjab - Sutlej Basin,292.7,35.5,70.1,685.8,5.75,285.6,Water Body,Peat,494.2,0,1,1
Karnataka - Tungabhadra Basin,101.8,35.4,99.4,526.3,3.8,166.1,Urban,Clay,144.2,1,1,0
Odisha - Mahanadi Basin,56.3,24.1,77.5,728.6,2.14,186.8,Water Body,Clay,114.6,1,1,0
Uttar Pradesh - Ghaghara Basin,158.5,21.8,71.9,616.0,4.32,137.7,Agricultural,Loam,446.3,1,1,0
Telangana - Godavari Basin,198.1,30.5,54.9,1357.3,4.12,162.2,Urban,Silt,1394.4,1,1,1
Assam - Brahmaputra Basin,114.0,28.0,90.1,479.8,3.07,106.8,Agricultural,Sandy,1739.7,1,1,0
Andhra Pradesh - Krishna Basin,54.3,24.4,70.5,49.1,5.78,95.9,Forest,Peat,344.4,1,0,0
Odisha - Mahanadi Basin,114.9,26.2,83.9,544.4,4.8,99.0,Urban,Peat,720.6,1,0,0
Telangana - Godavari Basin,50.1,22.5,45.0,85.6,3.93,92.3,Forest,Clay,559.2,1,1,0
Karnataka - Tungabhadra Basin,60.5,23.5,54.6,241.9,1.57,238.3,Urban,Sandy,382.4,1,0,0
Madhya Pradesh - Chambal Basin,421.7,29.1,75.3,496.9,4.59,86.0,Urban,Silt,922.2,1,1,1
Madhya Pradesh - Chambal Basin,520.4,19.4,78.1,622.3,2.21,75.0,Agricultural,Silt,383.8,1,1,0
Telangana - Godavari Basin,16.6,27.3,38.5,171.7,2.01,305.8,Agricultural,Sandy,844.7,0,0,0
Gujarat - Narmada Basin,206.9,30.1,86.4,476.8,5.77,176.8,Urban,Sandy,657.1,1,0,0
Tamil Nadu - Cauvery Basin,266.6,26.6,45.1,579.8,2.0,83.5,Agricultural,Peat,993.7,0,0,0
Gujarat - Narmada Basin,38.1,31.2,67.4,274.7,2.38,85.2,Water Body,Loam,1426.4,0,0,0
Karnataka - Tungabhadra Basin,26.2,32.5,47.7,360.9,1.7,135.4,Desert,Silt,416.6,0,1,0
Kerala - Periyar Basin,230.4,28.4,65.3,387.4,1.77,57.3,Urban,Peat,254.8,1,1,0
Karnataka - Tungabhadra Basin,113.8,22.7,73.5,585.1,3.5,55.3,Forest,Peat,983.2,1,1,0
Andhra Pradesh - Krishna Basin,420.5,34.8,76.3,552.4,2.43,26.9,Water Body,Loam,1275.5,0,1,1
Maharashtra - Godavari Basin,477.1,31.6,60.0,247.7,4.36,144.1,Urban,Clay,677.8,1,1,1
Bihar - Kosi Basin,225.3,23.5,71.4,652.3,7.32,147.2,Urban,Silt,1362.0,0,1,1
Madhya Pradesh - Chambal Basin,432.5,34.3,84.0,368.2,6.58,98.4,Agricultural,Loam,1439.8,1,1,1
Assam - Brahmaputra Basin,111.0,23.8,72.1,432.1,4.04,8.4,Urban,Peat,282.7,1,1,0
Assam - Brahmaputra Basin,443.2,29.9,84.8,386.0,3.01,60.2,Urban,Loam,1536.0,1,1,1
Andhra Pradesh - Krishna Basin,65.2,20.1,59.8,751.0,5.47,56.3,Urban,Loam,947.8,1,1,0
Gujarat - Narmada Basin,198.5,28.4,79.0,279.4,6.05,82.7,Agricultural,Sandy,4034.1,0,0,0
Rajasthan - Luni Basin,102.4,32.9,59.4,184.2,4.11,56.7,Forest,Clay,438.4,1,1,0
Rajasthan - Luni Basin,269.3,32.9,48.1,594.2,1.8,84.4,Forest,Loam,379.9,1,0,0
Telangana - Godavari Basin,176.6,24.4,59.8,124.3,5.41,77.6,Forest,Clay,242.0,0,1,0
West Bengal - Ganga Delta,310.3,24.9,81.2,1090.2,6.77,122.2,Agricultural,Silt,1257.0,1,0,0
Bihar - Kosi Basin,104.6,27.6,84.4,724.3,2.24,56.7,Agricultural,Sandy,939.5,0,0,0
Rajasthan - Luni Basin,93.4,25.5,67.2,179.3,4.53,51.0,Forest,Clay,652.2,1,0,0
Odisha - Mahanadi Basin,137.6,31.4,88.1,286.6,5.19,226.8,Urban,Sandy,321.5,1,1,0
Rajasthan - Luni Basin,110.7,29.3,87.8,433.7,7.29,152.2,Agricultural,Silt,881.1,0,1,1
Bihar - Kosi Basin,543.1,31.1,53.4,369.4,3.07,362.9,Desert,Loam,1357.7,0,1,1
Madhya Pradesh - Chambal Basin,62.0,34.0,64.8,758.1,4.62,375.9,Urban,Clay,336.9,0,0,1
Bihar - Kosi Basin,201.5,22.9,69.9,263.2,0.36,97.5,Agricultural,Loam,234.0,1,0,0
Punjab - Sutlej Basin,346.2,31.4,66.6,659.1,9.7,91.8,Agricultural,Clay,436.0,1,0,0
Kerala - Periyar Basin,375.6,21.5,89.9,414.5,8.23,54.6,Desert,Loam,925.1,1,0,0
Telangana - Godavari Basin,190.0,27.8,86.6,555.7,2.27,35.7,Desert,Loam,38.4,1,1,0
Andhra Pradesh - Krishna Basin,155.1,31.7,34.6,747.4,2.91,147.4,Agricultural,Loam,316.7,0,1,1
West Bengal - Ganga Delta,58.6,26.4,86.2,508.6,13.49,290.7,Water Body,Silt,58.7,0,0,1
Odisha - Mahanadi Basin,30.2,30.4,66.6,504.0,1.54,417.1,Urban,Clay,102.2,0,1,0
Bihar - Kosi Basin,65.9,29.4,67.4,335.9,4.05,63.9,Agricultural,Clay,999.2,0,0,0
Bihar - Kosi Basin,403.8,29.0,72.0,450.0,4.62,186.9,Agricultural,Silt,360.7,1,1,0
Karnataka - Tungabhadra Basin,385.9,28.6,58.8,580.5,2.5,140.8,Urban,Silt,292.4,1,0,0
West Bengal - Ganga Delta,116.7,21.7,64.7,523.4,4.31,137.5,Desert,Sandy,444.7,1,1,0
Punjab - Sutlej Basin,74.7,28.2,87.1,549.3,1.77,213.8,Urban,Silt,473.9,0,0,0
Madhya Pradesh - Chambal Basin,147.1,28.0,68.5,558.4,5.12,72.3,Agricultural,Clay,976.7,1,0,0
Bihar - Kosi Basin,151.0,31.2,81.2,1401.8,1.93,448.9,Forest,Clay,319.2,1,0,0
West Bengal - Ganga Delta,113.5,31.3,44.2,228.4,3.05,85.7,Agricultural,Clay,504.5,1,0,0
Karnataka - Tungabhadra Basin,329.9,32.5,69.4,171.2,3.9,228.1,Desert,Silt,369.9,0,0,0
Rajasthan - Luni Basin,118.8,32.8,63.7,220.2,9.95,205.4,Urban,Loam,483.1,1,1,0
Odisha - Mahanadi Basin,287.4,27.0,84.7,532.5,1.76,261.0,Agricultural,Loam,671.5,1,0,0
Uttar Pradesh - Ghaghara Basin,92.9,27.7,27.7,251.9,5.15,11.4,Water Body,Clay,101.4,0,0,0
Assam - Brahmaputra Basin,257.9,30.3,74.6,75.4,5.87,236.1,Desert,Clay,498.3,1,0,0
Karnataka - Tungabhadra Basin,509.2,27.9,75.2,625.4,10.03,59.9,Agricultural,Sandy,1130.8,1,1,1
West Bengal - Ganga Delta,249.4,27.3,66.7,63.5,0.82,276.2,Agricultural,Clay,317.6,0,1,0
Uttar Pradesh - Ghaghara Basin,232.7,29.1,70.4,282.4,2.64,172.5,Agricultural,Sandy,1982.2,1,1,0
Odisha - Mahanadi Basin,140.9,33.0,86.0,211.1,6.7,416.0,Agricultural,Loam,214.1,1,1,0
Assam - Brahmaputra Basin,188.1,25.8,62.3,495.9,2.52,187.3,Urban,Clay,1474.5,1,0,0
Andhra Pradesh - Krishna Basin,274.9,23.5,91.7,438.1,2.85,206.9,Water Body,Peat,525.3,1,1,0
Maharashtra - Godavari Basin,292.7,30.7,68.0,1188.3,7.71,134.1,Agricultural,Loam,540.9,1,1,0
Assam - Brahmaputra Basin,630.2,25.9,89.0,98.8,7.54,208.9,Forest,Sandy,919.3,0,0,0
Punjab - Sutlej Basin,160.0,26.0,87.8,44.8,4.26,97.6,Water Body,Loam,446.7,1,0,0
Tamil Nadu - Cauvery Basin,125.9,29.2,70.3,1022.5,3.24,92.1,Desert,Clay,3002.1,1,1,1
Andhra Pradesh - Krishna Basin,157.7,32.3,78.8,574.5,4.67,110.0,Agricultural,Silt,511.5,1,0,0
Madhya Pradesh - Chambal Basin,479.0,28.3,89.9,133.9,4.49,31.4,Agricultural,Clay,1281.7,1,0,0
Tamil Nadu - Cauvery Basin,208.5,31.0,84.9,1537.0,5.43,319.9,Forest,Clay,393.7,1,0,0
Assam - Brahmaputra Basin,65.6,24.1,91.2,969.7,3.69,31.6,Water Body,Sandy,119.8,1,0,0
Telangana - Godavari Basin,51.3,28.2,67.7,397.5,1.22,661.6,Urban,Loam,942.6,1,1,0
Rajasthan - Luni Basin,123.6,30.3,77.2,408.2,4.1,34.0,Agricultural,Clay,914.1,0,1,0
Karnataka - Tungabhadra Basin,52.0,33.8,93.2,470.9,0.89,290.4,Urban,Clay,378.5,1,0,0
Karnataka - Tungabhadra Basin,460.1,21.7,68.5,189.2,0.9,37.0,Forest,Silt,514.4,0,0,0
Uttar Pradesh - Ghaghara Basin,417.7,27.5,43.7,233.0,2.67,181.8,Water Body,Silt,60.5,0,1,1
Andhra Pradesh - Krishna Basin,117.6,22.1,60.5,508.5,3.42,133.8,Agricultural,Loam,333.0,0,1,0
Gujarat - Narmada Basin,162.9,20.0,80.9,595.1,5.51,67.9,Forest,Loam,268.8,1,1,0
Andhra Pradesh - Krishna Basin,162.1,26.7,92.3,1168.6,8.59,234.6,Forest,Sandy,2042.3,1,1,1
Uttar Pradesh - Ghaghara Basin,203.5,30.5,83.8,481.3,0.99,96.3,Urban,Peat,346.7,1,1,0
Maharashtra - Godavari Basin,106.0,23.5,76.5,462.0,4.03,142.4,Agricultural,Loam,473.2,1,1,0
Odisha - Mahanadi Basin,144.5,32.0,74.0,462.0,7.55,135.9,Desert,Silt,1404.2,0,1,1
Tamil Nadu - Cauvery Basin,198.7,29.6,51.6,801.2,8.54,65.2,Agricultural,Loam,1699.4,1,1,0
Punjab - Sutlej Basin,576.6,27.3,75.5,450.6,1.0,105.8,Agricultural,Peat,1923.4,1,0,0
Maharashtra - Godavari Basin,647.6,29.5,82.5,990.9,4.49,253.4,Water Body,Clay,360.3,0,1,1
Kerala - Periyar Basin,73.1,18.9,88.2,490.8,1.76,458.0,Forest,Peat,232.9,1,1,0
Punjab - Sutlej Basin,279.1,28.3,46.4,210.1,5.02,325.1,Agricultural,Peat,182.8,0,0,0
Punjab - Sutlej Basin,270.9,32.5,61.8,926.7,5.74,219.3,Urban,Silt,796.1,0,0,1
Odisha - Mahanadi Basin,190.4,27.8,62.8,240.1,10.04,61.8,Agricultural,Loam,398.1,0,1,1
Assam - Brahmaputra Basin,655.2,31.0,59.3,440.7,7.12,52.0,Agricultural,Loam,1124.3,0,1,1
Karnataka - Tungabhadra Basin,168.2,27.7,83.2,337.8,4.36,95.5,Water Body,Clay,349.1,0,1,1
West Bengal - Ganga Delta,83.0,27.8,67.6,226.2,4.58,198.9,Urban,Peat,1798.1,1,0,0
Punjab - Sutlej Basin,136.1,28.1,83.7,733.5,6.3,178.9,Desert,Peat,42.4,0,0,0
Punjab - Sutlej Basin,162.1,25.8,60.9,1002.2,2.82,56.7,Forest,Clay,425.2,1,1,0
Madhya Pradesh - Chambal Basin,77.7,27.9,78.0,987.0,4.48,245.2,Urban,Clay,512.5,0,1,1
Maharashtra - Godavari Basin,80.3,30.1,76.5,181.8,5.25,274.2,Desert,Peat,361.2,1,0,0
Karnataka - Tungabhadra Basin,54.0,26.6,76.8,1321.4,8.13,107.2,Urban,Silt,959.8,1,0,1
Bihar - Kosi Basin,171.0,14.9,52.0,303.6,4.12,43.5,Agricultural,Clay,451.7,0,1,1
Karnataka - Tungabhadra Basin,486.5,21.8,53.2,319.9,4.86,217.8,Urban,Loam,665.0,1,1,0
Kerala - Periyar Basin,236.4,31.0,67.9,161.8,9.92,39.5,Agricultural,Silt,173.0,0,0,0
Maharashtra - Godavari Basin,66.7,27.0,100.0,275.2,9.24,268.3,Water Body,Sandy,430.6,0,0,0
Bihar - Kosi Basin,399.2,26.6,62.7,718.3,10.81,112.4,Water Body,Clay,1174.3,0,1,1
Telangana - Godavari Basin,146.8,20.0,70.3,303.5,3.34,27.3,Forest,Clay,595.2,1,1,0
Maharashtra - Godavari Basin,637.7,28.7,73.7,858.9,8.49,192.6,Agricultural,Clay,849.6,1,1,1
Tamil Nadu - Cauvery Basin,61.6,31.6,66.0,916.7,3.09,83.6,Urban,Sandy,928.2,0,0,1
Assam - Brahmaputra Basin,112.0,25.3,66.9,254.9,1.69,96.0,Agricultural,Silt,502.2,0,0,0
Punjab - Sutlej Basin,221.5,28.1,62.7,150.1,5.37,266.3,Agricultural,Sandy,344.4,0,1,0
Kerala - Periyar Basin,20.9,27.3,69.0,219.9,2.2,191.4,Agricultural,Loam,135.9,1,0,0
Telangana - Godavari Basin,162.3,26.8,65.8,588.8,1.88,70.3,Forest,Clay,1068.7,0,1,0
Telangana - Godavari Basin,235.5,24.0,50.5,149.6,2.52,201.1,Desert,Peat,212.5,1,0,0
Punjab - Sutlej Basin,67.3,36.3,65.8,470.0,6.58,296.5,Urban,Sandy,55.5,1,1,0
Andhra Pradesh - Krishna Basin,184.8,23.3,74.3,120.9,2.0,526.3,Agricultural,Silt,1378.9,1,1,0
Gujarat - Narmada Basin,204.3,30.6,74.7,248.7,1.7,40.8,Agricultural,Peat,1736.6,0,1,0
Punjab - Sutlej Basin,247.7,33.2,52.5,207.4,1.11,210.2,Agricultural,Clay,1217.7,1,0,0
Maharashtra - Godavari Basin,200.3,29.9,76.7,519.7,3.7,121.2,Agricultural,Clay,1179.4,1,0,0
Kerala - Periyar Basin,117.0,26.7,68.6,749.4,1.25,468.7,Forest,Clay,429.8,0,0,0
Karnataka - Tungabhadra Basin,116.8,17.1,74.3,1140.5,3.96,114.8,Urban,Clay,408.5,0,0,0
Maharashtra - Godavari Basin,295.4,30.8,65.9,276.7,1.96,75.8,Forest,Loam,946.5,1,1,0
Rajasthan - Luni Basin,190.4,22.0,81.5,65.7,1.55,51.2,Forest,Sandy,416.6,1,1,0
Telangana - Godavari Basin,308.3,27.3,76.2,55.6,5.53,298.3,Agricultural,Loam,125.5,1,0,0
Tamil Nadu - Cauvery Basin,167.0,31.8,60.2,344.1,1.07,319.8,Urban,Silt,1817.0,1,0,0
Assam - Brahmaputra Basin,587.2,23.8,81.2,762.6,5.37,494.2,Forest,Peat,380.3,0,0,0
Kerala - Periyar Basin,171.5,30.3,40.5,770.0,3.43,33.1,Desert,Silt,769.8,1,1,0
Gujarat - Narmada Basin,207.1,24.9,56.6,395.2,9.87,503.8,Urban,Silt,1291.4,1,0,0
Bihar - Kosi Basin,568.7,30.2,68.1,146.3,5.76,50.7,Water Body,Silt,318.7,0,1,1
Telangana - Godavari Basin,125.8,28.8,74.6,148.6,6.9,338.0,Water Body,Clay,594.1,0,0,0
Rajasthan - Luni Basin,476.8,29.5,61.7,330.8,5.36,141.3,Forest,Sandy,273.4,0,1,0
Andhra Pradesh - Krishna Basin,247.5,27.8,59.5,183.4,6.44,132.1,Desert,Silt,1136.7,0,1,0
Tamil Nadu - Cauvery Basin,233.6,29.2,70.0,710.2,4.94,69.2,Forest,Peat,856.4,1,0,0
Assam - Brahmaputra Basin,334.5,29.8,89.2,355.1,6.98,288.7,Forest,Loam,1046.8,1,0,0
Andhra Pradesh - Krishna Basin,144.7,28.1,72.2,260.7,4.05,222.9,Agricultural,Loam,62.8,0,1,0
Odisha - Mahanadi Basin,109.8,24.2,53.5,149.8,5.16,566.0,Agricultural,Clay,512.8,1,0,0
Punjab - Sutlej Basin,367.0,27.3,70.5,483.0,3.73,174.6,Urban,Loam,427.0,1,0,0
Punjab - Sutlej Basin,332.6,24.9,75.3,86.9,1.53,90.2,Urban,Clay,1029.9,0,0,0
Bihar - Kosi Basin,91.9,20.7,51.2,210.4,4.24,52.0,Urban,Clay,936.5,1,0,0
Maharashtra - Godavari Basin,243.9,30.5,77.7,452.1,2.5,195.5,Agricultural,Sandy,303.3,1,0,0
Rajasthan - Luni Basin,138.0,29.0,100.0,480.0,3.28,166.0,Desert,Silt,191.7,0,1,0
Rajasthan - Luni Basin,140.1,28.6,84.2,433.9,3.4,109.6,Urban,Loam,606.0,0,0,0
Odisha - Mahanadi Basin,37.3,25.5,54.7,963.9,3.75,83.4,Desert,Sandy,422.7,0,1,1
Bihar - Kosi Basin,389.8,29.6,31.4,485.5,11.54,134.1,Urban,Loam,274.3,0,0,1
West Bengal - Ganga Delta,320.8,28.2,76.4,75.2,4.27,573.5,Urban,Clay,709.8,1,1,0
Andhra Pradesh - Krishna Basin,324.8,38.6,85.6,858.8,13.13,68.7,Forest,Loam,1137.0,1,0,1
Madhya Pradesh - Chambal Basin,250.3,33.0,89.5,219.1,2.27,117.4,Desert,Clay,777.4,0,0,0
Kerala - Periyar Basin,244.5,22.0,83.0,425.8,5.8,12.3,Urban,Loam,980.5,0,1,1
Punjab - Sutlej Basin,229.4,25.0,82.6,303.6,5.4,295.7,Water Body,Peat,299.8,1,0,0
Uttar Pradesh - Ghaghara Basin,60.9,31.3,66.5,589.0,5.4,284.1,Water Body,Sandy,590.8,0,1,1
Tamil Nadu - Cauvery Basin,652.7,30.7,89.3,645.4,7.14,359.6,Urban,Sandy,938.8,1,0,0
Tamil Nadu - Cauvery Basin,36.5,24.1,41.1,906.8,1.35,284.6,Agricultural,Silt,649.5,1,0,0
Rajasthan - Luni Basin,97.3,37.0,81.8,508.1,3.94,216.6,Agricultural,Sandy,2319.9,1,0,0
Punjab - Sutlej Basin,250.1,32.6,69.9,428.8,2.02,197.2,Forest,Loam,890.5,1,0,0
Tamil Nadu - Cauvery Basin,81.6,34.3,77.4,333.5,4.2,281.3,Agricultural,Clay,671.5,0,1,0
West Bengal - Ganga Delta,94.3,33.4,72.4,259.8,3.79,67.9,Agricultural,Sandy,428.8,1,1,0
Telangana - Godavari Basin,27.0,31.0,51.5,725.4,1.07,78.3,Agricultural,Loam,373.5,1,1,0
West Bengal - Ganga Delta,106.9,30.4,80.3,681.8,2.41,520.1,Desert,Sandy,1608.3,1,0,0
West Bengal - Ganga Delta,252.7,24.6,96.4,626.7,6.39,164.9,Agricultural,Clay,1375.0,1,1,1
Odisha - Mahanadi Basin,433.6,25.9,68.7,985.7,9.0,49.6,Agricultural,Silt,1261.5,1,1,1
Odisha - Mahanadi Basin,81.4,26.5,74.0,444.3,3.8,186.6,Urban,Silt,139.6,0,1,0
Gujarat - Narmada Basin,321.8,20.7,72.3,515.0,2.87,113.5,Urban,Peat,1080.8,1,1,0
Gujarat - Narmada Basin,651.5,31.7,51.6,136.2,4.5,40.5,Agricultural,Clay,871.6,0,0,1
Karnataka - Tungabhadra Basin,547.3,23.2,86.7,22.4,0.7,113.1,Agricultural,Silt,856.4,1,1,0
Tamil Nadu - Cauvery Basin,291.8,28.9,69.1,617.3,3.49,99.1,Desert,Clay,519.5,1,0,0
Tamil Nadu - Cauvery Basin,181.1,27.0,84.5,154.5,2.41,104.7,Urban,Sandy,1221.8,0,1,0
Punjab - Sutlej Basin,280.0,32.6,68.4,275.6,1.63,155.6,Water Body,Peat,479.8,1,1,0
Assam - Brahmaputra Basin,279.1,29.0,73.9,195.5,4.25,104.6,Urban,Clay,307.6,0,0,0
Punjab - Sutlej Basin,243.2,31.4,72.3,904.3,3.95,228.5,Forest,Clay,815.3,0,0,0
Punjab - Sutlej Basin,324.6,26.9,53.3,181.8,6.92,230.2,Forest,Sandy,308.8,1,1,0
Karnataka - Tungabhadra Basin,158.6,30.8,71.5,190.1,2.85,241.8,Urban,Loam,312.2,1,1,0
Bihar - Kosi Basin,323.5,23.5,65.3,337.8,7.1,170.6,Agricultural,Clay,588.3,0,1,0
Maharashtra - Godavari Basin,113.6,26.1,48.6,402.7,6.5,154.8,Agricultural,Silt,146.6,1,1,0
Tamil Nadu - Cauvery Basin,323.9,27.9,72.6,376.1,1.6,309.9,Forest,Peat,461.5,1,0,0
Tamil Nadu - Cauvery Basin,27.1,30.9,66.1,556.9,0.42,256.4,Agricultural,Sandy,106.2,0,1,0
West Bengal - Ganga Delta,189.5,19.8,56.2,462.9,9.41,494.3,Forest,Loam,461.4,1,0,0
Assam - Brahmaputra Basin,108.9,32.3,81.7,295.9,5.18,227.2,Agricultural,Clay,586.0,1,0,0
West Bengal - Ganga Delta,187.8,30.8,59.5,304.5,7.64,189.3,Urban,Loam,262.9,0,0,1
Telangana - Godavari Basin,132.6,22.8,70.4,263.1,6.22,118.6,Agricultural,Sandy,1062.0,1,0,0
Telangana - Godavari Basin,240.6,28.8,47.8,397.4,4.01,134.2,Urban,Peat,514.5,0,1,0
Karnataka - Tungabhadra Basin,128.1,26.3,53.9,78.1,10.02,83.2,Agricultural,Clay,119.4,0,0,0
Karnataka - Tungabhadra Basin,121.8,26.3,64.3,554.4,6.87,359.4,Urban,Clay,1063.1,0,0,0
Tamil Nadu - Cauvery Basin,401.7,30.0,79.2,848.4,3.97,310.9,Agricultural,Silt,592.7,0,1,1
Uttar Pradesh - Ghaghara Basin,448.9,39.4,67.5,125.9,14.95,238.4,Urban,Loam,350.4,0,0,1
West Bengal - Ganga Delta,278.0,30.1,81.4,344.1,1.9,8.3,Urban,Silt,1089.9,1,0,0
Uttar Pradesh - Ghaghara Basin,730.8,16.7,62.6,478.9,3.66,272.2,Forest,Silt,1007.3,1,0,0
Rajasthan - Luni Basin,135.5,27.2,64.7,992.4,3.02,228.9,Urban,Sandy,208.0,0,0,0
Punjab - Sutlej Basin,393.9,33.6,85.7,307.3,3.72,153.0,Agricultural,Silt,1452.5,0,0,0
Telangana - Godavari Basin,104.9,21.5,62.2,556.8,7.58,505.4,Forest,Clay,92.9,0,0,0
Gujarat - Narmada Basin,331.1,30.9,79.0,267.6,3.63,33.5,Urban,Sandy,390.8,0,1,1
Kerala - Periyar Basin,466.5,36.4,81.4,541.7,1.74,121.3,Urban,Loam,1284.3,1,0,0
Bihar - Kosi Basin,133.8,25.0,67.9,1720.5,6.33,104.1,Desert,Loam,808.4,0,0,1
Tamil Nadu - Cauvery Basin,410.7,23.2,76.0,328.8,1.15,149.4,Urban,Loam,338.8,0,1,0
Tamil Nadu - Cauvery Basin,138.2,23.4,61.5,48.7,9.53,330.9,Agricultural,Loam,664.7,1,0,0
Rajasthan - Luni Basin,217.5,30.1,61.4,1163.5,8.38,38.0,Forest,Peat,405.4,0,1,1
Assam - Brahmaputra Basin,313.9,31.4,49.4,239.6,8.13,219.5,Desert,Clay,135.8,1,1,0
Uttar Pradesh - Ghaghara Basin,110.8,26.2,90.2,228.0,6.28,353.6,Agricultural,Clay,1136.7,1,1,0
Karnataka - Tungabhadra Basin,163.7,29.2,57.5,288.3,0.61,423.8,Forest,Clay,723.2,1,1,0
Karnataka - Tungabhadra Basin,158.5,26.9,86.9,853.5,3.6,212.3,Forest,Sandy,288.1,1,1,0
Maharashtra - Godavari Basin,293.2,33.1,55.7,62.3,3.62,229.5,Agricultural,Sandy,389.6,1,1,0
Assam - Brahmaputra Basin,208.9,27.8,73.6,618.9,6.05,39.5,Desert,Silt,1524.7,0,1,1
Tamil Nadu - Cauvery Basin,394.4,36.8,68.5,68.6,1.7,68.3,Water Body,Clay,846.3,1,0,0
Telangana - Godavari Basin,46.6,23.1,81.8,479.9,4.05,82.3,Agricultural,Loam,163.5,0,0,0
Odisha - Mahanadi Basin,125.1,32.9,83.6,363.5,7.61,205.4,Water Body,Loam,2441.5,1,0,0
Telangana - Godavari Basin,70.3,27.8,80.3,594.0,11.44,116.2,Agricultural,Sandy,236.4,1,0,0
Maharashtra - Godavari Basin,451.4,24.5,73.2,139.9,4.15,128.9,Desert,Clay,1480.5,1,1,0
Tamil Nadu - Cauvery Basin,322.2,26.9,100.0,552.9,4.08,403.7,Water Body,Clay,352.7,0,0,1
Bihar - Kosi Basin,327.3,24.2,71.9,353.4,5.05,126.0,Urban,Clay,248.0,0,0,0
Rajasthan - Luni Basin,900.0,35.6,81.0,231.8,19.48,56.3,Agricultural,Sandy,582.3,0,0,1
Punjab - Sutlej Basin,236.5,25.5,84.7,282.2,14.54,131.4,Agricultural,Loam,584.3,1,0,1
Madhya Pradesh - Chambal Basin,355.0,29.1,73.2,1472.4,1.75,172.9,Desert,Loam,754.5,1,0,0
Kerala - Periyar Basin,740.0,30.9,63.6,316.3,1.9,52.4,Desert,Sandy,602.2,1,0,0
Maharashtra - Godavari Basin,86.4,25.0,50.6,1143.8,3.15,300.6,Forest,Clay,887.6,1,1,0
Bihar - Kosi Basin,67.6,23.2,73.2,527.9,9.06,22.8,Forest,Silt,196.7,1,0,0
Gujarat - Narmada Basin,182.7,23.1,61.3,1659.8,7.3,406.9,Agricultural,Loam,2007.1,0,1,1
Karnataka - Tungabhadra Basin,167.4,26.8,90.7,749.3,2.32,54.0,Agricultural,Loam,187.0,1,1,0
Odisha - Mahanadi Basin,207.5,34.8,67.1,395.8,10.33,266.1,Agricultural,Loam,317.2,1,1,0
Telangana - Godavari Basin,363.0,24.0,91.6,465.9,3.24,64.1,Forest,Silt,256.3,1,0,0
Uttar Pradesh - Ghaghara Basin,135.2,20.6,87.6,110.0,3.46,47.5,Agricultural,Loam,296.5,1,1,0
Andhra Pradesh - Krishna Basin,145.6,27.4,91.8,124.1,1.13,428.8,Urban,Sandy,503.3,0,1,1
Rajasthan - Luni Basin,16.2,24.1,80.1,238.7,5.79,169.3,Water Body,Sandy,584.2,0,1,0
Karnataka - Tungabhadra Basin,711.6,26.3,60.6,224.3,3.85,52.5,Forest,Clay,535.6,1,1,0
Telangana - Godavari Basin,115.0,26.6,78.9,312.3,2.53,29.5,Urban,Silt,452.1,1,0,0
Odisha - Mahanadi Basin,144.4,29.3,71.6,1094.1,10.43,469.5,Agricultural,Clay,507.3,0,1,1
Maharashtra - Godavari Basin,94.4,24.5,50.9,355.9,1.18,347.8,Agricultural,Sandy,1483.7,1,0,0
Maharashtra - Godavari Basin,134.8,22.7,83.0,764.6,2.44,77.5,Agricultural,Loam,699.4,0,1,1
Kerala - Periyar Basin,141.7,36.7,89.8,223.9,7.32,280.3,Urban,Peat,999.0,1,1,0
Odisha - Mahanadi Basin,87.0,26.3,78.2,1519.0,1.86,84.7,Forest,Loam,312.6,1,0,0
Uttar Pradesh - Ghaghara Basin,384.1,28.5,82.7,900.9,1.24,22.4,Urban,Clay,385.8,0,1,1
Tamil Nadu - Cauvery Basin,234.2,29.9,48.5,359.0,12.86,156.5,Agricultural,Silt,17.1,1,1,0
Maharashtra - Godavari Basin,275.8,36.6,78.4,154.3,4.24,199.9,Desert,Loam,390.9,1,0,0
Madhya Pradesh - Chambal Basin,84.3,26.5,100.0,582.9,8.08,385.6,Urban,Peat,991.6,1,0,0
Andhra Pradesh - Krishna Basin,48.8,33.3,48.1,479.3,7.3,182.5,Agricultural,Clay,971.6,0,1,1
Odisha - Mahanadi Basin,273.8,31.4,63.7,450.3,2.85,177.1,Desert,Peat,392.1,1,0,0
Uttar Pradesh - Ghaghara Basin,106.3,28.1,47.6,379.9,1.61,70.6,Forest,Peat,324.0,1,1,0
Bihar - Kosi Basin,486.7,21.6,62.6,366.8,4.77,232.7,Urban,Sandy,434.0,1,0,0
Madhya Pradesh - Chambal Basin,148.4,28.5,84.2,275.0,2.99,147.5,Urban,Loam,835.8,1,1,0
Punjab - Sutlej Basin,256.7,30.3,77.1,739.8,3.81,27.9,Agricultural,Sandy,2600.0,1,1,1
Madhya Pradesh - Chambal Basin,165.1,27.2,100.0,410.3,1.87,253.6,Forest,Peat,488.8,0,0,0
Gujarat - Narmada Basin,185.9,26.5,98.3,475.4,5.61,799.9,Urban,Silt,715.7,1,0,0
Kerala - Periyar Basin,95.4,34.1,77.8,390.1,6.28,170.7,Water Body,Loam,974.1,1,0,0
West Bengal - Ganga Delta,88.2,30.6,96.5,1037.7,4.98,58.0,Forest,Clay,813.2,1,0,0
Uttar Pradesh - Ghaghara Basin,272.9,29.6,90.5,841.1,2.46,151.4,Urban,Silt,762.1,1,0,0
Bihar - Kosi Basin,309.8,29.3,79.6,407.0,2.15,37.1,Agricultural,Clay,52.7,1,0,0
Telangana - Godavari Basin,109.4,21.1,75.0,798.2,1.56,163.2,Agricultural,Sandy,187.6,0,0,1
Odisha - Mahanadi Basin,198.2,23.1,100.0,558.6,3.32,358.9,Urban,Sandy,196.9,0,0,0
Karnataka - Tungabhadra Basin,505.1,33.1,61.6,466.2,6.61,95.6,Agricultural,Clay,677.0,1,1,1
Karnataka - Tungabhadra Basin,91.2,30.1,67.5,728.4,4.76,155.2,Agricultural,Peat,307.9,1,0,0
Uttar Pradesh - Ghaghara Basin,289.8,29.0,83.3,1117.2,1.36,315.5,Forest,Sandy,995.7,0,1,1
Madhya Pradesh - Chambal Basin,185.0,30.0,61.9,217.4,2.71,262.3,Urban,Peat,426.3,1,0,0
Telangana - Godavari Basin,377.5,22.3,75.6,436.4,3.24,103.7,Agricultural,Peat,344.9,0,1,1
Karnataka - Tungabhadra Basin,188.3,19.6,79.9,900.2,1.47,278.6,Urban,Clay,1061.5,1,0,0
Maharashtra - Godavari Basin,339.2,25.5,76.4,278.9,3.94,223.6,Agricultural,Clay,1305.4,1,0,0
Madhya Pradesh - Chambal Basin,281.1,26.1,86.6,82.5,2.72,13.4,Forest,Clay,1908.9,1,0,0
Punjab - Sutlej Basin,99.0,26.0,66.4,348.1,2.55,479.1,Agricultural,Sandy,467.3,0,1,0
Odisha - Mahanadi Basin,210.0,29.5,63.7,749.0,7.72,80.5,Urban,Silt,188.3,1,1,0
Madhya Pradesh - Chambal Basin,254.7,22.2,74.4,33.9,2.97,96.0,Urban,Sandy,468.1,0,0,0
Maharashtra - Godavari Basin,138.4,32.1,80.9,799.5,1.28,25.6,Agricultural,Sandy,1167.4,0,0,0
Punjab - Sutlej Basin,533.6,28.9,53.4,192.8,3.9,79.0,Agricultural,Silt,209.0,0,1,1
Andhra Pradesh - Krishna Basin,101.4,31.9,84.8,555.4,4.33,65.5,Urban,Sandy,1244.6,1,0,0
Punjab - Sutlej Basin,61.4,34.0,76.0,316.2,4.29,157.3,Agricultural,Loam,144.6,1,1,0
Assam - Brahmaputra Basin,314.0,27.0,77.6,1146.2,4.4,80.0,Agricultural,Silt,203.2,1,1,0
Assam - Brahmaputra Basin,102.6,32.9,83.7,83.3,15.84,229.6,Desert,Silt,1083.6,1,0,0
Uttar Pradesh - Ghaghara Basin,95.6,18.2,68.1,491.7,4.04,434.7,Urban,Loam,522.9,1,0,0
Odisha - Mahanadi Basin,209.6,22.8,61.9,341.4,2.89,186.4,Water Body,Peat,1203.6,0,0,0
Assam - Brahmaputra Basin,90.5,27.3,56.3,469.5,3.1,33.2,Desert,Sandy,1209.6,0,0,0
Bihar - Kosi Basin,368.1,30.0,76.1,1881.1,7.24,59.7,Urban,Sandy,496.7,0,0,1
Rajasthan - Luni Basin,229.5,24.0,52.5,1106.5,2.94,60.9,Water Body,Peat,1108.5,1,0,0
Tamil Nadu - Cauvery Basin,139.2,26.6,79.8,1168.1,3.59,358.9,Water Body,Clay,173.4,1,0,0
Gujarat - Narmada Basin,96.7,31.1,72.0,957.5,3.43,325.5,Agricultural,Clay,703.7,1,1,0
Uttar Pradesh - Ghaghara Basin,337.0,26.1,54.4,404.6,4.81,616.3,Agricultural,Silt,1440.8,1,0,0
Telangana - Godavari Basin,26.0,28.7,44.5,447.3,4.11,48.2,Agricultural,Silt,678.5,0,0,0
Telangana - Godavari Basin,98.1,33.8,48.7,905.0,8.54,37.8,Forest,Sandy,923.3,0,0,1
Assam - Brahmaputra Basin,59.8,25.5,45.2,413.2,1.77,285.1,Agricultural,Clay,594.0,0,0,0
Bihar - Kosi Basin,197.0,28.5,92.5,232.1,4.34,151.3,Agricultural,Silt,304.3,1,1,0
Odisha - Mahanadi Basin,126.8,31.2,51.8,318.9,9.48,196.6,Urban,Sandy,283.1,0,1,1
Tamil Nadu - Cauvery Basin,80.8,26.0,100.0,551.2,8.0,116.5,Desert,Clay,363.0,1,0,0
West Bengal - Ganga Delta,246.0,26.9,92.1,177.6,2.43,219.5,Agricultural,Silt,478.6,0,1,0
Odisha - Mahanadi Basin,361.6,29.0,64.9,1234.7,6.95,228.9,Water Body,Silt,391.8,1,0,1
Punjab - Sutlej Basin,361.5,23.7,46.4,197.8,1.71,43.5,Water Body,Loam,425.2,1,0,0
West Bengal - Ganga Delta,864.2,28.5,74.2,767.0,7.27,144.3,Agricultural,Sandy,1645.1,0,0,1
Tamil Nadu - Cauvery Basin,271.5,31.8,80.2,645.9,2.4,102.9,Water Body,Sandy,126.9,0,1,1
Rajasthan - Luni Basin,109.7,34.7,60.8,652.9,5.08,458.6,Water Body,Clay,1353.6,0,0,1
Maharashtra - Godavari Basin,257.8,23.4,73.3,131.1,2.35,128.0,Forest,Loam,493.7,1,0,0
Kerala - Periyar Basin,441.2,22.9,63.3,246.1,5.63,65.8,Forest,Clay,424.9,1,1,0
Gujarat - Narmada Basin,236.8,29.5,90.2,863.8,6.42,85.6,Agricultural,Sandy,389.0,1,1,0
Odisha - Mahanadi Basin,207.1,26.2,81.4,115.0,3.11,142.5,Urban,Silt,265.5,0,0,0
Kerala - Periyar Basin,24.9,28.1,68.2,359.9,6.25,61.3,Forest,Peat,927.2,0,1,0
Andhra Pradesh - Krishna Basin,193.6,26.0,74.8,782.9,0.88,345.0,Urban,Clay,509.5,0,1,1
Karnataka - Tungabhadra Basin,357.2,26.5,42.8,627.6,2.45,98.6,Urban,Peat,687.4,0,0,0
Odisha - Mahanadi Basin,536.5,24.9,50.0,387.3,0.77,54.9,Desert,Sandy,760.1,0,0,0
Tamil Nadu - Cauvery Basin,326.2,24.3,82.1,679.3,4.39,137.0,Water Body,Clay,494.0,0,1,1
Andhra Pradesh - Krishna Basin,149.7,38.9,100.0,303.0,4.55,102.2,Urban,Loam,774.9,0,0,0
Punjab - Sutlej Basin,99.4,26.4,67.3,453.8,3.62,26.4,Urban,Peat,672.9,1,1,0
West Bengal - Ganga Delta,211.6,28.7,61.4,363.9,9.85,244.2,Agricultural,Clay,735.1,0,1,1
Bihar - Kosi Basin,64.9,23.5,78.7,833.9,8.36,399.7,Desert,Loam,427.6,1,1,0
Telangana - Godavari Basin,295.1,30.6,49.2,332.1,8.14,131.0,Agricultural,Loam,362.9,0,0,0
Maharashtra - Godavari Basin,130.2,20.4,74.9,1223.9,4.23,100.7,Desert,Peat,1012.1,1,0,0
Assam - Brahmaputra Basin,46.5,26.4,53.3,184.2,4.08,123.1,Agricultural,Peat,1754.9,1,0,0
Assam - Brahmaputra Basin,39.7,23.7,79.1,408.0,10.57,138.8,Agricultural,Loam,398.9,0,1,1
Tamil Nadu - Cauvery Basin,420.4,31.3,88.6,688.4,4.26,62.9,Agricultural,Peat,1266.2,1,0,0
Telangana - Godavari Basin,158.1,35.3,75.0,674.3,0.73,239.7,Agricultural,Clay,1828.6,1,0,0
Uttar Pradesh - Ghaghara Basin,259.9,28.0,59.1,407.8,2.77,17.8,Agricultural,Sandy,749.6,1,1,0
Karnataka - Tungabhadra Basin,289.6,29.6,98.1,642.6,4.08,456.6,Desert,Loam,481.7,0,0,0
Uttar Pradesh - Ghaghara Basin,192.0,27.7,75.9,510.3,0.66,43.6,Forest,Loam,513.4,1,1,0
Odisha - Mahanadi Basin,514.8,25.3,81.6,193.2,4.15,93.6,Agricultural,Clay,187.1,0,0,0
Rajasthan - Luni Basin,465.7,31.9,66.8,730.7,4.76,46.3,Agricultural,Peat,728.6,1,0,0
Uttar Pradesh - Ghaghara Basin,359.7,32.5,56.1,239.6,2.51,40.3,Forest,Clay,226.8,1,0,0
Rajasthan - Luni Basin,114.1,29.9,63.9,385.3,3.4,326.5,Forest,Clay,1173.5,1,1,0
Maharashtra - Godavari Basin,191.9,31.8,67.1,1207.6,4.49,76.6,Water Body,Clay,217.2,0,0,1
Punjab - Sutlej Basin,137.6,23.0,83.4,592.1,12.33,73.2,Urban,Clay,630.0,1,0,0
Kerala - Periyar Basin,130.1,30.7,56.7,262.2,4.5,133.6,Agricultural,Clay,308.9,1,1,0
Bihar - Kosi Basin,231.5,26.5,65.0,212.3,1.04,144.5,Urban,Peat,1048.3,1,0,0
Rajasthan - Luni Basin,174.6,23.5,64.2,201.4,3.6,73.8,Forest,Sandy,480.2,1,1,0
Tamil Nadu - Cauvery Basin,92.4,34.5,76.0,347.3,6.49,32.1,Agricultural,Sandy,140.3,1,0,0
Andhra Pradesh - Krishna Basin,179.4,24.8,85.4,676.8,5.3,117.5,Water Body,Peat,155.9,0,1,1
Odisha - Mahanadi Basin,133.0,29.7,93.1,282.5,4.6,341.0,Forest,Sandy,81.3,0,0,0
Bihar - Kosi Basin,320.7,26.7,84.0,444.9,0.65,322.1,Forest,Peat,539.5,0,0,0
Andhra Pradesh - Krishna Basin,202.8,30.0,100.0,200.7,1.4,129.6,Urban,Silt,1108.7,0,0,0
Tamil Nadu - Cauvery Basin,613.1,31.2,76.1,329.8,4.12,151.9,Urban,Clay,519.1,0,1,1
Uttar Pradesh - Ghaghara Basin,229.8,23.8,75.4,395.4,5.83,57.9,Urban,Loam,1005.6,1,0,0
Odisha - Mahanadi Basin,455.8,33.8,88.5,275.0,2.25,57.8,Agricultural,Silt,191.2,1,0,0
Karnataka - Tungabhadra Basin,211.6,22.4,87.7,1540.8,1.31,30.5,Agricultural,Peat,1508.6,0,0,1
Gujarat - Narmada Basin,256.8,25.8,73.0,524.7,6.88,178.0,Urban,Silt,1197.8,1,1,1
Odisha - Mahanadi Basin,427.6,26.3,75.7,185.2,4.51,65.0,Desert,Loam,441.1,0,0,0
Madhya Pradesh - Chambal Basin,59.1,30.3,39.6,732.4,10.45,301.6,Water Body,Peat,360.5,0,1,1
Andhra Pradesh - Krishna Basin,199.5,31.3,73.2,1518.1,2.76,599.7,Agricultural,Clay,578.7,0,0,0
Punjab - Sutlej Basin,756.6,30.0,100.0,946.3,2.52,205.7,Water Body,Loam,511.8,1,1,1
Karnataka - Tungabhadra Basin,306.7,28.6,58.3,877.6,6.35,257.1,Forest,Loam,1458.2,1,1,0
Bihar - Kosi Basin,298.6,24.8,77.9,552.8,6.96,422.3,Urban,Loam,298.0,0,0,0
Kerala - Periyar Basin,177.4,22.8,46.9,399.0,4.03,367.4,Water Body,Loam,566.0,0,1,1
Rajasthan - Luni Basin,179.8,29.1,95.4,201.0,1.7,163.1,Agricultural,Loam,480.5,1,1,0
Odisha - Mahanadi Basin,555.1,21.3,74.6,392.0,4.92,210.7,Agricultural,Clay,548.0,0,0,0
Rajasthan - Luni Basin,219.4,28.6,72.3,692.3,4.27,82.5,Agricultural,Silt,420.5,0,1,0
West Bengal - Ganga Delta,164.9,31.3,68.9,713.5,6.55,216.8,Urban,Sandy,405.8,1,0,0
Madhya Pradesh - Chambal Basin,369.0,29.7,76.8,150.2,9.11,330.7,Agricultural,Loam,1044.8,1,0,0
Rajasthan - Luni Basin,158.3,28.1,55.7,470.9,1.8,161.3,Forest,Silt,944.3,1,0,0
Rajasthan - Luni Basin,258.6,25.6,86.7,191.2,0.62,282.6,Agricultural,Clay,906.8,1,1,0
Punjab - Sutlej Basin,159.1,30.4,75.4,460.5,12.16,72.1,Urban,Silt,683.5,0,0,1
Gujarat - Narmada Basin,94.3,27.6,67.8,794.6,2.59,277.5,Forest,Sandy,382.7,1,1,0
Bihar - Kosi Basin,482.0,26.1,37.2,442.9,5.31,83.0,Urban,Loam,242.4,1,1,0
Kerala - Periyar Basin,97.5,26.5,75.3,391.2,1.65,119.8,Agricultural,Clay,1098.3,1,0,0
Telangana - Godavari Basin,49.1,28.0,46.5,545.7,2.79,123.1,Agricultural,Loam,979.6,0,0,1
West Bengal - Ganga Delta,216.0,26.4,68.2,939.0,8.9,182.6,Agricultural,Loam,861.1,1,0,0
Bihar - Kosi Basin,150.4,28.5,60.9,787.4,3.95,188.0,Agricultural,Clay,1618.4,1,1,0
Assam - Brahmaputra Basin,33.4,24.6,87.6,686.3,3.79,25.7,Urban,Loam,97.1,0,0,0
Telangana - Godavari Basin,103.9,24.5,63.6,370.5,7.69,215.2,Forest,Clay,741.2,1,0,0
Karnataka - Tungabhadra Basin,218.2,24.3,50.9,1374.3,2.7,45.3,Urban,Clay,795.0,1,1,1
Andhra Pradesh - Krishna Basin,308.1,34.4,84.7,724.3,0.95,82.1,Agricultural,Sandy,1159.6,1,1,0
West Bengal - Ganga Delta,46.5,29.9,69.8,524.5,5.0,203.7,Forest,Clay,440.4,1,1,0
West Bengal - Ganga Delta,230.4,25.4,57.8,357.6,0.91,123.7,Urban,Silt,314.1,1,1,0
Andhra Pradesh - Krishna Basin,151.4,29.3,70.7,840.2,12.72,110.4,Agricultural,Silt,1761.2,1,0,1
Karnataka - Tungabhadra Basin,195.9,27.0,46.5,536.1,3.27,191.8,Forest,Clay,426.8,1,0,0
Kerala - Periyar Basin,58.3,29.7,80.3,660.4,6.93,66.3,Agricultural,Silt,276.2,1,1,0
Odisha - Mahanadi Basin,100.0,28.8,88.2,982.9,12.13,246.1,Agricultural,Loam,388.2,1,0,0
Karnataka - Tungabhadra Basin,196.0,27.4,69.1,327.2,3.75,533.0,Water Body,Clay,626.5,1,0,0
Telangana - Godavari Basin,143.1,31.4,68.7,108.2,3.86,104.8,Urban,Peat,307.0,1,1,0
Bihar - Kosi Basin,36.3,18.4,52.9,836.7,4.33,214.0,Water Body,Clay,476.6,1,0,0
Maharashtra - Godavari Basin,20.5,29.2,55.9,890.7,1.31,230.9,Urban,Clay,857.3,0,0,0
Telangana - Godavari Basin,262.4,27.1,80.2,1102.4,2.8,132.1,Forest,Sandy,1914.5,0,0,1
Punjab - Sutlej Basin,299.7,18.7,61.8,597.4,6.85,256.3,Desert,Loam,1112.8,1,0,0
Uttar Pradesh - Ghaghara Basin,182.9,24.4,80.0,354.1,1.77,614.2,Urban,Loam,803.0,0,0,0
Madhya Pradesh - Chambal Basin,100.3,27.1,61.6,374.2,6.25,102.8,Urban,Loam,628.3,0,1,1
Telangana - Godavari Basin,197.8,34.1,75.9,246.5,1.59,37.2,Agricultural,Sandy,951.7,1,0,0
Uttar Pradesh - Ghaghara Basin,90.6,25.2,58.1,466.9,4.49,67.4,Agricultural,Sandy,866.7,1,0,0
Uttar Pradesh - Ghaghara Basin,227.2,30.1,72.4,247.7,4.24,252.8,Urban,Clay,373.1,1,1,0
Karnataka - Tungabhadra Basin,326.2,21.7,84.1,302.2,6.53,209.0,Agricultural,Clay,1318.0,1,0,0
Punjab - Sutlej Basin,684.0,21.0,77.3,234.7,7.42,178.4,Agricultural,Clay,424.5,0,0,1
Rajasthan - Luni Basin,192.4,25.3,77.0,535.0,4.63,121.6,Urban,Clay,933.8,1,0,0
Uttar Pradesh - Ghaghara Basin,323.9,30.7,76.4,714.7,0.74,9.3,Forest,Sandy,109.7,0,0,0
Maharashtra - Godavari Basin,321.6,27.5,66.2,71.5,4.06,112.8,Desert,Silt,792.3,1,1,0
West Bengal - Ganga Delta,494.3,21.8,85.4,683.2,1.3,264.3,Urban,Loam,2253.2,0,1,1
Maharashtra - Godavari Basin,197.8,34.9,69.9,777.3,2.66,152.9,Urban,Peat,403.0,1,1,1
Odisha - Mahanadi Basin,201.5,30.9,56.6,1295.5,1.85,294.8,Desert,Clay,910.8,0,1,1
Bihar - Kosi Basin,500.9,31.9,56.2,246.4,3.86,431.6,Forest,Silt,128.2,1,1,0
Maharashtra - Godavari Basin,232.3,23.4,80.3,730.5,1.77,101.6,Agricultural,Silt,406.2,0,0,0
Uttar Pradesh - Ghaghara Basin,324.9,26.9,78.3,968.1,4.96,342.6,Agricultural,Clay,219.5,1,1,0
Andhra Pradesh - Krishna Basin,120.0,29.2,41.4,348.8,5.7,456.3,Agricultural,Clay,958.4,1,0,0
Rajasthan - Luni Basin,238.9,24.5,69.7,777.9,7.46,115.5,Agricultural,Loam,1473.4,1,0,0
Maharashtra - Godavari Basin,165.4,22.3,86.8,672.9,6.21,152.1,Agricultural,Loam,481.8,0,1,1
Gujarat - Narmada Basin,288.2,29.1,66.9,147.3,8.95,88.8,Urban,Loam,1036.5,1,0,0
Rajasthan - Luni Basin,94.1,29.8,86.1,529.2,0.68,477.4,Agricultural,Clay,140.7,0,0,0
Tamil Nadu - Cauvery Basin,154.4,29.9,42.8,712.8,4.43,735.4,Urban,Sandy,1035.0,1,1,0
Rajasthan - Luni Basin,279.9,32.5,51.6,117.6,6.05,135.9,Forest,Sandy,327.4,1,0,0
Madhya Pradesh - Chambal Basin,438.6,25.1,76.6,849.4,0.96,197.7,Agricultural,Loam,1262.5,1,0,0
Madhya Pradesh - Chambal Basin,501.6,26.6,65.9,711.2,4.88,178.3,Desert,Clay,663.6,1,0,0
Gujarat - Narmada Basin,485.2,25.9,65.8,1426.4,2.86,289.0,Desert,Silt,226.5,1,0,1
Madhya Pradesh - Chambal Basin,288.3,33.4,52.6,568.5,5.53,27.0,Water Body,Clay,571.9,1,1,1
Bihar - Kosi Basin,150.2,27.2,93.4,264.1,6.23,137.4,Urban,Sandy,125.6,0,1,1
Bihar - Kosi Basin,223.5,27.1,82.0,618.5,0.9,137.5,Desert,Clay,354.6,1,1,0
West Bengal - Ganga Delta,108.3,34.4,58.5,386.9,7.22,88.8,Agricultural,Sandy,858.1,1,1,0
Uttar Pradesh - Ghaghara Basin,174.0,31.8,74.8,370.8,2.67,316.4,Agricultural,Clay,1222.4,1,1,0
Bihar - Kosi Basin,309.6,27.2,49.2,422.9,4.21,254.0,Agricultural,Clay,98.7,1,0,0
Rajasthan - Luni Basin,80.2,34.6,78.6,466.4,4.46,379.6,Agricultural,Silt,108.9,1,1,0
Uttar Pradesh - Ghaghara Basin,757.2,32.8,57.6,489.5,3.74,121.0,Urban,Sandy,124.3,0,0,1
Madhya Pradesh - Chambal Basin,300.2,31.2,83.2,658.6,3.13,164.6,Desert,Loam,472.0,0,0,0
West Bengal - Ganga Delta,335.2,30.0,69.9,571.6,2.56,175.0,Desert,Clay,590.4,1,0,0
Telangana - Godavari Basin,134.9,27.1,74.4,96.6,1.8,224.4,Forest,Sandy,839.3,1,0,0
Kerala - Periyar Basin,287.8,25.4,61.2,1119.4,4.65,78.4,Desert,Sandy,895.2,1,1,1
Punjab - Sutlej Basin,241.5,25.4,68.1,333.3,4.91,61.4,Forest,Loam,324.6,1,0,0
Assam - Brahmaputra Basin,157.5,35.3,59.2,909.4,4.46,221.1,Forest,Loam,584.4,0,0,0
Karnataka - Tungabhadra Basin,219.9,25.2,71.3,751.2,10.44,132.9,Forest,Sandy,616.5,1,0,0
Assam - Brahmaputra Basin,126.3,33.6,79.1,418.3,4.16,245.2,Agricultural,Silt,542.7,1,0,0
West Bengal - Ganga Delta,265.3,22.2,69.0,610.8,6.29,287.9,Agricultural,Clay,457.7,1,0,0
Andhra Pradesh - Krishna Basin,174.6,29.6,63.1,87.4,2.72,506.6,Agricultural,Clay,739.4,0,1,0
Andhra Pradesh - Krishna Basin,472.9,29.4,91.6,302.0,2.63,345.8,Agricultural,Silt,1464.9,0,0,1
Kerala - Periyar Basin,33.4,22.7,67.7,709.7,3.96,184.2,Forest,Loam,933.0,1,0,0
Uttar Pradesh - Ghaghara Basin,215.5,29.0,62.7,624.1,5.54,972.3,Urban,Peat,369.2,1,0,0
Karnataka - Tungabhadra Basin,452.6,23.7,53.2,1051.6,2.9,319.1,Desert,Peat,1266.2,1,1,1
Kerala - Periyar Basin,299.1,31.3,70.3,204.9,2.45,56.9,Agricultural,Loam,138.4,0,1,0
Punjab - Sutlej Basin,201.6,24.8,46.9,799.7,12.65,126.5,Agricultural,Loam,1368.7,0,1,1
Maharashtra - Godavari Basin,293.8,37.9,100.0,65.1,4.12,572.8,Agricultural,Silt,1049.7,0,1,0
Bihar - Kosi Basin,478.9,27.0,52.8,764.3,2.04,94.8,Agricultural,Silt,1409.2,1,1,1
Bihar - Kosi Basin,138.5,26.3,53.0,724.3,1.26,520.6,Urban,Sandy,840.0,0,0,0
Assam - Brahmaputra Basin,227.6,24.8,70.3,357.8,5.54,122.1,Agricultural,Loam,269.2,0,1,1
Telangana - Godavari Basin,262.7,26.7,100.0,437.6,12.28,418.2,Agricultural,Sandy,1251.5,1,0,0
Rajasthan - Luni Basin,136.1,35.2,65.4,117.4,7.33,275.1,Agricultural,Clay,240.5,1,0,0
Kerala - Periyar Basin,99.0,27.8,95.2,207.1,1.9,58.5,Water Body,Sandy,619.8,1,0,0
Telangana - Godavari Basin,170.6,27.1,63.6,577.0,3.41,68.5,Forest,Silt,760.2,0,0,0
Telangana - Godavari Basin,85.4,25.2,78.1,1051.2,2.54,362.1,Forest,Clay,605.0,0,0,0
Kerala - Periyar Basin,278.7,30.9,61.0,119.8,10.59,248.9,Agricultural,Loam,595.8,1,1,0
Assam - Brahmaputra Basin,289.8,17.3,60.6,93.0,4.5,59.9,Agricultural,Clay,1688.2,1,0,0
Andhra Pradesh - Krishna Basin,64.8,30.3,55.2,309.6,0.81,207.9,Water Body,Sandy,946.6,1,1,0
Rajasthan - Luni Basin,599.6,28.6,54.4,454.5,3.96,53.0,Forest,Silt,284.4,1,1,0
Telangana - Godavari Basin,107.0,36.8,78.0,96.3,10.03,73.8,Water Body,Clay,834.1,1,1,0
Tamil Nadu - Cauvery Basin,138.9,23.0,58.9,442.6,4.3,392.5,Desert,Loam,1069.5,1,0,0
Gujarat - Narmada Basin,125.6,32.9,77.9,890.4,0.75,54.0,Water Body,Clay,971.4,0,1,1
Assam - Brahmaputra Basin,178.8,34.3,52.4,688.5,2.33,152.5,Urban,Clay,887.7,0,0,0
Karnataka - Tungabhadra Basin,229.4,25.2,87.8,321.0,4.0,704.4,Forest,Clay,397.7,1,0,0
Gujarat - Narmada Basin,427.7,29.5,56.0,879.6,1.1,185.6,Water Body,Loam,197.1,1,1,1
Maharashtra - Godavari Basin,177.3,26.0,68.2,211.7,4.07,362.3,Forest,Clay,166.2,0,1,0
West Bengal - Ganga Delta,97.9,22.3,70.1,89.4,8.43,32.7,Water Body,Clay,695.7,0,0,0
West Bengal - Ganga Delta,241.7,25.7,59.0,641.6,1.51,778.9,Agricultural,Silt,824.9,0,0,0
Uttar Pradesh - Ghaghara Basin,140.5,28.0,89.6,247.7,6.47,67.8,Desert,Sandy,644.2,1,0,0
Maharashtra - Godavari Basin,190.2,27.8,64.3,237.3,5.7,208.0,Urban,Loam,270.7,1,1,0
West Bengal - Ganga Delta,251.3,22.1,51.6,131.2,3.01,27.8,Agricultural,Loam,288.2,1,1,0
Bihar - Kosi Basin,296.0,31.4,88.6,570.9,0.71,132.9,Desert,Clay,1996.6,0,0,0
Tamil Nadu - Cauvery Basin,279.9,26.6,55.3,771.2,5.64,336.2,Agricultural,Clay,546.7,1,0,0
West Bengal - Ganga Delta,105.7,24.3,50.7,197.5,4.74,86.7,Agricultural,Silt,1072.7,0,1,0
Tamil Nadu - Cauvery Basin,383.6,21.5,68.7,929.2,6.85,30.0,Agricultural,Clay,769.2,1,1,1
Maharashtra - Godavari Basin,501.5,20.3,66.4,1544.8,9.57,218.9,Urban,Clay,917.2,0,1,1
Gujarat - Narmada Basin,272.4,26.3,80.3,117.5,3.93,126.8,Forest,Clay,600.6,1,0,0
Bihar - Kosi Basin,351.8,32.0,78.8,467.9,6.76,146.6,Urban,Sandy,1559.6,0,0,1
Tamil Nadu - Cauvery Basin,253.9,23.1,97.9,240.7,5.68,57.5,Urban,Sandy,682.0,1,1,0
Karnataka - Tungabhadra Basin,198.3,33.6,73.9,352.4,16.31,160.2,Water Body,Sandy,112.0,1,0,1
Rajasthan - Luni Basin,38.0,33.6,97.8,922.7,3.68,141.5,Urban,Clay,2131.5,1,1,1
Madhya Pradesh - Chambal Basin,382.7,29.5,71.7,977.2,5.24,193.8,Agricultural,Silt,705.0,1,0,0
Punjab - Sutlej Basin,159.5,23.9,48.4,919.4,3.48,157.1,Forest,Loam,594.2,1,0,0
Assam - Brahmaputra Basin,191.5,32.9,65.8,377.6,1.75,453.7,Forest,Silt,304.7,1,0,0
Madhya Pradesh - Chambal Basin,77.0,35.3,72.7,1010.1,4.58,86.9,Water Body,Silt,1101.4,0,1,1
Tamil Nadu - Cauvery Basin,74.9,32.0,67.9,660.2,3.3,247.6,Water Body,Sandy,575.0,1,0,0
Kerala - Periyar Basin,239.7,27.5,60.8,110.9,2.36,43.7,Agricultural,Clay,916.5,0,0,0
Maharashtra - Godavari Basin,256.2,24.8,69.1,376.0,3.4,18.8,Water Body,Sandy,1071.6,1,0,0
Madhya Pradesh - Chambal Basin,314.5,29.0,67.5,659.2,2.86,211.5,Urban,Loam,1497.1,1,0,0
Punjab - Sutlej Basin,148.8,32.9,89.5,138.0,7.33,340.2,Urban,Silt,161.9,1,0,0
Andhra Pradesh - Krishna Basin,405.2,31.0,64.7,772.7,2.04,92.7,Forest,Loam,717.1,1,0,0
Assam - Brahmaputra Basin,350.5,27.9,63.0,84.1,3.89,109.5,Agricultural,Silt,302.7,0,0,1
Telangana - Godavari Basin,442.4,28.5,68.7,270.6,3.69,311.1,Agricultural,Loam,1075.8,0,1,1
Odisha - Mahanadi Basin,90.6,22.1,71.9,639.1,3.7,282.1,Agricultural,Sandy,1035.0,1,1,0
Assam - Brahmaputra Basin,635.6,38.6,83.7,12.8,2.58,210.4,Desert,Clay,864.2,1,1,0
Tamil Nadu - Cauvery Basin,261.8,22.6,75.8,801.8,4.28,153.7,Urban,Loam,470.5,1,1,0
Odisha - Mahanadi Basin,33.3,26.0,67.4,1394.8,0.54,297.3,Agricultural,Peat,823.1,0,1,1
Telangana - Godavari Basin,186.6,32.2,70.3,81.8,5.53,116.6,Agricultural,Sandy,304.4,0,1,0
Kerala - Periyar Basin,432.7,28.8,57.8,193.8,3.06,347.2,Agricultural,Peat,195.7,1,0,0
Rajasthan - Luni Basin,348.4,31.6,76.1,242.5,4.82,43.3,Urban,Sandy,217.7,0,1,1
Punjab - Sutlej Basin,520.5,27.8,67.2,502.6,3.04,86.6,Urban,Sandy,1242.6,0,1,1
Uttar Pradesh - Ghaghara Basin,186.3,28.8,81.9,940.9,2.56,122.8,Urban,Loam,580.4,1,0,0
West Bengal - Ganga Delta,469.2,23.5,82.0,393.3,4.54,143.4,Agricultural,Loam,484.7,0,0,0
Bihar - Kosi Basin,21.2,26.7,72.9,142.3,4.01,228.7,Urban,Loam,406.3,0,0,0
Karnataka - Tungabhadra Basin,487.0,30.7,45.5,413.7,7.19,278.8,Urban,Silt,161.9,0,1,1
Andhra Pradesh - Krishna Basin,11.9,28.4,72.6,211.8,6.79,93.3,Urban,Clay,465.2,0,0,0
Odisha - Mahanadi Basin,220.4,35.0,57.6,518.9,1.96,196.4,Urban,Silt,637.9,1,0,0
Madhya Pradesh - Chambal Basin,168.9,28.6,23.3,788.8,8.1,312.2,Agricultural,Sandy,812.5,0,0,1
Rajasthan - Luni Basin,234.2,29.4,72.9,1092.3,1.81,144.8,Agricultural,Sandy,307.2,1,0,0
Maharashtra - Godavari Basin,78.2,25.2,41.2,651.3,7.6,114.3,Agricultural,Clay,543.3,0,1,1
Punjab - Sutlej Basin,161.5,24.6,38.3,816.6,5.82,143.4,Forest,Clay,693.3,0,1,1
Gujarat - Narmada Basin,186.2,28.4,70.6,602.2,3.82,233.7,Desert,Silt,468.4,1,0,0
Maharashtra - Godavari Basin,446.6,27.9,76.1,452.0,3.49,81.9,Forest,Clay,747.8,1,1,0
Andhra Pradesh - Krishna Basin,298.5,20.9,66.2,126.7,6.26,145.9,Water Body,Sandy,257.6,0,0,1
Telangana - Godavari Basin,42.2,32.1,73.5,614.4,2.67,259.6,Agricultural,Sandy,1008.2,1,0,0
Punjab - Sutlej Basin,515.8,32.7,49.2,906.6,6.84,152.0,Urban,Sandy,911.3,0,1,1
Maharashtra - Godavari Basin,215.7,29.5,56.2,375.1,2.76,32.4,Desert,Silt,745.3,0,0,0
Maharashtra - Godavari Basin,115.7,28.2,80.7,194.6,9.73,186.0,Water Body,Sandy,153.0,1,1,0
Gujarat - Narmada Basin,90.0,24.6,62.6,458.9,2.27,298.8,Forest,Peat,1612.6,0,0,0
Andhra Pradesh - Krishna Basin,218.5,30.1,72.2,773.4,1.47,144.7,Urban,Clay,410.6,1,1,0
Kerala - Periyar Basin,514.0,23.5,87.7,382.0,6.87,157.4,Forest,Loam,940.4,1,1,0
Telangana - Godavari Basin,135.5,27.0,69.0,332.8,5.9,52.6,Urban,Sandy,213.4,1,0,0
Uttar Pradesh - Ghaghara Basin,288.1,27.9,72.0,475.6,4.85,145.8,Forest,Clay,573.7,1,0,0
Uttar Pradesh - Ghaghara Basin,270.7,26.5,81.1,1227.7,3.3,95.6,Agricultural,Sandy,680.3,0,1,1
Odisha - Mahanadi Basin,476.8,36.1,89.9,265.7,9.21,175.5,Forest,Loam,608.7,1,0,0
West Bengal - Ganga Delta,294.9,30.6,60.0,947.0,4.26,144.7,Agricultural,Peat,820.8,1,0,0
West Bengal - Ganga Delta,481.0,26.9,64.1,147.4,3.09,48.1,Urban,Clay,77.5,0,1,1
Tamil Nadu - Cauvery Basin,748.0,25.6,63.0,785.8,2.48,174.4,Forest,Peat,247.6,0,0,1
Maharashtra - Godavari Basin,160.6,20.5,51.7,337.5,4.78,75.7,Agricultural,Clay,124.7,1,0,0
Kerala - Periyar Basin,79.1,24.2,100.0,1191.8,2.12,162.8,Water Body,Peat,352.4,1,1,0
Madhya Pradesh - Chambal Basin,95.7,25.6,81.8,320.7,1.74,163.1,Forest,Clay,171.2,0,0,0
Maharashtra - Godavari Basin,501.3,22.3,87.6,211.9,2.38,113.0,Urban,Sandy,254.0,0,0,0
Kerala - Periyar Basin,656.1,23.6,64.6,1339.7,7.94,56.4,Forest,Loam,288.4,0,0,1
Gujarat - Narmada Basin,313.5,21.0,62.0,372.3,7.84,171.0,Urban,Loam,302.6,0,1,1
Gujarat - Narmada Basin,159.0,25.5,78.9,741.8,0.35,232.7,Forest,Loam,1222.3,0,1,0
Punjab - Sutlej Basin,123.3,28.8,50.1,48.6,3.3,46.2,Forest,Sandy,280.0,0,0,0
Odisha - Mahanadi Basin,155.3,41.5,54.3,543.6,2.77,289.6,Agricultural,Sandy,844.4,1,0,0
West Bengal - Ganga Delta,263.8,31.8,62.5,200.9,2.12,39.8,Agricultural,Loam,252.0,1,0,0
Gujarat - Narmada Basin,209.4,23.8,58.3,57.0,3.37,575.7,Agricultural,Loam,407.8,1,0,0
Odisha - Mahanadi Basin,156.7,20.5,98.3,642.3,4.53,75.0,Urban,Clay,507.8,0,0,1
West Bengal - Ganga Delta,259.4,28.4,69.5,335.3,5.15,96.0,Agricultural,Sandy,770.6,0,0,0
Rajasthan - Luni Basin,278.5,28.1,45.0,230.6,3.43,200.9,Water Body,Loam,611.8,1,0,0
Rajasthan - Luni Basin,55.4,29.4,67.4,1765.1,7.66,158.4,Agricultural,Sandy,1679.4,0,0,1
Gujarat - Narmada Basin,130.9,29.6,76.1,448.6,7.16,157.8,Agricultural,Loam,643.8,1,0,0
Maharashtra - Godavari Basin,189.6,26.1,75.0,482.9,1.95,120.3,Forest,Clay,61.5,0,0,0
Madhya Pradesh - Chambal Basin,696.7,30.8,66.9,160.4,3.07,31.3,Forest,Sandy,183.5,1,1,0
Assam - Brahmaputra Basin,175.5,23.5,60.4,78.1,2.65,120.6,Urban,Clay,703.4,1,1,0
Karnataka - Tungabhadra Basin,217.2,30.2,62.6,97.5,0.57,103.4,Urban,Clay,623.9,1,1,0
Maharashtra - Godavari Basin,452.2,27.7,71.6,360.6,3.67,96.2,Agricultural,Sandy,364.4,0,1,1
Madhya Pradesh - Chambal Basin,226.1,31.9,69.8,146.8,3.21,57.0,Forest,Clay,1293.5,1,1,0
Gujarat - Narmada Basin,181.1,28.4,100.0,753.4,4.73,199.4,Desert,Peat,582.8,1,0,0
Telangana - Godavari Basin,84.4,29.8,72.8,74.3,2.92,111.7,Agricultural,Sandy,778.9,1,0,0
Odisha - Mahanadi Basin,142.1,29.5,52.8,695.7,1.33,99.6,Forest,Silt,130.6,1,0,0
Rajasthan - Luni Basin,41.8,27.6,58.3,818.5,0.64,273.2,Agricultural,Silt,624.5,1,0,0
Bihar - Kosi Basin,364.5,32.4,40.8,846.3,0.71,6.4,Water Body,Peat,112.0,1,1,1
Assam - Brahmaputra Basin,218.3,21.1,72.8,407.6,4.47,118.5,Agricultural,Silt,1006.3,1,0,0
Karnataka - Tungabhadra Basin,132.0,31.3,84.0,378.9,4.02,216.7,Urban,Loam,962.0,1,1,0
Karnataka - Tungabhadra Basin,227.0,30.7,81.8,212.6,0.85,509.9,Urban,Loam,335.0,1,1,0
Assam - Brahmaputra Basin,295.5,22.1,51.4,229.7,4.16,16.9,Forest,Sandy,463.3,1,0,0
Andhra Pradesh - Krishna Basin,106.8,27.2,80.7,195.4,4.61,244.1,Desert,Loam,193.6,0,0,0
Karnataka - Tungabhadra Basin,98.8,26.0,71.7,399.4,3.36,111.3,Forest,Loam,746.0,1,0,0
Kerala - Periyar Basin,222.5,26.6,55.5,275.4,9.18,157.2,Urban,Sandy,552.6,0,0,1
Tamil Nadu - Cauvery Basin,36.2,30.4,84.3,421.1,5.26,362.6,Desert,Loam,1372.0,0,0,1
Madhya Pradesh - Chambal Basin,502.5,21.0,67.3,532.1,7.33,135.4,Water Body,Clay,384.4,0,0,1
Rajasthan - Luni Basin,140.6,25.0,60.2,419.9,8.73,249.7,Agricultural,Peat,249.0,0,1,0
Telangana - Godavari Basin,670.4,31.4,68.8,274.6,0.68,537.9,Urban,Sandy,710.1,0,1,1
Andhra Pradesh - Krishna Basin,154.3,27.1,80.3,149.7,3.95,353.3,Agricultural,Clay,384.0,1,1,0
Bihar - Kosi Basin,527.8,28.0,50.2,844.1,8.14,326.3,Water Body,Loam,206.6,1,0,1
Kerala - Periyar Basin,291.4,29.7,77.2,808.0,7.02,212.2,Forest,Loam,750.2,0,1,1
Odisha - Mahanadi Basin,117.3,30.2,55.6,611.5,4.41,81.8,Agricultural,Peat,1189.5,0,1,1
Karnataka - Tungabhadra Basin,323.9,32.2,86.1,153.8,7.33,542.5,Urban,Sandy,370.1,0,1,1
West Bengal - Ganga Delta,218.7,33.3,60.5,1051.4,4.02,122.0,Agricultural,Silt,1156.2,1,1,0
West Bengal - Ganga Delta,87.6,26.0,81.4,424.9,4.06,255.4,Agricultural,Silt,213.9,1,1,0
Karnataka - Tungabhadra Basin,125.1,26.7,61.9,270.0,4.53,204.0,Urban,Peat,989.2,0,0,0
Bihar - Kosi Basin,76.2,20.7,77.5,351.5,1.38,356.4,Urban,Loam,329.8,1,0,0
Punjab - Sutlej Basin,232.3,29.2,66.0,183.6,5.82,132.1,Urban,Sandy,1228.8,1,0,0
Odisha - Mahanadi Basin,492.7,24.3,72.1,267.0,5.82,205.1,Agricultural,Sandy,1022.6,1,0,0
Punjab - Sutlej Basin,242.8,25.5,50.3,381.0,2.04,74.8,Agricultural,Silt,148.8,1,0,0
Gujarat - Narmada Basin,68.2,22.6,48.7,580.7,6.06,185.6,Water Body,Clay,1307.7,1,1,0
Punjab - Sutlej Basin,131.3,31.3,74.9,399.2,3.39,13.2,Urban,Loam,712.8,0,0,0
Madhya Pradesh - Chambal Basin,144.9,38.5,90.1,670.8,4.96,284.7,Agricultural,Sandy,405.5,1,0,0
Karnataka - Tungabhadra Basin,192.7,28.1,55.7,242.7,9.82,34.9,Water Body,Clay,944.1,1,0,0
Andhra Pradesh - Krishna Basin,317.3,32.0,84.4,608.3,1.81,179.1,Agricultural,Clay,321.3,1,1,0
Andhra Pradesh - Krishna Basin,168.1,31.6,58.3,105.7,1.59,10.3,Forest,Sandy,724.3,1,0,0
Assam - Brahmaputra Basin,276.4,32.8,68.5,141.5,11.33,75.6,Forest,Clay,968.2,0,0,0
Madhya Pradesh - Chambal Basin,31.8,25.0,58.8,805.3,6.75,395.0,Agricultural,Clay,580.3,0,1,0
Karnataka - Tungabhadra Basin,154.0,26.9,65.0,202.8,6.07,200.0,Desert,Sandy,217.1,0,0,0
Maharashtra - Godavari Basin,154.1,21.6,84.2,119.1,2.72,51.7,Desert,Silt,101.0,0,0,0
Karnataka - Tungabhadra Basin,287.4,23.8,98.6,362.1,6.64,467.9,Agricultural,Clay,914.3,1,0,0
Maharashtra - Godavari Basin,54.2,21.1,81.6,274.0,5.31,201.0,Agricultural,Silt,120.1,1,0,0
Andhra Pradesh - Krishna Basin,183.7,29.9,82.7,452.3,9.65,232.3,Urban,Loam,109.9,0,1,1
Assam - Brahmaputra Basin,122.8,29.6,75.9,579.3,3.66,38.8,Urban,Loam,499.2,1,0,0
Uttar Pradesh - Ghaghara Basin,72.1,25.4,100.0,44.9,1.74,259.4,Urban,Loam,618.1,0,0,0
Maharashtra - Godavari Basin,155.9,25.6,70.2,629.2,3.23,31.7,Urban,Loam,291.4,0,0,1
Andhra Pradesh - Krishna Basin,107.3,20.4,51.1,912.7,0.47,327.9,Urban,Silt,576.9,1,0,0
Tamil Nadu - Cauvery Basin,149.4,20.0,84.1,451.1,10.89,161.5,Urban,Silt,608.5,1,1,1
Kerala - Periyar Basin,50.2,32.4,38.6,319.8,3.82,229.1,Agricultural,Clay,849.2,1,1,0
Madhya Pradesh - Chambal Basin,131.6,32.7,53.9,995.4,3.77,187.8,Forest,Sandy,2494.5,0,0,1
Punjab - Sutlej Basin,87.0,21.8,59.7,984.2,3.4,109.0,Agricultural,Sandy,294.5,1,0,0
Rajasthan - Luni Basin,218.7,27.5,71.9,363.4,8.11,113.0,Desert,Silt,356.8,0,1,1
Gujarat - Narmada Basin,371.2,29.1,28.9,473.0,4.94,91.7,Water Body,Clay,429.1,0,1,1
Assam - Brahmaputra Basin,343.9,25.5,81.0,241.6,0.81,195.8,Agricultural,Clay,1095.5,0,0,0
Rajasthan - Luni Basin,104.3,21.1,91.0,1110.6,8.18,303.5,Agricultural,Loam,590.6,1,0,0
Odisha - Mahanadi Basin,367.0,27.5,56.7,48.3,1.58,297.3,Forest,Silt,1663.8,1,0,0
Kerala - Periyar Basin,193.0,30.3,62.7,142.9,5.9,191.4,Agricultural,Loam,482.7,0,1,0
Odisha - Mahanadi Basin,542.9,24.9,62.9,426.1,4.52,166.9,Urban,Peat,837.8,0,1,1
Punjab - Sutlej Basin,152.8,25.2,70.1,350.8,2.22,417.3,Forest,Sandy,1088.8,1,1,0
Assam - Brahmaputra Basin,63.4,23.9,79.5,889.6,2.0,167.5,Desert,Clay,489.3,1,0,0
Maharashtra - Godavari Basin,96.7,27.3,94.1,216.9,2.18,150.3,Agricultural,Clay,166.0,0,1,0
Andhra Pradesh - Krishna Basin,416.1,30.3,51.8,887.4,3.65,6.7,Forest,Sandy,1786.9,0,0,1
Maharashtra - Godavari Basin,152.2,30.5,79.0,377.7,3.27,51.2,Agricultural,Peat,162.9,1,0,0
Tamil Nadu - Cauvery Basin,286.8,31.1,92.8,759.1,4.39,116.8,Urban,Clay,1153.4,0,1,1
Assam - Brahmaputra Basin,259.3,25.2,60.3,405.5,1.04,50.4,Forest,Sandy,687.8,0,1,1
Andhra Pradesh - Krishna Basin,150.3,24.7,55.2,311.1,3.79,340.1,Urban,Clay,560.7,0,1,1
Karnataka - Tungabhadra Basin,185.9,21.9,72.3,827.9,7.15,232.2,Urban,Silt,240.6,1,1,1
Rajasthan - Luni Basin,178.0,20.6,92.1,531.7,4.47,105.4,Agricultural,Sandy,873.5,1,1,0
Odisha - Mahanadi Basin,147.0,28.6,63.0,390.9,6.2,153.1,Agricultural,Peat,795.6,1,1,0
Karnataka - Tungabhadra Basin,69.2,37.9,57.0,331.8,1.84,244.2,Urban,Silt,954.5,1,1,0
Odisha - Mahanadi Basin,386.6,25.6,54.5,109.1,3.62,231.2,Desert,Sandy,1739.5,1,0,0
Andhra Pradesh - Krishna Basin,364.8,27.8,70.9,151.6,3.17,221.3,Urban,Sandy,1449.5,1,1,0
Kerala - Periyar Basin,377.4,31.2,96.2,1036.8,3.24,540.5,Agricultural,Clay,158.5,1,0,0
West Bengal - Ganga Delta,459.0,29.3,56.2,753.0,2.71,585.6,Agricultural,Sandy,371.5,0,1,1
Rajasthan - Luni Basin,303.4,31.3,86.6,168.6,3.91,72.4,Desert,Peat,1855.5,1,1,0
Maharashtra - Godavari Basin,290.8,26.8,60.5,76.4,7.45,123.8,Agricultural,Clay,1683.1,0,0,0
Kerala - Periyar Basin,75.2,20.8,77.8,225.9,11.72,59.3,Forest,Loam,1555.8,0,0,0
Telangana - Godavari Basin,268.0,25.8,77.7,494.6,0.58,122.8,Urban,Peat,1179.7,0,1,1
Assam - Brahmaputra Basin,556.5,24.1,75.7,251.6,0.94,90.2,Forest,Silt,279.4,1,0,0
Bihar - Kosi Basin,188.0,34.4,56.4,159.4,2.31,24.2,Urban,Sandy,484.8,1,0,0
Assam - Brahmaputra Basin,319.9,32.7,99.5,846.0,2.25,91.4,Agricultural,Silt,543.2,1,1,1
Kerala - Periyar Basin,154.4,22.5,57.7,349.9,2.08,107.3,Desert,Peat,1839.3,1,0,0
Madhya Pradesh - Chambal Basin,80.2,24.8,45.3,725.2,6.86,136.4,Forest,Sandy,207.8,0,1,0
Uttar Pradesh - Ghaghara Basin,26.3,30.6,63.9,323.7,8.39,137.6,Urban,Peat,648.0,1,1,0
Maharashtra - Godavari Basin,319.8,24.2,53.1,972.0,3.43,53.5,Agricultural,Peat,370.2,1,0,0
Madhya Pradesh - Chambal Basin,100.7,28.6,96.9,308.1,2.35,200.3,Agricultural,Loam,510.0,0,1,0
Madhya Pradesh - Chambal Basin,306.1,18.7,68.4,159.6,7.34,57.5,Forest,Sandy,301.4,1,0,0
Andhra Pradesh - Krishna Basin,280.3,25.4,65.1,323.4,1.35,301.7,Water Body,Silt,239.4,1,1,0
Gujarat - Narmada Basin,45.6,34.8,49.5,179.2,7.53,170.9,Desert,Silt,524.2,1,0,0
Kerala - Periyar Basin,146.6,19.4,73.9,209.8,6.1,161.2,Agricultural,Silt,640.6,0,0,0
Uttar Pradesh - Ghaghara Basin,271.5,28.2,56.0,417.0,2.14,186.6,Urban,Silt,557.1,1,0,0
Madhya Pradesh - Chambal Basin,328.4,16.3,67.3,108.9,2.71,78.7,Forest,Sandy,329.3,0,0,0
Andhra Pradesh - Krishna Basin,107.8,27.1,75.4,492.5,3.9,630.2,Water Body,Loam,1129.1,0,1,1
Bihar - Kosi Basin,873.3,21.9,68.5,892.8,1.7,223.3,Desert,Clay,551.9,0,0,1
Kerala - Periyar Basin,431.9,26.5,74.7,191.6,7.11,259.9,Urban,Silt,710.0,0,0,1
Telangana - Godavari Basin,64.5,29.2,68.9,836.3,5.88,91.6,Agricultural,Sandy,1194.1,1,1,0
Gujarat - Narmada Basin,327.4,33.1,76.4,734.5,1.73,210.2,Urban,Sandy,739.8,0,1,1
Andhra Pradesh - Krishna Basin,316.1,27.5,81.2,434.1,8.53,99.0,Agricultural,Loam,550.5,1,0,0
Bihar - Kosi Basin,31.7,24.2,64.3,424.7,4.1,406.6,Urban,Loam,80.1,0,1,0
Maharashtra - Godavari Basin,206.4,31.5,60.2,227.2,3.95,35.0,Agricultural,Loam,2033.1,0,0,0
Telangana - Godavari Basin,86.0,29.8,100.0,252.1,7.23,360.1,Forest,Sandy,1131.3,0,0,0
Rajasthan - Luni Basin,129.6,27.3,66.7,515.4,6.55,63.6,Forest,Sandy,1350.8,1,0,0
Rajasthan - Luni Basin,150.0,30.3,73.2,72.2,6.86,34.2,Forest,Clay,445.4,0,0,0
Maharashtra - Godavari Basin,319.2,32.6,48.1,798.1,2.66,431.5,Urban,Clay,497.1,1,0,0
Madhya Pradesh - Chambal Basin,50.6,33.7,100.0,59.5,2.95,164.9,Forest,Clay,823.1,0,1,0
Bihar - Kosi Basin,49.0,23.7,73.9,122.6,1.61,82.9,Forest,Silt,1591.5,0,1,0
Maharashtra - Godavari Basin,156.1,31.5,78.4,311.0,13.09,44.5,Forest,Clay,378.1,0,0,0
Madhya Pradesh - Chambal Basin,200.0,29.6,66.5,976.1,3.63,23.6,Agricultural,Silt,222.1,0,0,0
Tamil Nadu - Cauvery Basin,135.1,33.3,77.3,278.5,2.51,123.0,Agricultural,Clay,241.7,1,0,0
Uttar Pradesh - Ghaghara Basin,176.2,29.6,100.0,360.6,3.92,191.9,Forest,Loam,740.3,1,0,0
Maharashtra - Godavari Basin,42.6,30.6,58.4,467.6,10.12,66.8,Agricultural,Clay,240.1,1,1,0
Rajasthan - Luni Basin,170.1,31.9,76.6,628.3,2.85,186.7,Urban,Clay,882.8,1,0,0
Odisha - Mahanadi Basin,166.0,28.7,87.6,919.3,5.03,235.1,Urban,Sandy,603.1,0,0,0
Karnataka - Tungabhadra Basin,686.2,24.7,68.2,410.8,11.83,91.1,Agricultural,Loam,2149.9,0,0,1
Assam - Brahmaputra Basin,317.9,23.6,52.1,433.1,8.24,162.3,Desert,Loam,548.5,0,1,1
Odisha - Mahanadi Basin,155.2,26.9,51.0,169.6,3.22,415.5,Urban,Loam,802.5,1,1,0
Gujarat - Narmada Basin,132.6,29.7,53.4,577.4,5.08,409.2,Desert,Peat,539.6,1,0,0
Andhra Pradesh - Krishna Basin,170.4,29.4,59.7,361.4,9.89,51.8,Urban,Clay,326.5,0,1,1
Gujarat - Narmada Basin,237.2,28.0,79.3,782.3,4.19,152.5,Water Body,Silt,1417.5,0,1,1
Telangana - Godavari Basin,319.0,28.9,68.8,727.0,2.83,53.3,Urban,Peat,370.8,0,1,1
Uttar Pradesh - Ghaghara Basin,608.4,28.3,36.9,111.8,1.06,173.8,Desert,Loam,1194.7,1,1,0
West Bengal - Ganga Delta,171.6,25.9,74.3,559.3,2.75,130.9,Water Body,Silt,619.4,1,0,0
Bihar - Kosi Basin,240.4,27.3,66.8,143.9,8.26,94.2,Agricultural,Loam,877.4,1,1,0
Maharashtra - Godavari Basin,780.1,22.1,62.6,499.3,15.68,231.8,Agricultural,Sandy,255.8,0,0,1
Rajasthan - Luni Basin,130.2,33.9,94.0,411.7,5.02,55.4,Water Body,Peat,1528.8,0,1,1
Gujarat - Narmada Basin,8.6,33.1,61.1,555.1,1.45,276.8,Agricultural,Loam,544.6,1,0,0
Tamil Nadu - Cauvery Basin,121.6,20.3,86.4,248.4,5.61,311.1,Agricultural,Clay,667.8,1,0,0
Uttar Pradesh - Ghaghara Basin,278.6,30.0,78.9,73.7,3.6,177.2,Urban,Clay,891.4,1,1,0
Andhra Pradesh - Krishna Basin,204.8,25.3,84.4,24.3,2.56,148.2,Agricultural,Clay,460.9,0,1,0
Uttar Pradesh - Ghaghara Basin,100.8,30.8,81.8,674.9,5.97,145.9,Agricultural,Peat,437.9,0,0,0
Karnataka - Tungabhadra Basin,112.4,31.9,100.0,442.1,8.13,14.6,Agricultural,Loam,274.4,1,0,0
Uttar Pradesh - Ghaghara Basin,76.7,27.7,63.7,93.8,9.38,67.6,Urban,Loam,364.5,0,1,1
Gujarat - Narmada Basin,65.5,27.2,85.5,45.6,1.71,458.4,Agricultural,Silt,30.1,1,0,0
Kerala - Periyar Basin,505.2,28.1,71.5,1152.1,3.19,90.7,Desert,Clay,2037.7,1,1,1
Maharashtra - Godavari Basin,353.5,27.1,72.0,585.5,7.06,91.3,Forest,Peat,294.9,1,1,0
Uttar Pradesh - Ghaghara Basin,206.8,27.0,79.0,411.3,3.1,101.3,Water Body,Peat,280.8,1,0,0
Andhra Pradesh - Krishna Basin,443.4,23.2,74.6,301.0,5.68,165.7,Forest,Sandy,534.9,0,1,1
Punjab - Sutlej Basin,192.6,23.6,58.9,248.4,1.39,226.9,Agricultural,Peat,632.3,1,1,0
Madhya Pradesh - Chambal Basin,48.3,22.7,73.0,606.2,5.67,124.1,Desert,Loam,2716.5,0,0,0
Gujarat - Narmada Basin,191.2,25.9,85.9,680.9,7.82,220.0,Agricultural,Loam,1258.5,1,1,0
Odisha - Mahanadi Basin,361.6,31.1,90.9,179.1,3.75,147.2,Forest,Clay,1349.5,1,1,0
Bihar - Kosi Basin,294.5,30.9,87.8,329.7,4.27,148.3,Agricultural,Clay,1113.6,1,0,0
Rajasthan - Luni Basin,407.2,26.6,87.9,739.5,10.46,167.8,Agricultural,Clay,560.8,1,1,1
Andhra Pradesh - Krishna Basin,555.7,32.0,54.9,423.2,6.46,387.3,Urban,Sandy,542.6,1,0,0
Odisha - Mahanadi Basin,100.1,31.3,58.7,500.6,4.84,84.1,Forest,Peat,575.0,1,0,0
Odisha - Mahanadi Basin,77.5,25.0,70.6,169.5,3.11,80.0,Agricultural,Loam,837.6,1,0,0
Gujarat - Narmada Basin,59.1,25.8,96.2,258.4,6.76,60.7,Urban,Sandy,85.2,1,0,0
Rajasthan - Luni Basin,170.9,26.6,71.1,1061.7,4.45,119.2,Agricultural,Peat,179.0,1,1,0
Telangana - Godavari Basin,218.4,25.1,60.7,360.9,4.11,29.3,Agricultural,Sandy,2398.9,1,1,0
Madhya Pradesh - Chambal Basin,702.6,29.2,94.9,365.6,6.96,368.2,Forest,Loam,1029.0,0,1,1
Tamil Nadu - Cauvery Basin,168.5,26.2,71.5,328.8,0.66,42.7,Urban,Sandy,946.6,1,0,0
Maharashtra - Godavari Basin,77.2,29.3,66.9,834.1,1.41,140.4,Forest,Loam,806.2,1,0,0
Assam - Brahmaputra Basin,400.7,23.6,74.8,909.6,1.82,200.7,Agricultural,Sandy,176.2,0,0,0
Odisha - Mahanadi Basin,195.2,28.2,87.3,455.3,9.98,103.8,Forest,Silt,361.4,0,0,0
Punjab - Sutlej Basin,545.9,31.1,68.5,559.7,4.42,79.4,Agricultural,Loam,607.3,1,0,0
Telangana - Godavari Basin,532.6,29.6,45.7,586.5,6.21,159.3,Agricultural,Sandy,605.2,1,0,1
Kerala - Periyar Basin,522.9,28.4,99.2,143.7,2.27,36.3,Forest,Peat,357.7,1,1,0
Karnataka - Tungabhadra Basin,114.4,35.7,78.4,449.6,4.67,322.8,Agricultural,Clay,563.7,1,0,0
Tamil Nadu - Cauvery Basin,197.3,27.2,74.9,419.1,7.27,56.9,Agricultural,Sandy,318.4,0,0,0
Rajasthan - Luni Basin,79.0,29.6,74.4,992.5,3.41,392.2,Agricultural,Clay,374.4,1,1,0
Assam - Brahmaputra Basin,457.5,31.2,79.3,595.7,0.74,180.9,Forest,Clay,511.3,1,1,0
Kerala - Periyar Basin,170.4,29.1,44.3,309.7,4.97,120.0,Agricultural,Loam,45.3,1,1,0
Tamil Nadu - Cauvery Basin,218.5,25.7,80.0,273.2,7.45,170.8,Agricultural,Clay,755.8,1,1,0
Gujarat - Narmada Basin,273.6,32.3,89.6,847.5,2.48,36.0,Agricultural,Silt,252.6,0,0,0
Bihar - Kosi Basin,210.7,28.2,80.6,458.6,5.04,52.7,Desert,Loam,718.3,1,0,0
Maharashtra - Godavari Basin,267.7,23.1,100.0,461.9,7.0,100.7,Urban,Sandy,643.3,1,0,0
Bihar - Kosi Basin,84.1,31.2,84.0,426.4,2.51,275.2,Agricultural,Clay,406.3,0,0,0
Rajasthan - Luni Basin,213.9,27.5,53.5,928.2,3.42,176.0,Forest,Silt,332.5,1,1,0
Maharashtra - Godavari Basin,65.4,29.7,52.7,980.1,3.28,136.0,Urban,Clay,392.8,1,0,0
Tamil Nadu - Cauvery Basin,201.9,26.7,95.0,590.0,12.79,295.7,Forest,Loam,383.4,0,0,0
Telangana - Godavari Basin,66.3,23.0,56.6,179.4,1.5,202.2,Water Body,Clay,2339.3,1,1,0
West Bengal - Ganga Delta,41.7,16.4,65.0,291.1,8.92,141.0,Agricultural,Silt,355.2,1,1,0
Maharashtra - Godavari Basin,167.4,30.3,65.6,168.7,2.49,90.4,Forest,Peat,535.6,0,0,0
Assam - Brahmaputra Basin,290.0,25.4,63.1,221.1,2.9,218.5,Agricultural,Sandy,1198.8,0,0,0
Tamil Nadu - Cauvery Basin,551.8,24.9,84.4,299.0,3.29,63.9,Agricultural,Clay,390.5,0,0,0
Punjab - Sutlej Basin,111.0,30.9,82.0,234.0,1.48,334.1,Agricultural,Clay,197.1,1,0,0
Odisha - Mahanadi Basin,201.2,26.5,86.8,428.4,0.71,110.3,Desert,Peat,181.3,1,1,0
Madhya Pradesh - Chambal Basin,293.2,36.1,63.9,328.0,5.41,236.7,Agricultural,Silt,1690.3,0,0,0
Assam - Brahmaputra Basin,695.6,28.3,76.9,919.0,5.41,459.8,Agricultural,Sandy,2563.1,1,0,0
Uttar Pradesh - Ghaghara Basin,492.6,23.0,50.7,114.8,7.51,46.6,Agricultural,Clay,761.3,1,0,0
Punjab - Sutlej Basin,192.3,21.3,50.7,713.9,9.49,264.7,Forest,Loam,697.4,0,1,1
Tamil Nadu - Cauvery Basin,258.0,33.4,55.7,208.4,5.84,206.6,Forest,Sandy,1858.1,0,0,0
Karnataka - Tungabhadra Basin,43.9,28.7,55.0,860.1,2.83,75.8,Agricultural,Sandy,642.0,1,0,0
Bihar - Kosi Basin,172.5,31.4,71.2,981.3,3.54,97.7,Agricultural,Silt,966.1,1,0,0
Tamil Nadu - Cauvery Basin,129.9,28.8,48.1,790.4,2.88,187.3,Forest,Sandy,320.2,1,1,0
Maharashtra - Godavari Basin,431.8,27.1,62.1,602.3,7.36,345.1,Urban,Clay,416.2,1,0,0
Gujarat - Narmada Basin,109.0,32.0,42.7,1023.5,0.92,388.8,Urban,Loam,627.1,1,0,0
Odisha - Mahanadi Basin,169.5,24.1,77.2,837.3,4.7,125.3,Urban,Sandy,660.9,0,1,1
Rajasthan - Luni Basin,485.9,24.7,87.3,772.1,1.75,390.8,Agricultural,Loam,127.4,1,0,0
Punjab - Sutlej Basin,103.4,31.4,47.5,169.0,6.0,208.6,Urban,Sandy,986.9,0,0,0
Rajasthan - Luni Basin,97.7,29.3,56.0,753.0,4.03,64.9,Agricultural,Sandy,2112.1,0,1,1
Madhya Pradesh - Chambal Basin,219.7,27.9,60.6,143.8,3.55,37.4,Desert,Silt,237.2,1,1,0
Uttar Pradesh - Ghaghara Basin,409.8,29.7,49.4,837.3,20.42,94.8,Forest,Silt,729.1,1,1,1
Rajasthan - Luni Basin,146.8,32.4,79.4,493.1,2.93,71.3,Agricultural,Sandy,454.5,0,1,0
West Bengal - Ganga Delta,141.2,30.6,41.1,284.7,3.33,10.0,Agricultural,Clay,237.1,0,1,0
Odisha - Mahanadi Basin,81.0,25.7,69.7,451.3,1.87,144.5,Desert,Silt,1163.6,0,0,0
Kerala - Periyar Basin,304.0,29.7,88.9,1347.5,1.58,228.9,Urban,Loam,607.3,1,0,0
Odisha - Mahanadi Basin,192.2,29.8,75.2,478.6,8.34,90.0,Forest,Loam,1037.6,0,0,0
Karnataka - Tungabhadra Basin,251.1,32.3,81.1,621.1,8.23,74.1,Agricultural,Loam,516.7,0,0,1
Assam - Brahmaputra Basin,116.3,30.4,62.6,728.4,5.02,81.7,Urban,Silt,584.0,1,1,0
Punjab - Sutlej Basin,324.6,24.5,95.9,145.6,2.04,183.7,Urban,Loam,372.1,1,0,0
Uttar Pradesh - Ghaghara Basin,176.5,24.5,74.6,413.5,4.43,160.4,Urban,Loam,418.9,1,0,0
Gujarat - Narmada Basin,428.8,21.4,51.1,183.2,2.21,67.4,Urban,Sandy,1494.2,1,0,0
Uttar Pradesh - Ghaghara Basin,138.6,29.1,74.2,693.5,4.72,167.8,Water Body,Loam,323.2,1,0,0
Gujarat - Narmada Basin,308.8,22.6,57.2,1449.6,5.89,66.4,Agricultural,Sandy,142.2,0,1,1
Karnataka - Tungabhadra Basin,328.1,26.7,58.2,1464.4,3.05,6.2,Urban,Sandy,418.2,0,0,1
Karnataka - Tungabhadra Basin,301.7,26.0,75.4,693.4,1.64,158.8,Desert,Peat,183.9,1,0,0
Uttar Pradesh - Ghaghara Basin,61.4,30.8,66.2,157.3,3.12,147.7,Agricultural,Clay,753.9,1,0,0
Maharashtra - Godavari Basin,607.4,28.2,46.6,171.4,5.02,45.8,Urban,Silt,563.1,1,1,0
Rajasthan - Luni Basin,205.6,28.4,73.8,741.0,2.34,102.8,Urban,Silt,383.3,1,1,0
Bihar - Kosi Basin,171.4,26.8,87.2,914.8,4.98,85.1,Forest,Loam,458.3,1,0,0
Madhya Pradesh - Chambal Basin,273.8,29.6,58.5,615.1,3.52,157.1,Water Body,Sandy,602.6,1,1,1
Andhra Pradesh - Krishna Basin,326.6,27.7,50.4,431.4,4.21,45.1,Urban,Silt,1307.8,1,0,0
Rajasthan - Luni Basin,94.8,27.9,85.7,904.9,2.57,334.4,Urban,Silt,140.4,0,1,1
Gujarat - Narmada Basin,299.7,29.6,71.1,75.7,0.89,364.0,Forest,Clay,266.6,0,1,0
Maharashtra - Godavari Basin,137.7,25.5,55.9,915.4,3.77,148.7,Urban,Peat,371.8,1,0,0
Karnataka - Tungabhadra Basin,527.8,28.0,84.5,221.7,5.18,323.3,Agricultural,Silt,31.0,1,1,0
Andhra Pradesh - Krishna Basin,370.7,22.1,71.5,681.1,1.95,84.3,Urban,Clay,374.6,0,0,0
Maharashtra - Godavari Basin,694.6,32.8,73.4,289.7,2.45,205.2,Forest,Clay,549.8,1,1,0
Kerala - Periyar Basin,138.0,19.4,47.4,50.1,4.96,118.8,Forest,Loam,728.0,0,0,0
Telangana - Godavari Basin,233.3,22.9,71.7,546.8,5.04,75.4,Urban,Loam,1151.5,0,1,1
Odisha - Mahanadi Basin,161.1,19.7,69.7,326.2,7.66,205.3,Urban,Loam,398.5,1,1,0
West Bengal - Ganga Delta,409.8,30.1,67.6,156.1,4.39,74.3,Agricultural,Silt,710.7,0,0,0
West Bengal - Ganga Delta,127.1,28.7,34.3,655.5,2.54,85.7,Water Body,Loam,296.4,0,1,1
Rajasthan - Luni Basin,386.4,38.5,72.3,694.1,1.62,328.3,Water Body,Peat,807.7,1,0,0
Rajasthan - Luni Basin,280.9,20.0,68.5,170.5,6.39,267.6,Agricultural,Loam,1331.8,0,1,1
Tamil Nadu - Cauvery Basin,49.8,29.7,66.9,150.5,5.32,490.7,Urban,Clay,1016.3,1,0,0
Gujarat - Narmada Basin,155.1,18.6,53.2,180.1,3.32,68.7,Agricultural,Silt,540.8,0,0,0
Assam - Brahmaputra Basin,78.7,24.6,56.2,396.0,2.72,111.0,Urban,Peat,281.7,0,1,0
Tamil Nadu - Cauvery Basin,367.1,26.4,51.3,533.1,3.38,212.2,Urban,Loam,1328.0,1,0,0
Telangana - Godavari Basin,415.1,24.4,78.5,332.2,10.38,637.3,Agricultural,Clay,686.2,1,0,0
Punjab - Sutlej Basin,171.9,25.8,66.6,94.7,2.55,223.8,Water Body,Silt,286.3,1,0,0
Karnataka - Tungabhadra Basin,385.2,28.8,81.0,119.3,3.24,152.5,Forest,Sandy,355.1,0,0,0
Uttar Pradesh - Ghaghara Basin,243.3,26.3,54.1,818.0,2.93,57.7,Urban,Sandy,707.9,0,0,0
Karnataka - Tungabhadra Basin,299.2,28.3,59.7,330.3,3.59,99.8,Water Body,Silt,505.9,1,0,0
Assam - Brahmaputra Basin,133.4,22.2,56.0,914.9,5.95,44.1,Agricultural,Silt,860.4,1,1,0
West Bengal - Ganga Delta,431.6,31.4,43.9,325.9,6.3,379.9,Agricultural,Silt,466.5,1,0,0
West Bengal - Ganga Delta,274.6,25.1,93.0,316.7,4.67,34.3,Forest,Sandy,503.9,0,1,0
Bihar - Kosi Basin,186.9,32.9,68.9,281.1,9.31,101.1,Forest,Peat,1123.1,0,0,0
Andhra Pradesh - Krishna Basin,153.1,28.2,67.7,1109.5,8.21,243.2,Agricultural,Loam,2174.0,1,0,1
Assam - Brahmaputra Basin,272.7,26.3,61.6,198.9,0.84,402.8,Forest,Sandy,891.2,1,0,0
Bihar - Kosi Basin,508.9,24.6,78.2,529.7,4.91,65.7,Agricultural,Clay,510.0,1,0,0
Telangana - Godavari Basin,223.5,23.3,57.2,1580.9,5.42,120.4,Desert,Clay,696.2,0,1,1
Assam - Brahmaputra Basin,378.2,34.2,64.3,871.2,3.73,71.5,Forest,Loam,460.7,1,0,0
Gujarat - Narmada Basin,197.6,22.5,88.0,200.1,2.1,132.4,Urban,Silt,1335.7,1,1,0
Maharashtra - Godavari Basin,98.1,27.8,68.8,1649.6,16.46,102.3,Water Body,Loam,526.1,1,0,1
Maharashtra - Godavari Basin,70.5,30.0,50.8,34.8,3.31,324.2,Agricultural,Loam,814.2,1,0,0
Rajasthan - Luni Basin,403.1,35.4,83.1,231.5,2.79,162.3,Desert,Sandy,273.6,1,1,0
Maharashtra - Godavari Basin,137.9,26.6,41.8,680.6,1.61,96.0,Agricultural,Loam,585.9,1,0,0
Uttar Pradesh - Ghaghara Basin,104.7,32.3,69.4,95.8,3.43,20.7,Urban,Peat,196.6,1,1,0
Maharashtra - Godavari Basin,100.3,36.5,69.6,151.7,1.79,81.8,Urban,Silt,526.5,1,0,0
Punjab - Sutlej Basin,465.1,29.0,62.8,748.3,2.19,20.8,Agricultural,Peat,462.4,1,0,0
Assam - Brahmaputra Basin,259.9,28.9,55.9,94.7,2.66,135.5,Water Body,Clay,633.6,0,1,0
Assam - Brahmaputra Basin,704.4,29.3,65.0,1214.0,4.23,133.4,Desert,Clay,485.8,1,1,1
Madhya Pradesh - Chambal Basin,92.4,25.5,57.0,911.5,0.48,141.1,Agricultural,Clay,807.6,0,0,0
Assam - Brahmaputra Basin,27.1,30.5,88.8,113.9,0.84,216.6,Agricultural,Peat,674.6,1,0,0
Maharashtra - Godavari Basin,306.0,27.6,57.7,341.3,18.6,178.2,Urban,Silt,1137.0,0,0,1
Bihar - Kosi Basin,86.7,33.8,76.3,389.5,3.58,114.1,Urban,Sandy,2309.9,1,1,0
West Bengal - Ganga Delta,51.8,29.4,72.9,258.2,3.46,30.6,Urban,Peat,945.1,1,1,0
Gujarat - Narmada Basin,250.9,34.7,46.1,115.6,5.32,26.1,Agricultural,Sandy,551.6,0,0,0
Tamil Nadu - Cauvery Basin,120.3,26.5,50.9,1044.0,1.91,229.3,Urban,Clay,1154.7,1,1,0
Assam - Brahmaputra Basin,256.3,25.4,100.0,699.6,3.75,97.7,Urban,Clay,1106.1,0,0,0
Kerala - Periyar Basin,147.4,25.9,58.6,355.2,4.53,92.3,Desert,Loam,675.3,1,0,0
Madhya Pradesh - Chambal Basin,141.0,29.0,88.0,193.9,5.0,75.7,Forest,Loam,854.4,1,1,0
Assam - Brahmaputra Basin,427.7,31.9,70.0,118.8,4.73,174.9,Agricultural,Loam,558.7,1,0,0
Kerala - Periyar Basin,200.5,20.9,90.6,531.4,5.41,106.9,Urban,Silt,1344.3,1,1,0
Assam - Brahmaputra Basin,654.3,22.5,68.7,1341.2,4.29,630.4,Urban,Loam,682.3,1,0,1
Punjab - Sutlej Basin,63.7,28.8,50.3,200.9,0.81,150.3,Urban,Silt,555.4,0,0,0
Tamil Nadu - Cauvery Basin,137.5,32.1,58.8,413.4,4.0,215.9,Urban,Loam,629.6,1,0,0
Odisha - Mahanadi Basin,174.5,27.0,65.2,764.8,3.32,356.0,Agricultural,Clay,107.9,1,1,0
Karnataka - Tungabhadra Basin,60.6,32.6,63.8,146.6,3.6,26.5,Agricultural,Clay,183.4,1,1,0
Andhra Pradesh - Krishna Basin,88.2,36.4,87.1,369.6,2.46,108.9,Water Body,Clay,238.4,0,1,0
Maharashtra - Godavari Basin,69.1,25.1,52.2,183.2,1.38,88.1,Forest,Loam,724.4,1,1,0
Maharashtra - Godavari Basin,147.4,18.5,82.1,375.6,3.01,110.7,Forest,Clay,1822.6,1,1,0
Rajasthan - Luni Basin,127.5,30.0,50.0,135.7,9.1,148.6,Urban,Clay,448.2,1,1,0
Karnataka - Tungabhadra Basin,233.1,32.0,82.8,958.7,2.43,416.2,Forest,Peat,1245.0,0,1,0
Tamil Nadu - Cauvery Basin,46.1,21.9,70.0,1049.3,3.58,67.1,Forest,Peat,1872.1,0,0,0
Gujarat - Narmada Basin,155.3,25.1,52.7,421.9,6.96,70.7,Desert,Silt,401.4,1,0,0
Madhya Pradesh - Chambal Basin,26.1,28.9,72.0,812.0,2.31,126.4,Agricultural,Loam,1161.4,0,1,1
Andhra Pradesh - Krishna Basin,57.2,31.1,74.4,1040.9,7.76,251.6,Urban,Loam,434.0,0,0,1
Maharashtra - Godavari Basin,115.0,31.2,76.6,349.0,6.04,255.6,Urban,Silt,466.8,0,0,0
Gujarat - Narmada Basin,26.7,24.7,54.5,487.0,5.54,80.5,Agricultural,Silt,261.1,1,1,0
Odisha - Mahanadi Basin,120.2,33.9,77.6,163.3,5.85,50.7,Forest,Silt,931.2,0,0,0
Telangana - Godavari Basin,212.5,28.7,75.5,528.9,5.06,59.6,Water Body,Clay,869.6,0,0,1
West Bengal - Ganga Delta,140.6,30.8,57.0,187.0,4.93,138.1,Desert,Silt,575.3,1,0,0
West Bengal - Ganga Delta,514.2,24.5,78.6,252.6,1.35,139.2,Agricultural,Loam,926.5,1,1,0
Tamil Nadu - Cauvery Basin,137.6,34.3,72.8,267.1,1.88,430.0,Agricultural,Silt,1132.9,0,0,0
Tamil Nadu - Cauvery Basin,272.9,26.1,100.0,671.4,7.13,265.2,Forest,Clay,1614.3,0,0,1
Bihar - Kosi Basin,265.4,28.8,74.6,415.7,3.8,288.3,Forest,Loam,516.5,0,1,0
Kerala - Periyar Basin,40.4,36.2,78.2,717.0,5.45,83.2,Water Body,Loam,412.1,1,0,0
Assam - Brahmaputra Basin,168.4,23.4,85.3,282.3,2.96,50.7,Agricultural,Sandy,305.1,1,0,0
Gujarat - Narmada Basin,238.7,29.9,70.6,350.4,2.87,70.9,Forest,Clay,178.0,1,1,0
Gujarat - Narmada Basin,186.5,30.3,77.0,544.5,3.84,141.8,Urban,Loam,218.0,0,1,1
Madhya Pradesh - Chambal Basin,290.0,27.2,62.7,466.4,5.82,217.0,Water Body,Clay,1256.1,1,1,1
Tamil Nadu - Cauvery Basin,47.9,27.4,65.0,495.7,6.91,245.5,Agricultural,Clay,1053.2,1,0,0
Bihar - Kosi Basin,165.0,30.1,70.5,175.7,2.65,194.4,Urban,Sandy,1345.0,0,1,1
Andhra Pradesh - Krishna Basin,160.9,23.2,86.1,766.0,2.79,125.3,Urban,Loam,331.9,0,1,1
Maharashtra - Godavari Basin,151.9,28.8,90.7,157.8,2.78,267.5,Agricultural,Loam,313.5,1,1,0
Punjab - Sutlej Basin,92.6,33.2,50.5,412.8,5.69,247.5,Water Body,Clay,1340.1,0,1,1
Rajasthan - Luni Basin,424.3,31.0,73.8,841.9,6.02,249.7,Urban,Loam,301.6,1,1,1
Uttar Pradesh - Ghaghara Basin,88.1,17.1,82.9,348.4,2.81,145.8,Desert,Loam,609.5,0,1,0
Uttar Pradesh - Ghaghara Basin,260.8,28.2,72.3,794.4,6.71,143.3,Desert,Clay,304.3,1,0,0
Assam - Brahmaputra Basin,176.1,26.3,67.8,1326.4,1.74,119.3,Forest,Loam,792.3,1,0,0
Punjab - Sutlej Basin,88.3,23.0,38.4,1270.4,2.05,63.0,Forest,Sandy,1091.3,0,0,0
West Bengal - Ganga Delta,180.8,28.8,66.1,97.1,6.55,272.5,Agricultural,Loam,245.3,1,1,0
Kerala - Periyar Basin,62.6,29.7,76.6,461.0,2.21,98.4,Water Body,Silt,497.1,1,1,0
Telangana - Godavari Basin,218.8,20.1,58.3,414.4,3.85,142.7,Agricultural,Sandy,676.2,1,1,0
Uttar Pradesh - Ghaghara Basin,426.4,20.1,70.3,482.8,4.74,91.4,Water Body,Sandy,573.0,0,0,1
Tamil Nadu - Cauvery Basin,126.4,24.5,93.4,314.8,3.82,63.8,Agricultural,Silt,510.3,0,1,0
Andhra Pradesh - Krishna Basin,98.4,24.7,100.0,525.2,2.88,122.7,Agricultural,Clay,777.7,0,1,0
Punjab - Sutlej Basin,20.3,20.0,47.3,272.2,3.63,392.9,Urban,Clay,218.5,1,0,0
Andhra Pradesh - Krishna Basin,158.0,31.9,69.6,214.1,4.18,107.8,Urban,Peat,1197.4,1,0,0
Kerala - Periyar Basin,337.2,31.5,82.2,169.9,4.5,74.8,Agricultural,Clay,852.4,0,0,0
Telangana - Godavari Basin,461.9,18.3,66.8,958.3,2.86,64.7,Urban,Loam,203.2,1,1,1
Telangana - Godavari Basin,274.3,24.6,55.6,927.4,5.1,56.1,Agricultural,Sandy,811.9,0,1,1
Assam - Brahmaputra Basin,367.8,28.9,74.7,1263.7,2.93,43.1,Desert,Sandy,308.6,1,0,0
Kerala - Periyar Basin,39.6,25.3,83.2,792.4,6.34,261.8,Agricultural,Sandy,53.1,1,1,0
Bihar - Kosi Basin,255.1,32.9,58.2,311.9,5.07,146.6,Agricultural,Clay,769.9,1,0,0
Kerala - Periyar Basin,900.0,30.5,68.2,1133.0,2.35,109.1,Water Body,Silt,482.7,1,0,1
Karnataka - Tungabhadra Basin,179.0,29.6,100.0,554.1,9.05,190.1,Forest,Loam,274.3,1,0,0
West Bengal - Ganga Delta,246.5,30.3,65.7,270.4,8.6,393.0,Agricultural,Loam,267.4,1,1,0
Uttar Pradesh - Ghaghara Basin,247.3,29.5,44.1,334.5,5.6,100.3,Agricultural,Silt,311.4,1,0,0
Rajasthan - Luni Basin,216.8,24.3,66.7,394.3,7.61,149.0,Urban,Clay,388.0,1,1,1
Uttar Pradesh - Ghaghara Basin,382.8,26.3,85.6,113.3,2.15,33.0,Urban,Peat,489.5,1,0,0
Andhra Pradesh - Krishna Basin,536.5,26.4,64.7,146.8,7.42,213.6,Urban,Clay,148.4,1,1,1
Odisha - Mahanadi Basin,387.0,30.1,98.7,41.7,3.77,82.1,Agricultural,Loam,820.4,1,0,0
Punjab - Sutlej Basin,205.0,26.6,74.7,537.3,8.33,27.8,Water Body,Sandy,331.7,0,1,1
Karnataka - Tungabhadra Basin,219.3,30.1,97.3,904.8,3.51,160.5,Agricultural,Clay,494.5,1,1,0
Rajasthan - Luni Basin,91.9,28.7,70.4,515.7,3.96,100.0,Agricultural,Silt,798.9,1,1,0
Madhya Pradesh - Chambal Basin,178.9,28.3,73.4,426.9,3.4,20.6,Forest,Loam,1282.5,1,1,0
Uttar Pradesh - Ghaghara Basin,58.7,23.0,69.4,436.6,3.03,64.3,Agricultural,Clay,204.4,1,0,0
Kerala - Periyar Basin,240.4,25.4,63.0,1675.5,4.38,173.8,Forest,Peat,904.4,0,0,1
Madhya Pradesh - Chambal Basin,588.8,31.7,50.7,472.0,1.19,82.5,Agricultural,Clay,127.6,1,1,0
Karnataka - Tungabhadra Basin,285.5,28.8,26.8,347.6,2.21,222.2,Urban,Clay,209.5,1,0,0
Telangana - Godavari Basin,141.6,34.7,63.4,268.6,3.89,88.7,Desert,Clay,1094.5,1,1,0
Odisha - Mahanadi Basin,157.3,39.4,59.7,1210.5,6.01,222.7,Agricultural,Loam,1764.2,1,0,0
West Bengal - Ganga Delta,284.6,25.1,58.6,220.5,6.61,173.0,Agricultural,Peat,800.2,1,0,0
Assam - Brahmaputra Basin,79.4,32.1,58.7,651.7,7.4,104.1,Agricultural,Clay,1117.1,0,1,1
Karnataka - Tungabhadra Basin,453.6,28.3,35.8,414.4,5.12,29.5,Urban,Loam,1134.8,0,0,1
Telangana - Godavari Basin,203.3,33.4,61.6,300.2,5.63,36.6,Urban,Clay,352.1,1,1,0
Telangana - Godavari Basin,149.8,24.2,54.4,168.6,6.42,249.0,Urban,Loam,268.9,1,1,0
Maharashtra - Godavari Basin,245.9,29.5,61.9,207.6,8.75,311.2,Agricultural,Peat,517.5,0,1,0
Andhra Pradesh - Krishna Basin,80.1,29.6,89.6,355.7,4.46,179.9,Desert,Loam,543.3,1,1,0
Assam - Brahmaputra Basin,157.4,23.5,71.7,245.7,4.23,124.4,Urban,Loam,728.4,0,0,0
Tamil Nadu - Cauvery Basin,62.0,25.4,73.8,808.1,4.0,356.3,Agricultural,Loam,1006.1,1,1,0
Odisha - Mahanadi Basin,71.3,28.6,66.5,1445.6,7.71,318.6,Urban,Peat,359.4,1,0,0
Odisha - Mahanadi Basin,406.8,32.4,44.2,493.4,4.74,334.3,Desert,Peat,493.0,0,0,0
Uttar Pradesh - Ghaghara Basin,241.1,21.7,74.0,303.6,5.62,56.6,Agricultural,Loam,383.6,1,1,0
Rajasthan - Luni Basin,37.3,26.3,91.0,258.8,3.36,110.0,Forest,Peat,280.7,1,1,0
Telangana - Godavari Basin,407.0,30.9,88.7,275.7,3.88,290.5,Urban,Silt,550.1,1,1,0
Maharashtra - Godavari Basin,223.0,26.3,82.5,692.3,2.0,91.6,Urban,Clay,226.9,0,0,0
Rajasthan - Luni Basin,108.6,27.3,55.7,1034.3,8.09,26.5,Urban,Sandy,1258.2,1,0,1
Andhra Pradesh - Krishna Basin,171.1,28.4,46.8,522.5,8.34,100.4,Agricultural,Silt,1145.6,0,1,1
Odisha - Mahanadi Basin,333.8,31.6,51.6,507.9,8.06,80.0,Agricultural,Clay,856.3,1,1,0
Punjab - Sutlej Basin,133.3,22.9,83.4,262.5,2.4,183.3,Water Body,Sandy,1088.4,0,0,0
Bihar - Kosi Basin,145.1,27.3,85.8,366.4,1.5,85.0,Water Body,Sandy,120.9,1,0,0
Odisha - Mahanadi Basin,219.9,29.6,100.0,264.3,3.64,32.7,Urban,Sandy,913.4,0,0,0
West Bengal - Ganga Delta,55.9,23.6,71.3,969.0,3.21,162.4,Agricultural,Clay,522.2,0,0,0
Madhya Pradesh - Chambal Basin,195.2,31.1,47.8,193.1,6.64,246.7,Forest,Loam,711.5,0,0,0
Uttar Pradesh - Ghaghara Basin,134.9,33.3,72.6,167.6,1.97,121.0,Agricultural,Clay,759.6,1,0,0
Maharashtra - Godavari Basin,312.2,28.5,68.0,748.9,5.59,323.9,Agricultural,Clay,1412.3,1,1,0
Telangana - Godavari Basin,133.8,24.6,79.8,205.1,0.53,167.6,Urban,Silt,497.6,1,0,0
Rajasthan - Luni Basin,162.7,24.6,71.1,396.8,8.93,77.8,Urban,Peat,445.4,1,1,0
Tamil Nadu - Cauvery Basin,71.1,32.1,74.8,545.4,4.8,84.0,Urban,Silt,767.3,1,1,0
Karnataka - Tungabhadra Basin,420.0,31.8,60.1,435.6,2.32,211.7,Forest,Silt,661.5,0,0,0
Telangana - Godavari Basin,126.7,29.8,85.1,754.2,5.98,386.5,Desert,Sandy,1128.4,0,0,0
Andhra Pradesh - Krishna Basin,160.0,26.1,55.5,431.4,3.42,249.8,Urban,Loam,87.9,1,0,0
Telangana - Godavari Basin,267.7,24.9,83.8,1976.8,3.14,223.5,Forest,Loam,546.1,1,0,0
West Bengal - Ganga Delta,184.2,33.3,90.0,219.2,2.03,233.9,Forest,Silt,885.5,0,0,0
Gujarat - Narmada Basin,339.1,34.4,73.5,341.7,1.26,107.9,Agricultural,Loam,709.7,1,0,0
Uttar Pradesh - Ghaghara Basin,192.3,27.7,88.7,292.4,9.3,54.0,Urban,Sandy,731.7,0,0,0
Odisha - Mahanadi Basin,900.0,30.6,57.7,1297.0,4.88,230.9,Agricultural,Peat,234.5,1,1,1
Rajasthan - Luni Basin,418.8,27.2,69.3,92.9,5.67,41.6,Forest,Loam,967.7,0,0,0
Odisha - Mahanadi Basin,191.5,21.6,66.8,322.0,7.68,72.5,Agricultural,Loam,1785.4,1,0,0
Assam - Brahmaputra Basin,109.9,31.1,86.3,435.4,6.18,112.8,Agricultural,Clay,1407.2,1,0,0
Rajasthan - Luni Basin,714.7,33.5,90.1,665.9,0.26,85.1,Agricultural,Loam,494.9,1,1,0
Karnataka - Tungabhadra Basin,123.9,30.5,72.3,93.0,1.69,76.6,Agricultural,Peat,493.6,0,0,0
Karnataka - Tungabhadra Basin,297.0,34.2,80.3,285.8,7.94,109.8,Agricultural,Sandy,316.4,1,1,0
Punjab - Sutlej Basin,366.5,31.7,42.1,430.7,1.84,260.2,Urban,Sandy,347.4,0,1,1
Punjab - Sutlej Basin,97.1,22.9,54.6,1012.5,2.74,166.1,Urban,Silt,120.5,1,1,0
Uttar Pradesh - Ghaghara Basin,216.1,27.7,62.7,739.3,3.62,73.6,Forest,Loam,1084.5,1,0,0
Gujarat - Narmada Basin,271.9,24.5,63.7,204.6,2.77,334.2,Agricultural,Sandy,306.2,0,0,0
Assam - Brahmaputra Basin,120.2,20.0,70.9,729.9,3.28,36.7,Urban,Clay,2614.4,1,1,1
West Bengal - Ganga Delta,285.7,39.6,58.5,75.2,2.89,222.9,Urban,Clay,224.0,1,0,0
West Bengal - Ganga Delta,268.8,24.2,77.6,445.0,0.76,39.2,Urban,Silt,249.6,1,0,0
Andhra Pradesh - Krishna Basin,91.2,23.4,59.1,209.7,1.12,348.9,Urban,Clay,512.7,0,0,0
Gujarat - Narmada Basin,92.8,25.5,64.3,537.5,7.39,278.6,Agricultural,Clay,50.0,0,0,0
Bihar - Kosi Basin,244.8,24.5,81.9,357.5,4.51,358.5,Agricultural,Silt,762.6,1,1,0
West Bengal - Ganga Delta,349.1,26.0,69.5,209.7,1.31,231.0,Agricultural,Silt,617.8,0,1,0
Maharashtra - Godavari Basin,321.7,26.8,88.4,257.8,3.5,151.0,Agricultural,Peat,434.5,1,0,0
Uttar Pradesh - Ghaghara Basin,236.2,35.3,63.6,373.7,8.12,72.3,Forest,Clay,370.8,1,1,0
West Bengal - Ganga Delta,489.7,33.9,61.6,358.2,3.68,340.2,Forest,Clay,876.1,1,0,0
Punjab - Sutlej Basin,201.8,25.4,81.0,321.2,1.27,128.6,Urban,Clay,1655.3,1,0,0
Odisha - Mahanadi Basin,356.2,25.7,62.9,366.2,8.97,224.2,Urban,Peat,695.0,0,0,1
Kerala - Periyar Basin,202.5,33.7,76.6,1095.3,1.8,103.1,Agricultural,Sandy,666.4,1,0,0
Punjab - Sutlej Basin,84.2,28.3,78.0,346.3,3.61,38.0,Water Body,Loam,463.5,1,1,0
Uttar Pradesh - Ghaghara Basin,87.6,26.1,87.3,470.1,1.78,166.0,Water Body,Sandy,264.8,0,1,1
Madhya Pradesh - Chambal Basin,214.5,28.9,64.8,550.0,4.31,126.8,Agricultural,Loam,324.1,1,1,0
Andhra Pradesh - Krishna Basin,120.7,24.6,47.7,257.4,1.49,73.2,Urban,Loam,85.8,0,0,0
Rajasthan - Luni Basin,213.2,33.2,84.8,327.7,0.68,345.0,Forest,Loam,298.2,0,0,0
Bihar - Kosi Basin,310.1,31.6,73.5,399.3,0.54,95.5,Desert,Sandy,928.3,0,1,1
Telangana - Godavari Basin,114.0,28.6,65.5,251.4,2.64,231.9,Agricultural,Clay,485.7,0,0,0
Punjab - Sutlej Basin,323.1,23.9,70.7,772.4,5.66,399.9,Urban,Loam,1048.4,1,0,0
Punjab - Sutlej Basin,119.2,31.9,52.3,226.1,5.46,295.0,Urban,Clay,1040.5,1,0,0
Tamil Nadu - Cauvery Basin,270.4,34.7,68.9,2219.0,15.54,432.4,Agricultural,Loam,1174.6,1,1,1
Bihar - Kosi Basin,517.0,23.6,40.4,413.1,0.84,415.2,Urban,Sandy,216.2,1,0,0
Uttar Pradesh - Ghaghara Basin,109.7,30.3,86.1,100.9,1.27,152.2,Forest,Sandy,1279.7,0,0,0
Telangana - Godavari Basin,77.4,30.0,62.2,899.9,7.72,317.8,Urban,Loam,397.3,1,1,0
Rajasthan - Luni Basin,495.4,25.2,85.0,230.1,5.42,201.1,Agricultural,Clay,579.0,1,0,0
Andhra Pradesh - Krishna Basin,250.7,28.7,88.7,318.0,3.82,168.3,Agricultural,Silt,468.5,0,1,0
Andhra Pradesh - Krishna Basin,56.1,21.5,75.2,186.9,1.76,184.8,Desert,Silt,1356.5,1,1,0
Bihar - Kosi Basin,13.9,26.8,54.0,163.7,2.47,73.4,Agricultural,Clay,1084.8,0,1,0
Rajasthan - Luni Basin,441.0,22.2,100.0,1180.8,1.06,108.9,Agricultural,Loam,305.9,0,0,0
Uttar Pradesh - Ghaghara Basin,95.7,28.2,83.6,933.3,3.14,264.5,Agricultural,Sandy,744.2,1,0,0
Maharashtra - Godavari Basin,253.8,35.6,84.1,381.8,6.29,256.1,Urban,Clay,52.3,0,0,0
Tamil Nadu - Cauvery Basin,251.2,31.0,64.5,599.2,10.21,131.9,Urban,Loam,1081.4,1,1,1
Rajasthan - Luni Basin,778.2,22.9,76.7,459.9,2.4,151.5,Agricultural,Clay,239.4,0,1,1
Assam - Brahmaputra Basin,144.9,28.9,100.0,114.1,9.39,110.5,Forest,Sandy,1164.8,1,1,0
Odisha - Mahanadi Basin,343.9,28.0,86.5,400.4,2.16,190.1,Agricultural,Loam,541.4,1,1,0
Andhra Pradesh - Krishna Basin,171.4,21.6,76.3,272.2,5.1,70.5,Agricultural,Sandy,939.2,1,1,0
Bihar - Kosi Basin,48.8,26.8,86.0,177.9,1.91,368.4,Forest,Sandy,576.4,1,0,0
Madhya Pradesh - Chambal Basin,77.4,31.2,43.8,135.3,5.67,139.3,Desert,Loam,1118.6,0,0,0
Assam - Brahmaputra Basin,111.5,23.2,54.9,1018.9,6.61,241.1,Agricultural,Clay,1375.8,1,1,0
Tamil Nadu - Cauvery Basin,254.8,22.3,72.4,1152.3,2.99,352.1,Urban,Sandy,57.6,0,1,1
Punjab - Sutlej Basin,328.4,28.4,78.3,495.6,4.2,112.8,Forest,Loam,572.1,1,0,0
Punjab - Sutlej Basin,319.6,22.1,58.5,2495.7,6.88,392.8,Forest,Silt,100.1,0,0,1
Rajasthan - Luni Basin,523.8,34.3,55.1,667.1,3.04,54.2,Agricultural,Peat,691.6,1,0,0
Gujarat - Narmada Basin,122.8,25.8,39.1,120.1,1.46,135.9,Urban,Peat,58.0,0,0,0
Maharashtra - Godavari Basin,194.0,26.5,55.9,197.8,9.55,4.3,Water Body,Sandy,1150.5,1,1,1
Telangana - Godavari Basin,115.2,21.4,75.6,619.1,6.6,19.8,Water Body,Loam,1566.7,1,0,0
West Bengal - Ganga Delta,58.9,29.2,92.9,526.0,7.66,326.2,Desert,Sandy,376.8,1,1,0
Maharashtra - Godavari Basin,40.4,27.4,86.6,356.0,11.29,194.9,Water Body,Clay,1175.5,0,0,0
Andhra Pradesh - Krishna Basin,250.6,28.7,87.5,252.9,7.02,49.4,Forest,Silt,1846.0,1,0,0
Assam - Brahmaputra Basin,638.8,28.7,55.2,418.0,0.67,296.6,Agricultural,Silt,161.0,0,1,1
Punjab - Sutlej Basin,281.7,25.6,100.0,885.9,2.46,115.5,Agricultural,Silt,1092.9,0,0,0
Tamil Nadu - Cauvery Basin,36.7,33.6,67.6,6.3,2.05,72.3,Urban,Sandy,29.5,1,0,0
Maharashtra - Godavari Basin,57.5,27.5,88.3,399.7,3.62,494.7,Urban,Peat,385.7,0,0,0
Rajasthan - Luni Basin,108.4,29.9,90.6,932.3,2.05,175.7,Agricultural,Silt,1156.5,1,1,0
Gujarat - Narmada Basin,282.2,31.9,100.0,608.2,3.75,471.9,Forest,Loam,574.9,1,1,0
Uttar Pradesh - Ghaghara Basin,72.5,31.4,88.7,836.9,4.98,169.9,Agricultural,Clay,874.2,0,1,1
Karnataka - Tungabhadra Basin,192.9,23.3,96.3,84.1,7.53,88.5,Forest,Loam,228.1,0,0,0
Andhra Pradesh - Krishna Basin,68.1,21.9,77.4,261.6,2.67,113.0,Urban,Sandy,875.8,1,1,0
Odisha - Mahanadi Basin,164.2,29.4,51.5,139.9,2.73,268.2,Forest,Clay,144.9,0,0,0
Andhra Pradesh - Krishna Basin,96.5,28.6,76.1,779.9,5.24,276.6,Urban,Loam,939.2,0,1,1
Rajasthan - Luni Basin,91.5,26.1,77.9,764.7,5.04,238.6,Urban,Clay,588.5,1,0,0
Telangana - Godavari Basin,216.0,29.5,69.6,418.8,5.35,397.9,Urban,Silt,200.7,0,1,1
Andhra Pradesh - Krishna Basin,36.6,20.5,69.0,437.2,6.36,186.0,Forest,Loam,120.9,1,1,0
Odisha - Mahanadi Basin,13.8,34.8,72.9,83.6,6.22,244.6,Water Body,Sandy,866.7,1,1,0
Andhra Pradesh - Krishna Basin,118.3,30.9,77.9,593.2,3.45,158.8,Water Body,Silt,1019.3,0,1,1
Bihar - Kosi Basin,352.3,22.4,69.8,279.8,4.87,317.0,Desert,Sandy,1093.9,1,1,1
Kerala - Periyar Basin,466.7,19.9,67.9,624.9,5.46,170.0,Agricultural,Loam,847.0,0,0,0
Telangana - Godavari Basin,105.8,25.9,68.8,186.4,6.98,148.9,Urban,Sandy,642.2,0,0,0
Rajasthan - Luni Basin,91.7,26.2,69.1,883.8,9.17,139.5,Desert,Silt,425.7,1,1,0
Assam - Brahmaputra Basin,656.0,26.0,80.3,252.1,9.02,78.1,Agricultural,Clay,891.6,0,0,1
Gujarat - Narmada Basin,12.3,20.9,90.3,600.6,2.79,24.1,Agricultural,Loam,589.9,1,0,0
Odisha - Mahanadi Basin,136.7,24.7,54.1,570.9,1.09,76.9,Urban,Loam,1804.5,1,0,0
Maharashtra - Godavari Basin,244.8,27.4,45.4,1073.6,4.06,54.8,Agricultural,Clay,112.7,1,0,0
Andhra Pradesh - Krishna Basin,192.0,23.4,68.5,495.5,10.26,106.0,Urban,Silt,131.0,1,1,0
Assam - Brahmaputra Basin,201.5,28.5,68.0,169.9,4.18,35.4,Agricultural,Loam,1589.6,0,0,0
Rajasthan - Luni Basin,64.4,35.8,78.7,573.0,2.68,113.9,Forest,Silt,310.8,1,0,0
Rajasthan - Luni Basin,142.2,18.1,87.3,206.8,9.71,91.9,Agricultural,Peat,3523.9,0,0,1
Maharashtra - Godavari Basin,452.2,26.5,47.9,91.0,1.66,147.8,Water Body,Sandy,625.3,0,0,0
West Bengal - Ganga Delta,229.7,28.6,67.1,115.0,3.23,322.7,Forest,Sandy,111.4,1,0,0
Karnataka - Tungabhadra Basin,101.6,23.3,64.7,1144.9,3.46,173.7,Urban,Loam,623.0,1,0,0
Telangana - Godavari Basin,229.9,26.3,72.4,136.9,7.7,297.1,Agricultural,Loam,407.3,1,1,0
Bihar - Kosi Basin,143.3,31.2,86.1,115.9,5.16,59.6,Desert,Loam,973.5,0,0,0
West Bengal - Ganga Delta,583.4,29.5,47.5,436.4,4.4,140.5,Urban,Clay,842.0,0,1,1
Rajasthan - Luni Basin,167.6,21.5,65.1,295.5,6.53,182.4,Forest,Sandy,255.6,0,0,0
Punjab - Sutlej Basin,126.2,23.7,83.2,387.7,3.56,59.9,Agricultural,Silt,1067.1,0,1,0
Gujarat - Narmada Basin,288.3,21.4,80.8,112.3,1.83,120.4,Water Body,Clay,917.5,1,0,0
Gujarat - Narmada Basin,354.9,27.6,66.5,481.1,6.45,339.1,Agricultural,Sandy,621.5,1,0,0
Assam - Brahmaputra Basin,444.2,12.6,79.3,160.7,4.32,245.9,Urban,Silt,1402.5,0,1,1
Andhra Pradesh - Krishna Basin,398.4,31.4,80.5,1300.3,2.41,175.9,Agricultural,Loam,581.1,1,1,1
Karnataka - Tungabhadra Basin,387.2,33.2,55.1,146.1,8.06,251.4,Water Body,Loam,258.5,1,0,0
Maharashtra - Godavari Basin,267.2,25.5,68.2,119.3,2.93,106.2,Agricultural,Silt,145.0,0,1,0
Telangana - Godavari Basin,29.1,27.6,74.2,272.8,4.96,123.5,Agricultural,Sandy,1484.0,1,0,0
Tamil Nadu - Cauvery Basin,162.3,25.2,67.7,198.9,2.59,274.6,Desert,Clay,600.5,1,1,0
Telangana - Godavari Basin,164.3,19.0,80.9,209.3,8.03,202.1,Urban,Sandy,678.7,1,0,0
Uttar Pradesh - Ghaghara Basin,284.8,25.0,67.9,145.3,3.31,39.8,Urban,Loam,136.5,1,1,0
Kerala - Periyar Basin,26.7,27.4,42.2,102.5,1.08,274.2,Agricultural,Loam,730.3,1,0,0
Karnataka - Tungabhadra Basin,99.5,25.7,75.9,149.9,6.88,98.8,Urban,Clay,2254.1,0,1,1
Bihar - Kosi Basin,550.2,33.2,71.0,373.9,8.97,334.2,Urban,Silt,1289.2,1,1,1
Kerala - Periyar Basin,189.0,31.3,56.6,466.3,2.41,148.7,Agricultural,Sandy,285.5,0,0,0
Odisha - Mahanadi Basin,155.4,29.4,86.9,245.7,2.24,96.8,Water Body,Peat,585.5,1,0,0
Kerala - Periyar Basin,69.0,34.5,89.6,151.7,0.91,394.3,Agricultural,Sandy,464.0,0,0,0
Assam - Brahmaputra Basin,357.1,33.7,67.2,386.8,3.32,62.6,Forest,Silt,678.9,1,0,0
West Bengal - Ganga Delta,114.7,36.3,78.2,560.7,6.39,226.3,Urban,Sandy,1475.7,0,0,1
Telangana - Godavari Basin,160.1,35.7,75.1,86.2,1.37,295.0,Agricultural,Loam,614.3,0,1,0
Punjab - Sutlej Basin,74.3,31.6,54.0,1080.5,2.47,242.0,Urban,Silt,72.9,0,1,1
Karnataka - Tungabhadra Basin,66.2,33.6,61.3,787.9,4.01,102.3,Agricultural,Loam,493.7,0,1,1
Bihar - Kosi Basin,256.9,23.8,62.9,395.6,1.95,270.6,Agricultural,Sandy,430.0,1,1,0
Maharashtra - Godavari Basin,199.6,22.7,89.8,454.9,3.87,86.2,Urban,Clay,179.1,1,0,0
Kerala - Periyar Basin,73.8,22.7,72.8,136.2,4.97,140.9,Desert,Clay,2148.0,0,1,0
Maharashtra - Godavari Basin,470.9,33.5,84.1,432.0,9.45,161.7,Urban,Clay,1416.7,0,0,1
Tamil Nadu - Cauvery Basin,47.3,28.7,51.8,329.3,2.43,211.3,Urban,Clay,270.6,1,0,0
Assam - Brahmaputra Basin,253.4,34.9,69.6,634.6,3.19,362.0,Agricultural,Loam,313.9,1,0,0
Andhra Pradesh - Krishna Basin,278.1,30.3,61.7,431.4,4.79,68.5,Desert,Silt,917.5,0,1,0
Tamil Nadu - Cauvery Basin,107.3,24.8,33.9,491.5,2.09,32.0,Urban,Clay,567.2,0,0,0
Odisha - Mahanadi Basin,78.1,28.8,77.2,237.6,2.84,205.2,Agricultural,Peat,684.1,1,0,0
Gujarat - Narmada Basin,34.9,19.9,59.7,952.0,4.62,39.0,Water Body,Loam,582.7,0,1,1
Odisha - Mahanadi Basin,140.1,30.7,74.1,876.1,2.0,21.1,Forest,Silt,682.1,0,1,0
Madhya Pradesh - Chambal Basin,121.1,28.7,89.8,818.4,9.26,438.0,Urban,Sandy,421.2,0,1,1
Uttar Pradesh - Ghaghara Basin,186.3,27.0,82.6,455.4,10.89,51.7,Forest,Clay,1131.2,0,1,1
Karnataka - Tungabhadra Basin,136.7,28.7,55.3,892.6,7.87,347.2,Forest,Silt,560.4,0,0,0
Odisha - Mahanadi Basin,74.0,20.9,53.7,162.6,2.11,35.0,Urban,Peat,811.6,1,1,0
Maharashtra - Godavari Basin,254.3,32.0,72.8,811.4,11.26,113.8,Forest,Loam,613.2,0,0,0
Assam - Brahmaputra Basin,170.8,27.4,54.1,295.3,6.83,346.2,Water Body,Loam,298.2,1,1,0
Madhya Pradesh - Chambal Basin,108.8,15.5,83.1,791.3,6.22,220.7,Agricultural,Loam,593.8,1,0,0
Uttar Pradesh - Ghaghara Basin,131.1,31.8,67.0,1211.9,7.2,105.4,Agricultural,Loam,657.6,0,0,1
Punjab - Sutlej Basin,445.7,28.5,98.7,613.8,4.34,186.1,Desert,Silt,598.9,1,0,0
Bihar - Kosi Basin,157.8,24.9,55.2,234.0,10.07,93.6,Urban,Loam,360.8,0,1,1
Bihar - Kosi Basin,222.1,26.3,53.1,821.5,1.95,319.8,Agricultural,Clay,684.2,1,1,0
Karnataka - Tungabhadra Basin,115.0,32.7,65.3,1712.1,6.1,47.4,Desert,Silt,784.5,0,0,1
Tamil Nadu - Cauvery Basin,243.3,32.0,80.1,522.6,4.64,149.6,Agricultural,Clay,1126.2,1,0,0
West Bengal - Ganga Delta,205.7,25.9,67.4,268.9,4.78,68.7,Agricultural,Clay,708.1,1,1,0
Bihar - Kosi Basin,446.5,27.8,85.8,659.3,8.16,319.6,Forest,Clay,316.6,1,0,0
Andhra Pradesh - Krishna Basin,276.8,26.6,94.0,142.5,2.77,136.4,Water Body,Clay,638.2,1,0,0
Odisha - Mahanadi Basin,102.8,29.2,91.4,717.8,3.91,270.2,Desert,Loam,1991.4,0,0,0
Punjab - Sutlej Basin,510.9,29.0,63.1,424.1,5.35,54.4,Agricultural,Sandy,380.6,1,1,0
Kerala - Periyar Basin,76.5,27.6,68.5,223.1,3.74,29.0,Urban,Loam,153.3,0,1,0
Punjab - Sutlej Basin,629.8,31.4,66.3,431.6,4.09,270.8,Forest,Sandy,811.0,1,0,0
West Bengal - Ganga Delta,440.0,33.6,57.2,604.0,4.57,44.2,Agricultural,Sandy,223.3,0,0,0
Maharashtra - Godavari Basin,123.7,25.4,62.4,600.8,3.36,401.9,Agricultural,Loam,804.8,0,1,0
Kerala - Periyar Basin,188.1,23.0,84.8,585.3,1.04,180.2,Desert,Loam,755.3,1,0,0
Karnataka - Tungabhadra Basin,263.4,26.7,99.6,56.1,11.64,51.6,Desert,Clay,1654.8,1,0,0
Punjab - Sutlej Basin,295.6,29.8,97.7,277.5,0.91,361.1,Forest,Clay,429.9,0,0,0
West Bengal - Ganga Delta,438.7,32.0,31.2,596.4,4.27,285.3,Urban,Sandy,1365.5,1,1,0
Kerala - Periyar Basin,40.5,28.4,59.3,484.0,1.26,130.1,Forest,Loam,654.8,0,1,0
Punjab - Sutlej Basin,49.2,34.2,79.3,585.2,4.42,52.1,Urban,Silt,2408.1,1,1,0
Odisha - Mahanadi Basin,217.4,27.3,58.8,520.2,5.91,264.2,Urban,Loam,1000.3,0,1,1
Kerala - Periyar Basin,418.1,33.9,28.5,138.0,8.45,159.6,Water Body,Silt,736.5,0,1,1
Andhra Pradesh - Krishna Basin,773.0,35.7,51.4,134.0,8.17,494.3,Urban,Silt,1007.8,1,0,1
Kerala - Periyar Basin,253.6,20.5,91.2,387.9,1.73,66.5,Water Body,Clay,263.5,0,0,0
Tamil Nadu - Cauvery Basin,155.2,30.2,100.0,610.6,5.75,116.1,Desert,Silt,1042.1,0,0,1
Odisha - Mahanadi Basin,107.2,29.3,70.5,558.3,5.16,267.6,Water Body,Sandy,634.8,0,0,1
Rajasthan - Luni Basin,487.6,30.9,71.5,751.4,2.18,206.9,Agricultural,Silt,1064.3,1,1,0
Uttar Pradesh - Ghaghara Basin,290.8,30.6,70.5,489.7,11.15,83.0,Forest,Clay,942.4,1,1,0
West Bengal - Ganga Delta,35.9,33.5,75.0,376.4,1.32,173.7,Urban,Silt,786.5,1,0,0
Maharashtra - Godavari Basin,475.9,20.6,100.0,192.5,3.16,84.3,Agricultural,Silt,1487.5,1,0,0
West Bengal - Ganga Delta,99.0,28.4,67.2,925.2,4.47,375.4,Desert,Clay,666.6,0,1,0
Kerala - Periyar Basin,42.8,24.8,74.5,469.5,6.65,82.9,Urban,Peat,992.5,1,1,0
Rajasthan - Luni Basin,23.5,23.2,89.6,94.8,3.93,130.9,Agricultural,Loam,445.6,0,1,0
Kerala - Periyar Basin,171.9,32.6,100.0,407.4,3.9,196.8,Water Body,Loam,368.8,0,0,0
Telangana - Godavari Basin,251.1,28.2,86.1,186.1,11.26,144.4,Agricultural,Peat,266.6,1,0,0
Bihar - Kosi Basin,122.3,36.1,90.1,540.3,12.79,96.4,Desert,Sandy,608.0,1,1,1
West Bengal - Ganga Delta,245.3,35.4,55.3,274.6,16.88,125.0,Desert,Peat,610.9,1,0,0
Punjab - Sutlej Basin,113.5,39.4,78.9,419.8,1.22,200.3,Forest,Loam,395.8,1,1,0
Tamil Nadu - Cauvery Basin,718.9,29.7,43.3,167.5,6.73,312.1,Desert,Loam,1404.9,1,1,1
Odisha - Mahanadi Basin,487.9,23.3,73.2,256.4,1.61,327.4,Agricultural,Silt,253.7,1,0,0
Karnataka - Tungabhadra Basin,633.2,19.6,66.7,586.8,1.27,163.5,Urban,Sandy,1094.4,0,0,1
Assam - Brahmaputra Basin,231.2,24.4,65.7,229.0,6.82,97.4,Urban,Clay,29.6,1,0,0
Kerala - Periyar Basin,151.3,30.5,59.7,760.1,8.07,281.7,Water Body,Loam,662.9,0,0,1
West Bengal - Ganga Delta,225.7,29.9,73.4,184.0,0.42,500.9,Water Body,Sandy,403.7,0,0,0
Bihar - Kosi Basin,258.7,26.5,56.4,1002.7,2.55,264.7,Forest,Peat,1673.5,1,0,0
West Bengal - Ganga Delta,212.3,25.2,73.6,1036.2,3.84,204.6,Urban,Loam,329.4,1,0,0
Assam - Brahmaputra Basin,189.3,26.6,66.2,141.4,2.84,173.8,Agricultural,Sandy,1203.7,1,0,0
Telangana - Godavari Basin,473.9,22.8,61.4,888.9,2.6,346.1,Water Body,Silt,901.0,1,0,0
Uttar Pradesh - Ghaghara Basin,137.1,27.2,72.5,425.9,2.85,338.2,Agricultural,Clay,301.8,1,1,0
Odisha - Mahanadi Basin,178.2,26.4,74.6,158.9,3.64,294.3,Forest,Loam,485.1,0,1,1
Maharashtra - Godavari Basin,57.7,21.2,66.0,79.6,2.67,89.1,Forest,Peat,594.6,1,0,0
Rajasthan - Luni Basin,276.2,27.1,80.1,1026.2,2.69,64.6,Agricultural,Loam,938.0,0,0,1
Kerala - Periyar Basin,229.3,35.9,77.4,288.3,3.03,444.4,Urban,Loam,641.2,0,0,0
Madhya Pradesh - Chambal Basin,45.2,20.9,100.0,224.6,0.88,297.7,Agricultural,Sandy,383.9,1,0,0
Telangana - Godavari Basin,304.2,33.7,70.8,1238.2,6.75,320.6,Water Body,Clay,2045.9,1,1,1
Karnataka - Tungabhadra Basin,388.8,26.5,54.7,417.7,2.65,184.5,Desert,Clay,855.5,0,0,0
Punjab - Sutlej Basin,132.3,29.5,100.0,60.4,3.68,144.2,Desert,Silt,711.5,1,0,0
Gujarat - Narmada Basin,34.2,22.5,53.7,447.8,0.66,255.1,Agricultural,Clay,594.6,1,1,0
West Bengal - Ganga Delta,159.5,29.7,80.5,267.1,0.89,127.5,Water Body,Sandy,214.9,0,1,0
Madhya Pradesh - Chambal Basin,209.3,23.8,61.8,369.9,1.05,84.9,Forest,Loam,183.0,1,0,0
Madhya Pradesh - Chambal Basin,385.6,26.1,51.0,178.9,2.32,421.8,Forest,Clay,738.3,1,1,0
Telangana - Godavari Basin,145.7,25.2,82.8,500.4,2.4,176.9,Agricultural,Sandy,466.5,0,0,0
Rajasthan - Luni Basin,500.1,29.8,49.7,25.0,1.38,316.5,Urban,Sandy,221.9,1,0,0
Uttar Pradesh - Ghaghara Basin,209.0,32.6,90.3,281.5,4.78,219.9,Agricultural,Clay,756.0,1,1,0
Odisha - Mahanadi Basin,316.5,33.0,90.9,53.4,6.62,135.6,Forest,Silt,1490.4,1,0,0
Punjab - Sutlej Basin,16.7,28.1,56.7,211.0,3.7,170.8,Desert,Loam,543.0,1,1,0
Karnataka - Tungabhadra Basin,210.0,22.7,54.3,109.4,1.58,161.0,Urban,Loam,624.4,0,1,0
Tamil Nadu - Cauvery Basin,294.1,28.6,63.2,472.6,7.13,43.7,Urban,Clay,1291.3,1,0,0
Bihar - Kosi Basin,105.7,25.1,85.1,193.3,6.05,140.8,Agricultural,Silt,163.1,1,1,0
Andhra Pradesh - Krishna Basin,55.0,30.7,73.5,542.4,2.42,156.5,Agricultural,Loam,834.2,1,0,0
Gujarat - Narmada Basin,286.3,24.4,100.0,468.4,1.73,64.7,Desert,Silt,1143.6,0,0,0
Uttar Pradesh - Ghaghara Basin,195.9,23.8,45.2,874.6,7.58,197.1,Water Body,Sandy,601.1,1,0,0
Tamil Nadu - Cauvery Basin,233.3,27.3,63.1,230.1,4.33,56.2,Desert,Peat,177.7,0,0,0
Madhya Pradesh - Chambal Basin,218.3,31.7,51.7,166.0,7.08,183.5,Forest,Clay,479.9,1,0,0
Gujarat - Narmada Basin,289.1,28.2,66.8,609.0,1.76,74.5,Agricultural,Silt,546.0,0,1,0
Bihar - Kosi Basin,180.2,27.8,74.2,167.5,6.71,51.8,Agricultural,Loam,363.2,1,0,0
Kerala - Periyar Basin,212.7,35.8,56.4,279.6,3.98,44.6,Urban,Clay,217.1,1,1,0
Maharashtra - Godavari Basin,357.3,33.1,64.8,516.5,6.36,126.7,Agricultural,Peat,130.4,1,0,0
Maharashtra - Godavari Basin,212.5,36.0,67.0,595.9,1.71,110.0,Urban,Loam,669.2,1,0,0
Madhya Pradesh - Chambal Basin,120.7,30.5,92.8,430.9,3.25,459.4,Agricultural,Peat,168.8,0,0,0
Kerala - Periyar Basin,167.6,23.2,68.4,612.3,8.2,52.8,Agricultural,Sandy,279.9,0,1,1
Tamil Nadu - Cauvery Basin,226.3,26.9,39.1,620.4,5.22,298.0,Forest,Clay,1311.4,0,0,0
Rajasthan - Luni Basin,440.2,31.3,76.0,386.8,3.77,82.3,Forest,Clay,2138.5,1,0,0
Telangana - Godavari Basin,26.3,25.4,66.5,356.6,7.66,63.3,Forest,Silt,1976.9,1,0,0
Bihar - Kosi Basin,91.0,33.5,70.4,435.6,6.5,130.2,Agricultural,Clay,829.1,1,0,0
Madhya Pradesh - Chambal Basin,437.5,33.5,76.7,177.7,3.81,383.5,Agricultural,Sandy,736.9,1,0,0
Andhra Pradesh - Krishna Basin,245.5,33.0,94.2,125.6,1.4,177.0,Forest,Silt,633.9,1,1,0
Bihar - Kosi Basin,108.3,31.8,67.7,360.6,16.35,217.7,Urban,Sandy,685.1,0,0,1
Maharashtra - Godavari Basin,68.9,26.4,87.4,1096.1,12.83,108.1,Desert,Clay,504.8,0,1,1
Maharashtra - Godavari Basin,86.9,26.9,69.5,388.3,2.42,98.1,Forest,Silt,612.6,1,1,0
Bihar - Kosi Basin,76.8,24.7,66.7,367.4,3.83,87.0,Agricultural,Sandy,972.7,1,1,0
Assam - Brahmaputra Basin,532.8,29.7,69.1,598.0,5.35,222.1,Agricultural,Loam,404.0,1,1,1
Gujarat - Narmada Basin,131.3,18.6,50.0,1574.0,7.93,217.3,Agricultural,Loam,121.7,0,0,1
Punjab - Sutlej Basin,100.6,30.1,59.7,221.2,5.42,433.2,Agricultural,Loam,544.2,1,1,0
Maharashtra - Godavari Basin,119.9,25.8,100.0,169.6,4.2,283.7,Agricultural,Clay,544.7,1,0,0
Rajasthan - Luni Basin,177.3,23.0,69.3,989.5,5.66,680.9,Urban,Loam,957.0,0,1,1
Bihar - Kosi Basin,82.8,27.7,64.9,238.1,2.45,106.8,Agricultural,Loam,1491.9,0,1,0
Tamil Nadu - Cauvery Basin,91.7,19.7,94.0,300.4,0.19,90.4,Desert,Silt,1657.9,0,0,0
Bihar - Kosi Basin,42.5,27.8,98.5,425.4,6.94,64.8,Agricultural,Sandy,842.6,1,1,0
Odisha - Mahanadi Basin,432.6,26.5,65.0,258.7,2.63,74.7,Agricultural,Clay,713.3,1,1,0
West Bengal - Ganga Delta,317.8,24.9,84.7,400.3,4.07,288.7,Agricultural,Clay,481.2,1,0,0
Andhra Pradesh - Krishna Basin,91.7,28.5,78.4,366.8,8.67,238.8,Forest,Clay,1225.0,0,1,0
Uttar Pradesh - Ghaghara Basin,201.1,26.7,88.1,553.8,1.15,175.1,Agricultural,Silt,418.0,0,0,0
Tamil Nadu - Cauvery Basin,474.6,24.9,75.7,917.2,3.22,410.8,Water Body,Loam,617.1,1,0,0
Karnataka - Tungabhadra Basin,289.9,29.1,85.5,500.2,3.83,124.6,Forest,Clay,179.8,1,0,0
Telangana - Godavari Basin,197.0,28.3,69.8,1079.1,1.73,240.4,Agricultural,Sandy,670.9,0,1,1
Madhya Pradesh - Chambal Basin,107.2,21.9,57.5,298.6,3.68,212.4,Agricultural,Sandy,823.7,1,1,0
Kerala - Periyar Basin,299.6,36.8,58.6,220.3,4.82,117.1,Urban,Sandy,1405.8,0,0,1
West Bengal - Ganga Delta,287.1,32.9,65.6,618.5,0.95,317.6,Agricultural,Silt,1070.6,1,0,0
Uttar Pradesh - Ghaghara Basin,427.9,33.6,90.0,595.2,4.17,56.5,Agricultural,Clay,1418.1,1,0,0
Gujarat - Narmada Basin,91.8,24.9,58.7,662.3,6.46,116.6,Urban,Silt,646.1,0,1,1
Assam - Brahmaputra Basin,34.8,29.0,56.0,1081.0,3.38,254.9,Water Body,Sandy,738.0,1,1,0
Karnataka - Tungabhadra Basin,219.0,31.7,56.4,464.9,3.96,87.7,Agricultural,Loam,750.2,0,1,1
Rajasthan - Luni Basin,122.1,28.0,59.4,489.9,9.1,113.7,Urban,Loam,1681.8,1,1,1
Gujarat - Narmada Basin,268.5,25.6,95.8,168.5,3.66,169.7,Agricultural,Sandy,165.5,1,0,0
Telangana - Godavari Basin,110.1,28.1,73.1,304.8,10.21,144.8,Urban,Peat,34.9,1,0,0
Bihar - Kosi Basin,80.4,36.8,70.9,783.1,4.61,123.9,Agricultural,Loam,358.2,0,0,0
Odisha - Mahanadi Basin,244.6,29.3,60.9,250.4,0.94,176.0,Forest,Sandy,529.7,1,1,0
Kerala - Periyar Basin,390.6,24.5,73.4,170.6,5.5,32.9,Agricultural,Clay,517.0,0,0,0
Maharashtra - Godavari Basin,39.8,32.2,92.2,588.7,1.31,124.5,Agricultural,Peat,404.5,1,0,0
Kerala - Periyar Basin,130.5,24.7,64.0,129.7,1.24,294.0,Forest,Loam,257.7,0,1,0
Gujarat - Narmada Basin,274.7,22.7,61.9,1168.7,4.11,235.9,Agricultural,Loam,99.3,1,0,0
Maharashtra - Godavari Basin,311.5,34.3,87.8,162.0,11.1,438.9,Desert,Loam,646.5,0,0,0
Bihar - Kosi Basin,238.6,31.3,85.9,802.0,8.66,233.8,Forest,Silt,647.9,1,0,0
Assam - Brahmaputra Basin,63.3,30.1,84.4,915.8,3.34,262.1,Desert,Silt,535.9,0,0,0
Tamil Nadu - Cauvery Basin,112.4,25.1,84.3,217.7,3.76,362.6,Desert,Silt,1288.1,1,1,0
Kerala - Periyar Basin,283.7,30.3,74.7,264.7,9.65,287.6,Agricultural,Sandy,971.0,0,0,1
Odisha - Mahanadi Basin,131.3,26.4,50.3,363.4,6.56,44.1,Agricultural,Silt,668.1,1,0,0
Rajasthan - Luni Basin,544.2,29.7,78.3,125.8,2.6,333.6,Urban,Loam,192.4,1,0,0
Karnataka - Tungabhadra Basin,50.8,25.0,95.1,880.0,2.85,228.7,Desert,Loam,1387.1,0,0,0
Kerala - Periyar Basin,128.4,28.7,86.5,1011.0,10.54,184.3,Agricultural,Silt,746.9,1,1,1
Gujarat - Narmada Basin,206.8,24.7,65.2,300.7,1.77,182.2,Urban,Silt,2199.9,0,1,0
West Bengal - Ganga Delta,50.2,26.6,76.0,373.6,3.72,17.8,Agricultural,Clay,2158.4,0,0,0
Andhra Pradesh - Krishna Basin,132.7,17.7,69.8,237.1,6.91,188.4,Urban,Loam,285.5,1,1,0
Maharashtra - Godavari Basin,598.9,33.5,66.4,143.8,5.41,138.5,Water Body,Clay,404.1,0,1,1
Karnataka - Tungabhadra Basin,179.8,28.9,77.6,559.6,8.93,575.6,Forest,Sandy,206.4,0,0,0
Uttar Pradesh - Ghaghara Basin,173.9,21.1,83.0,398.7,4.36,284.9,Agricultural,Silt,1593.0,0,0,0
Tamil Nadu - Cauvery Basin,151.1,26.4,100.0,1150.0,1.24,169.9,Agricultural,Clay,855.2,1,0,0
Gujarat - Narmada Basin,265.1,26.6,59.6,710.0,2.82,124.5,Urban,Clay,413.2,0,0,0
Tamil Nadu - Cauvery Basin,248.0,26.0,74.2,421.1,9.35,112.0,Forest,Silt,246.9,1,1,0
Assam - Brahmaputra Basin,117.7,24.4,85.2,433.5,3.7,324.2,Water Body,Loam,314.5,1,0,0
Rajasthan - Luni Basin,219.0,26.3,86.1,241.3,2.83,380.7,Water Body,Loam,280.1,1,0,0
Bihar - Kosi Basin,225.4,18.9,65.3,1545.0,0.13,218.5,Urban,Sandy,476.4,0,0,1
Gujarat - Narmada Basin,103.4,31.3,46.6,165.6,4.27,128.3,Water Body,Silt,611.8,1,1,0
Assam - Brahmaputra Basin,202.9,30.9,84.6,479.6,3.1,132.0,Urban,Peat,115.0,0,1,0
Uttar Pradesh - Ghaghara Basin,289.4,25.6,62.3,271.1,2.3,64.6,Agricultural,Loam,55.0,1,0,0
Rajasthan - Luni Basin,38.0,33.4,67.7,578.1,4.95,86.1,Agricultural,Peat,998.6,1,0,0
Bihar - Kosi Basin,26.8,24.8,82.2,102.6,5.76,157.6,Water Body,Loam,81.1,0,0,1
Karnataka - Tungabhadra Basin,155.0,24.4,74.3,458.2,2.16,76.6,Agricultural,Silt,1917.3,0,0,0
Uttar Pradesh - Ghaghara Basin,90.6,26.3,90.1,753.1,3.35,127.4,Forest,Loam,226.8,0,1,0
West Bengal - Ganga Delta,95.3,24.2,74.2,782.0,5.72,98.0,Desert,Clay,600.1,0,0,0
Bihar - Kosi Basin,67.7,24.3,72.4,411.8,7.74,37.9,Agricultural,Sandy,1725.5,1,0,0
Uttar Pradesh - Ghaghara Basin,442.2,23.8,56.0,290.4,5.56,17.9,Agricultural,Loam,360.8,1,0,0
Odisha - Mahanadi Basin,277.3,28.1,57.9,215.9,5.99,83.6,Agricultural,Clay,252.4,0,0,0
Rajasthan - Luni Basin,516.4,32.5,61.1,547.6,7.49,80.4,Agricultural,Clay,474.8,1,0,0
West Bengal - Ganga Delta,235.6,16.0,35.3,519.8,3.15,90.0,Urban,Peat,274.9,1,1,0
Rajasthan - Luni Basin,386.2,32.6,57.8,764.4,2.79,147.5,Desert,Loam,1611.0,1,1,1
Maharashtra - Godavari Basin,27.1,24.3,80.4,794.0,2.5,116.7,Agricultural,Sandy,655.6,1,0,0
Punjab - Sutlej Basin,348.5,34.8,57.5,703.9,5.86,101.6,Forest,Clay,741.8,1,0,0
Rajasthan - Luni Basin,212.3,25.4,82.5,218.3,4.65,40.6,Urban,Silt,509.5,0,1,0
Assam - Brahmaputra Basin,98.1,21.1,75.5,513.5,5.65,224.4,Agricultural,Silt,444.3,1,0,0
Telangana - Godavari Basin,144.4,28.4,82.6,1128.8,2.44,125.4,Water Body,Peat,875.7,1,1,1
Maharashtra - Godavari Basin,244.8,28.3,91.8,104.9,1.31,189.7,Agricultural,Loam,302.8,1,1,0
Punjab - Sutlej Basin,180.5,32.3,99.2,956.1,8.47,369.0,Urban,Loam,472.5,1,0,0
Tamil Nadu - Cauvery Basin,56.3,28.5,95.2,572.3,4.58,124.9,Urban,Peat,195.5,0,1,0
Madhya Pradesh - Chambal Basin,57.3,26.4,60.6,935.7,2.21,178.4,Urban,Clay,417.0,0,0,0
Uttar Pradesh - Ghaghara Basin,63.8,30.2,83.3,64.9,3.04,191.3,Agricultural,Silt,268.9,1,0,0
Gujarat - Narmada Basin,115.2,32.3,100.0,164.0,2.09,412.9,Urban,Silt,999.4,1,1,0
Odisha - Mahanadi Basin,409.9,28.8,48.0,1225.6,3.13,471.0,Agricultural,Loam,194.9,0,0,0
Assam - Brahmaputra Basin,152.2,30.4,75.4,170.0,3.82,160.6,Agricultural,Loam,76.4,0,1,0
West Bengal - Ganga Delta,157.0,28.3,92.3,1264.8,0.69,395.4,Water Body,Clay,325.1,1,1,0
Kerala - Periyar Basin,182.6,20.4,74.0,832.3,4.27,270.3,Water Body,Loam,273.8,0,0,0
Rajasthan - Luni Basin,200.8,25.6,82.7,400.4,5.45,215.7,Desert,Peat,501.1,0,0,0
Punjab - Sutlej Basin,289.8,33.2,73.0,874.9,1.44,49.2,Forest,Silt,55.9,1,0,0
Maharashtra - Godavari Basin,220.9,26.2,83.3,873.5,3.42,81.3,Forest,Loam,750.5,0,1,1
Uttar Pradesh - Ghaghara Basin,386.4,30.4,89.9,1023.2,12.41,276.2,Urban,Sandy,22.4,1,1,1
Punjab - Sutlej Basin,40.6,19.3,78.5,408.0,1.5,113.8,Agricultural,Loam,2018.7,1,1,0
Tamil Nadu - Cauvery Basin,168.3,28.1,70.4,599.3,2.91,109.7,Agricultural,Clay,746.8,0,1,1
Telangana - Godavari Basin,333.2,25.4,86.9,380.2,2.48,173.8,Urban,Clay,574.6,1,0,0
Uttar Pradesh - Ghaghara Basin,114.3,29.4,58.7,1474.5,4.12,199.1,Desert,Sandy,236.9,1,1,1
Gujarat - Narmada Basin,251.8,28.6,59.5,318.7,6.41,135.4,Agricultural,Clay,518.4,1,0,0
Assam - Brahmaputra Basin,234.6,19.9,90.2,421.0,3.08,418.6,Urban,Peat,560.7,0,0,0
Rajasthan - Luni Basin,180.2,28.0,75.0,958.8,4.63,99.8,Agricultural,Loam,187.5,1,0,0
Andhra Pradesh - Krishna Basin,161.1,31.7,49.6,276.4,4.06,98.6,Water Body,Silt,91.2,1,1,0
Uttar Pradesh - Ghaghara Basin,324.1,37.3,71.8,838.8,6.33,137.0,Agricultural,Clay,407.8,0,1,1
Telangana - Godavari Basin,146.5,24.5,95.5,341.7,0.91,96.6,Agricultural,Clay,999.9,0,1,0
Bihar - Kosi Basin,290.6,34.5,93.3,386.7,3.72,164.0,Agricultural,Loam,395.4,1,1,0
Karnataka - Tungabhadra Basin,158.0,26.0,60.4,667.0,4.36,101.6,Urban,Clay,458.7,1,1,1
Bihar - Kosi Basin,151.4,31.3,48.2,170.2,3.87,71.1,Urban,Loam,370.9,1,0,0
Gujarat - Narmada Basin,348.9,22.6,91.6,845.7,1.23,250.1,Desert,Clay,578.0,1,0,0
Uttar Pradesh - Ghaghara Basin,431.2,36.7,64.1,137.1,5.81,113.8,Agricultural,Sandy,444.1,1,1,0
Tamil Nadu - Cauvery Basin,79.0,28.0,85.7,321.1,3.18,379.3,Agricultural,Loam,629.3,1,1,0
Kerala - Periyar Basin,142.0,31.5,89.1,190.1,8.81,438.1,Urban,Silt,1049.6,1,0,0
Maharashtra - Godavari Basin,116.7,31.8,56.8,659.2,4.05,155.6,Agricultural,Peat,438.9,1,1,0
Odisha - Mahanadi Basin,435.1,29.5,82.0,178.0,8.4,143.0,Agricultural,Loam,774.3,1,1,0
Rajasthan - Luni Basin,591.0,22.6,77.9,165.5,6.22,185.7,Agricultural,Loam,461.2,0,0,0
Tamil Nadu - Cauvery Basin,384.0,26.4,47.5,587.7,3.08,134.2,Agricultural,Sandy,878.9,0,0,0
Rajasthan - Luni Basin,392.9,29.8,62.0,293.8,9.32,280.0,Agricultural,Peat,491.8,0,0,1
Andhra Pradesh - Krishna Basin,24.6,26.9,47.3,469.3,4.47,120.1,Agricultural,Clay,882.7,0,0,0
Maharashtra - Godavari Basin,195.3,26.9,59.4,269.9,3.29,42.5,Agricultural,Clay,1766.5,1,1,0
Karnataka - Tungabhadra Basin,210.1,36.1,77.9,590.3,5.07,224.1,Water Body,Silt,654.6,1,1,0
Uttar Pradesh - Ghaghara Basin,252.0,33.1,44.8,229.7,16.43,181.4,Desert,Silt,1361.6,0,0,1
Punjab - Sutlej Basin,43.8,21.0,80.4,1051.8,3.65,16.0,Urban,Silt,757.8,0,1,1
Punjab - Sutlej Basin,529.2,25.4,100.0,154.1,6.86,56.7,Agricultural,Silt,301.1,0,0,1
Andhra Pradesh - Krishna Basin,313.8,25.7,78.2,961.9,5.9,202.6,Agricultural,Sandy,867.7,0,0,0
Kerala - Periyar Basin,118.2,32.0,54.8,123.1,7.14,55.1,Agricultural,Clay,925.8,1,0,0
Andhra Pradesh - Krishna Basin,49.6,28.8,65.0,471.2,3.18,408.0,Urban,Sandy,546.1,1,0,0
Tamil Nadu - Cauvery Basin,63.8,25.9,82.7,234.1,0.58,246.9,Agricultural,Loam,1004.2,0,0,0
Uttar Pradesh - Ghaghara Basin,660.9,28.8,89.4,28.1,2.46,230.8,Desert,Silt,694.6,0,0,0
West Bengal - Ganga Delta,646.5,22.6,66.5,278.4,10.85,67.2,Urban,Sandy,2063.7,0,1,1
Andhra Pradesh - Krishna Basin,464.4,28.6,40.4,241.7,4.84,35.2,Urban,Loam,2319.9,0,1,1
Odisha - Mahanadi Basin,101.0,34.1,75.3,467.7,5.37,48.6,Desert,Silt,17.7,0,0,0
Punjab - Sutlej Basin,214.2,22.9,65.2,480.6,2.93,197.2,Urban,Peat,1424.5,1,0,0
Andhra Pradesh - Krishna Basin,192.7,33.2,60.5,109.9,0.65,187.8,Water Body,Loam,788.5,1,1,0
Madhya Pradesh - Chambal Basin,74.1,27.0,74.6,711.7,3.75,154.8,Urban,Clay,650.0,1,1,0
Rajasthan - Luni Basin,13.9,30.7,55.9,398.6,1.3,86.2,Agricultural,Sandy,128.9,1,1,0
Maharashtra - Godavari Basin,37.6,25.1,75.3,156.9,8.88,212.8,Forest,Sandy,1026.4,1,0,0
West Bengal - Ganga Delta,277.6,27.9,51.1,1251.2,1.7,35.4,Forest,Clay,472.2,0,1,1
Kerala - Periyar Basin,381.4,21.3,83.0,254.9,2.01,52.7,Water Body,Loam,247.9,1,0,0
Tamil Nadu - Cauvery Basin,900.0,28.7,55.2,48.6,5.74,151.9,Water Body,Peat,657.5,0,1,1
Karnataka - Tungabhadra Basin,455.5,24.5,47.0,89.0,4.23,667.6,Agricultural,Silt,662.0,1,0,0
Uttar Pradesh - Ghaghara Basin,285.9,31.2,51.0,391.0,1.13,60.4,Urban,Loam,377.0,0,0,0
Assam - Brahmaputra Basin,245.4,31.2,84.8,440.2,7.58,112.4,Forest,Clay,1261.3,0,0,0
Bihar - Kosi Basin,609.4,32.6,45.5,463.8,4.26,90.5,Urban,Sandy,458.0,0,0,1
Punjab - Sutlej Basin,179.2,25.8,72.4,99.8,1.2,26.1,Water Body,Silt,259.4,0,1,0
Punjab - Sutlej Basin,286.2,31.0,72.6,489.5,10.98,173.6,Urban,Peat,181.6,1,0,0
Rajasthan - Luni Basin,85.6,34.9,62.2,96.8,3.29,92.3,Desert,Clay,1341.5,1,1,0
Tamil Nadu - Cauvery Basin,185.2,24.4,91.0,948.8,2.11,25.1,Water Body,Silt,998.7,1,0,0
Bihar - Kosi Basin,222.1,31.8,64.7,721.6,3.09,264.7,Urban,Sandy,253.9,0,1,1
Maharashtra - Godavari Basin,275.6,26.0,45.1,230.0,1.8,209.4,Urban,Clay,1063.0,0,0,0
Madhya Pradesh - Chambal Basin,551.9,23.7,80.7,312.5,1.45,304.9,Agricultural,Sandy,61.0,0,1,1
Madhya Pradesh - Chambal Basin,295.0,29.1,62.0,70.2,5.86,158.0,Agricultural,Loam,571.8,0,0,0
Punjab - Sutlej Basin,330.4,41.5,71.4,442.2,6.26,398.4,Desert,Sandy,531.1,1,0,0
Karnataka - Tungabhadra Basin,282.3,28.8,87.9,754.0,2.96,23.5,Urban,Clay,597.8,0,0,1
Punjab - Sutlej Basin,75.1,22.8,88.6,474.3,4.74,140.1,Water Body,Peat,534.7,1,0,0
Punjab - Sutlej Basin,165.4,32.2,67.6,393.3,2.98,80.7,Urban,Clay,467.2,1,1,0
Maharashtra - Godavari Basin,351.2,26.9,69.9,82.7,1.76,227.0,Agricultural,Silt,387.1,0,0,0
Uttar Pradesh - Ghaghara Basin,500.7,24.6,94.9,422.3,4.22,142.5,Agricultural,Sandy,128.7,0,0,1
Madhya Pradesh - Chambal Basin,160.4,33.7,46.8,552.3,1.59,78.1,Water Body,Loam,666.6,1,0,0
Tamil Nadu - Cauvery Basin,106.1,25.2,56.3,209.9,3.22,290.2,Agricultural,Clay,742.3,1,1,0
Gujarat - Narmada Basin,129.3,30.5,79.5,1217.0,3.12,35.6,Urban,Sandy,391.6,1,0,0
Rajasthan - Luni Basin,329.3,31.2,53.4,274.5,7.42,163.2,Urban,Clay,271.8,1,0,0
Andhra Pradesh - Krishna Basin,195.0,27.6,58.8,160.8,5.48,113.3,Urban,Sandy,725.7,0,0,1
Andhra Pradesh - Krishna Basin,202.6,30.1,85.2,664.2,4.11,142.1,Forest,Loam,189.4,1,0,0
Karnataka - Tungabhadra Basin,149.0,34.7,61.1,624.3,3.8,316.0,Desert,Sandy,206.8,1,0,0
Madhya Pradesh - Chambal Basin,110.7,24.0,75.8,118.7,4.35,96.4,Water Body,Clay,123.4,0,0,0
Maharashtra - Godavari Basin,217.9,26.1,100.0,202.8,3.45,283.2,Urban,Loam,390.4,1,0,0
Tamil Nadu - Cauvery Basin,515.4,32.0,80.8,678.8,8.74,286.2,Agricultural,Peat,976.4,1,1,1
Telangana - Godavari Basin,226.5,23.4,76.1,1333.2,4.35,160.6,Urban,Silt,260.0,1,0,1
Odisha - Mahanadi Basin,423.5,20.5,100.0,374.0,6.98,488.4,Water Body,Silt,402.8,0,1,1
Madhya Pradesh - Chambal Basin,101.2,29.7,61.1,561.2,3.0,125.6,Agricultural,Sandy,124.5,1,1,0
Maharashtra - Godavari Basin,346.1,25.0,70.6,771.8,4.25,500.3,Urban,Sandy,1511.6,1,1,1
Telangana - Godavari Basin,101.6,28.3,71.2,134.4,5.03,206.4,Urban,Clay,653.4,0,0,0
Karnataka - Tungabhadra Basin,242.6,30.2,59.4,1284.9,3.92,25.6,Agricultural,Silt,730.5,0,1,1
Telangana - Godavari Basin,202.0,35.3,100.0,861.8,6.08,52.5,Agricultural,Sandy,124.5,1,1,0
Gujarat - Narmada Basin,78.5,25.1,91.8,678.1,5.49,226.8,Water Body,Clay,536.3,1,0,0
Gujarat - Narmada Basin,138.8,30.4,82.9,234.8,7.22,180.5,Forest,Sandy,766.9,0,1,1
Andhra Pradesh - Krishna Basin,587.8,21.0,86.5,395.0,4.71,135.0,Urban,Loam,315.9,0,0,1
Gujarat - Narmada Basin,115.2,37.3,76.1,235.6,6.36,212.1,Urban,Loam,694.1,0,0,0
Andhra Pradesh - Krishna Basin,187.4,30.3,54.5,328.4,5.98,138.2,Agricultural,Sandy,625.3,1,1,0
Assam - Brahmaputra Basin,231.2,33.2,65.6,454.6,6.37,116.3,Urban,Clay,382.2,1,0,0
Gujarat - Narmada Basin,498.8,25.6,35.1,206.9,6.8,35.7,Agricultural,Peat,350.5,0,1,1
Assam - Brahmaputra Basin,116.7,29.6,89.9,208.7,1.61,113.2,Desert,Loam,160.2,1,1,0
Telangana - Godavari Basin,233.4,20.5,65.8,663.4,3.59,118.9,Urban,Sandy,862.0,1,1,0
Odisha - Mahanadi Basin,153.2,28.7,74.2,104.9,5.31,80.4,Agricultural,Peat,1034.2,1,0,0
Maharashtra - Godavari Basin,216.7,19.5,58.5,160.1,0.93,306.4,Water Body,Peat,882.1,1,1,0
Uttar Pradesh - Ghaghara Basin,545.8,26.8,53.4,960.3,0.18,218.9,Agricultural,Sandy,848.6,1,0,0
Bihar - Kosi Basin,441.4,33.9,62.4,213.3,0.21,312.9,Desert,Loam,812.3,1,0,0
Telangana - Godavari Basin,173.6,26.2,39.4,290.7,3.88,271.7,Urban,Silt,353.5,1,0,0
Gujarat - Narmada Basin,101.4,28.1,67.3,710.1,6.73,123.8,Desert,Sandy,891.1,1,1,0
Gujarat - Narmada Basin,170.9,32.0,89.0,187.4,1.46,192.8,Agricultural,Silt,628.5,1,0,0
Gujarat - Narmada Basin,92.3,28.6,59.3,972.6,3.83,19.3,Water Body,Clay,2127.3,0,1,1
West Bengal - Ganga Delta,278.1,22.9,75.0,578.5,1.15,123.6,Urban,Peat,110.2,1,1,0
Rajasthan - Luni Basin,209.4,34.2,70.9,333.3,2.57,170.8,Urban,Loam,1029.9,0,1,1
Rajasthan - Luni Basin,92.4,37.3,55.2,275.9,12.34,51.2,Desert,Silt,1891.9,0,1,1
Telangana - Godavari Basin,415.0,24.3,41.2,219.3,5.63,219.0,Agricultural,Sandy,757.0,0,0,0
Karnataka - Tungabhadra Basin,181.9,28.3,84.4,304.8,10.74,80.6,Desert,Sandy,640.1,1,1,0
Odisha - Mahanadi Basin,31.7,26.5,54.9,353.8,2.9,208.2,Agricultural,Loam,665.5,1,1,0
Bihar - Kosi Basin,134.6,31.7,97.6,779.7,3.53,97.7,Urban,Silt,1571.7,1,1,0
Maharashtra - Godavari Basin,62.5,20.7,79.9,422.9,2.11,142.4,Agricultural,Sandy,1349.8,1,0,0
Rajasthan - Luni Basin,152.4,31.0,74.0,216.3,8.19,124.6,Agricultural,Sandy,627.5,1,1,0
Tamil Nadu - Cauvery Basin,417.4,24.4,52.8,266.6,3.43,332.1,Water Body,Loam,710.2,1,1,1
Punjab - Sutlej Basin,214.4,28.2,48.7,680.3,1.98,63.5,Agricultural,Clay,375.7,1,0,0
Gujarat - Narmada Basin,253.5,27.8,62.5,1363.5,9.56,471.1,Agricultural,Sandy,2099.3,1,1,1
Bihar - Kosi Basin,261.6,27.1,100.0,581.8,3.12,81.0,Urban,Silt,1725.1,1,0,0
Madhya Pradesh - Chambal Basin,226.8,29.9,66.8,419.1,4.11,49.8,Urban,Sandy,694.9,1,1,0
Assam - Brahmaputra Basin,120.0,27.3,87.2,611.3,4.01,197.1,Urban,Silt,360.2,1,1,0
Maharashtra - Godavari Basin,124.1,34.7,70.9,768.6,0.41,91.3,Urban,Silt,474.1,1,1,0
Odisha - Mahanadi Basin,78.6,30.7,69.5,258.6,5.34,15.6,Forest,Silt,1395.8,1,0,0
Punjab - Sutlej Basin,55.0,22.0,86.7,910.3,1.59,87.0,Urban,Peat,1627.9,0,0,0
Madhya Pradesh - Chambal Basin,482.0,31.0,78.3,859.0,7.0,180.3,Forest,Peat,362.2,1,1,1
Karnataka - Tungabhadra Basin,227.7,30.3,78.3,877.8,2.22,99.8,Forest,Loam,980.1,0,0,0
Gujarat - Narmada Basin,400.4,27.9,85.2,592.5,3.7,145.8,Forest,Sandy,321.4,1,0,0
West Bengal - Ganga Delta,335.4,32.1,31.5,399.8,3.29,122.8,Urban,Peat,629.4,0,1,1
Karnataka - Tungabhadra Basin,119.1,29.8,62.0,363.2,5.32,197.9,Urban,Peat,178.4,0,0,0
Madhya Pradesh - Chambal Basin,243.3,30.2,96.7,432.0,2.16,289.6,Desert,Loam,166.2,1,1,0
West Bengal - Ganga Delta,21.9,23.7,89.9,644.7,1.12,332.4,Forest,Loam,430.0,1,1,0
Punjab - Sutlej Basin,470.1,27.4,92.5,506.6,3.87,91.5,Urban,Peat,1400.6,1,1,1
Punjab - Sutlej Basin,266.3,34.0,66.4,643.6,9.34,256.6,Desert,Clay,1114.9,0,0,1
Tamil Nadu - Cauvery Basin,259.2,31.5,35.0,43.2,1.56,249.7,Urban,Silt,434.1,1,0,0
Punjab - Sutlej Basin,324.6,26.9,80.2,349.5,2.17,505.2,Agricultural,Clay,690.2,0,0,0
Kerala - Periyar Basin,51.8,32.0,87.2,350.7,3.52,169.0,Water Body,Silt,2161.8,1,0,0
Assam - Brahmaputra Basin,248.1,19.5,66.7,393.8,2.67,307.0,Forest,Peat,843.7,0,1,0
Kerala - Periyar Basin,167.3,24.9,79.3,609.9,2.5,49.4,Agricultural,Sandy,268.0,1,1,0
Bihar - Kosi Basin,533.7,24.5,71.6,347.7,3.77,185.5,Forest,Sandy,1098.2,0,1,1
Tamil Nadu - Cauvery Basin,187.6,26.7,74.7,494.2,4.76,185.8,Urban,Loam,1628.3,1,1,0
Telangana - Godavari Basin,420.1,30.1,50.8,786.1,5.14,30.7,Agricultural,Peat,252.8,0,0,1
Maharashtra - Godavari Basin,71.5,27.1,55.3,59.8,5.61,185.9,Urban,Sandy,511.7,1,1,0
Kerala - Periyar Basin,345.8,26.6,56.4,396.7,4.84,90.0,Forest,Loam,1058.5,1,0,0
Andhra Pradesh - Krishna Basin,470.3,21.9,38.2,1011.3,3.74,187.6,Agricultural,Silt,1035.5,1,0,0
Punjab - Sutlej Basin,91.8,27.4,48.1,350.6,2.06,169.9,Agricultural,Sandy,252.0,0,0,0
Gujarat - Narmada Basin,31.0,26.9,88.0,397.2,3.05,402.4,Urban,Loam,328.1,0,1,0
Madhya Pradesh - Chambal Basin,142.4,26.5,66.5,85.3,3.44,98.0,Forest,Silt,476.3,0,0,0
Gujarat - Narmada Basin,62.2,30.1,65.1,211.4,2.77,301.4,Agricultural,Silt,423.8,0,0,0
Andhra Pradesh - Krishna Basin,305.7,29.1,63.6,254.2,2.55,517.3,Urban,Loam,327.2,1,0,0
Karnataka - Tungabhadra Basin,375.7,32.3,94.5,638.3,5.4,143.8,Agricultural,Sandy,1278.2,0,0,1
Assam - Brahmaputra Basin,429.3,31.8,70.7,1017.5,4.8,264.0,Urban,Peat,224.6,1,0,0
Odisha - Mahanadi Basin,306.4,20.4,72.3,616.5,2.45,196.2,Agricultural,Clay,186.4,1,0,0
Telangana - Godavari Basin,289.9,29.8,62.1,304.5,1.14,172.1,Agricultural,Silt,680.4,0,0,0
Gujarat - Narmada Basin,177.8,27.1,58.1,23.0,2.35,235.0,Forest,Sandy,757.8,1,0,0
Madhya Pradesh - Chambal Basin,106.1,25.1,46.8,149.8,5.5,284.9,Forest,Silt,1124.5,0,0,0
Madhya Pradesh - Chambal Basin,58.0,19.9,79.4,622.9,0.77,215.0,Agricultural,Sandy,3242.6,1,0,0
Rajasthan - Luni Basin,198.8,29.9,89.3,272.4,5.37,133.0,Agricultural,Peat,481.0,0,1,0
Odisha - Mahanadi Basin,145.5,28.1,65.9,567.1,3.8,375.2,Water Body,Clay,779.8,1,1,0
Rajasthan - Luni Basin,200.0,26.0,51.1,219.7,3.67,220.0,Water Body,Sandy,1324.8,1,1,0
Kerala - Periyar Basin,39.8,20.4,81.1,589.4,6.01,495.7,Water Body,Silt,190.1,0,1,1
Bihar - Kosi Basin,195.4,30.9,59.1,192.0,5.0,163.6,Forest,Clay,600.2,0,1,0
Maharashtra - Godavari Basin,216.6,27.3,56.8,640.8,13.72,277.2,Forest,Clay,1202.7,0,1,1
Andhra Pradesh - Krishna Basin,2.0,24.0,95.5,426.1,1.62,102.9,Urban,Sandy,2483.2,1,0,0
Gujarat - Narmada Basin,275.0,24.3,60.6,1138.8,3.87,284.9,Agricultural,Clay,838.5,0,0,1
Andhra Pradesh - Krishna Basin,58.7,32.7,70.1,1065.8,1.1,72.9,Forest,Silt,244.1,1,1,0
Madhya Pradesh - Chambal Basin,520.8,31.3,86.7,1480.1,2.38,240.9,Desert,Sandy,632.3,1,0,1
Bihar - Kosi Basin,220.8,30.1,64.5,712.0,4.67,345.2,Agricultural,Sandy,856.8,1,1,1
Karnataka - Tungabhadra Basin,357.6,34.9,61.3,712.2,7.09,142.0,Desert,Sandy,1160.0,0,0,1
Bihar - Kosi Basin,207.8,24.7,78.7,28.2,1.85,514.0,Agricultural,Clay,243.9,1,1,0
Andhra Pradesh - Krishna Basin,113.6,28.1,60.4,176.2,4.75,124.5,Water Body,Silt,213.9,1,1,0
Maharashtra - Godavari Basin,601.1,28.6,77.5,52.7,5.22,456.3,Forest,Silt,311.6,1,1,0
Andhra Pradesh - Krishna Basin,165.8,23.4,65.7,36.3,2.73,338.0,Urban,Loam,496.3,1,0,0
Tamil Nadu - Cauvery Basin,243.5,29.3,77.8,217.9,3.83,129.3,Forest,Loam,991.9,0,0,0
Andhra Pradesh - Krishna Basin,185.0,24.3,72.4,358.8,4.64,146.6,Urban,Clay,1029.5,0,0,0
Andhra Pradesh - Krishna Basin,34.7,26.2,45.6,628.2,4.34,147.0,Agricultural,Silt,1174.4,1,0,0
Rajasthan - Luni Basin,518.8,30.7,69.5,199.5,5.3,165.7,Desert,Sandy,1008.5,1,1,0
Telangana - Godavari Basin,18.2,29.1,84.5,487.1,0.83,45.0,Agricultural,Sandy,261.1,1,0,0
Bihar - Kosi Basin,229.5,32.8,83.8,695.7,2.33,414.4,Urban,Loam,390.2,1,0,0
Telangana - Godavari Basin,70.6,26.1,62.1,484.9,3.27,160.3,Forest,Peat,386.6,1,1,0
Bihar - Kosi Basin,263.9,25.7,56.6,129.2,4.17,282.7,Desert,Sandy,769.1,1,1,0
West Bengal - Ganga Delta,310.2,25.3,71.6,1278.8,0.54,19.3,Urban,Sandy,208.4,1,0,0
Tamil Nadu - Cauvery Basin,274.7,24.5,70.2,476.6,5.4,54.1,Agricultural,Clay,575.1,1,0,0
Odisha - Mahanadi Basin,254.9,31.5,93.5,474.6,3.58,141.1,Forest,Sandy,389.8,1,0,0
Karnataka - Tungabhadra Basin,348.8,29.9,48.2,401.7,4.61,83.3,Forest,Sandy,1044.9,1,0,0
Karnataka - Tungabhadra Basin,153.4,34.2,61.4,829.5,7.33,235.2,Agricultural,Loam,1023.3,1,1,0
Kerala - Periyar Basin,292.1,23.1,79.4,280.3,0.93,124.9,Urban,Peat,627.4,0,0,0
Kerala - Periyar Basin,165.4,25.4,62.0,51.4,6.82,198.7,Water Body,Loam,133.1,1,0,0
Andhra Pradesh - Krishna Basin,883.8,25.5,54.8,217.1,1.84,337.5,Urban,Loam,119.5,1,0,0
Punjab - Sutlej Basin,101.5,25.8,46.9,458.5,7.27,320.0,Urban,Loam,2095.9,1,0,0
Andhra Pradesh - Krishna Basin,118.7,27.4,64.4,301.4,3.82,54.5,Water Body,Clay,558.3,1,0,0
Punjab - Sutlej Basin,122.0,27.6,51.7,429.2,8.53,94.0,Desert,Clay,778.0,1,0,0
Gujarat - Narmada Basin,170.8,29.2,80.7,220.1,3.67,56.1,Agricultural,Sandy,236.1,0,1,1
Telangana - Godavari Basin,58.0,24.9,76.2,458.0,5.91,151.6,Agricultural,Silt,1270.6,0,0,0
Kerala - Periyar Basin,230.7,27.2,63.0,222.0,2.77,320.1,Agricultural,Loam,862.7,1,1,0
Odisha - Mahanadi Basin,615.5,20.6,92.5,377.7,2.39,207.3,Agricultural,Silt,401.7,1,0,0
Kerala - Periyar Basin,190.7,31.8,100.0,383.9,4.06,78.2,Water Body,Clay,158.7,1,0,0
Karnataka - Tungabhadra Basin,203.8,30.2,63.9,78.8,6.87,130.1,Agricultural,Clay,435.0,0,0,0
Bihar - Kosi Basin,133.2,33.0,90.1,199.3,5.78,310.1,Water Body,Silt,351.3,0,1,0
Assam - Brahmaputra Basin,225.4,28.3,80.0,2053.8,4.94,483.7,Urban,Loam,2161.9,1,1,1
Karnataka - Tungabhadra Basin,118.3,26.6,68.4,163.3,3.03,15.8,Urban,Silt,143.0,0,0,0
Bihar - Kosi Basin,484.5,27.1,66.5,639.9,2.07,103.7,Water Body,Sandy,1089.0,1,1,1
Assam - Brahmaputra Basin,36.2,27.5,80.4,280.1,5.23,238.7,Agricultural,Peat,826.5,1,0,0
Karnataka - Tungabhadra Basin,227.7,27.4,87.5,775.4,4.96,349.4,Agricultural,Clay,362.8,1,1,0
Andhra Pradesh - Krishna Basin,238.3,22.6,69.3,678.2,4.24,81.0,Agricultural,Silt,1935.7,1,1,0
Maharashtra - Godavari Basin,91.7,23.3,80.5,556.4,3.0,68.5,Forest,Sandy,1014.2,0,1,0
Odisha - Mahanadi Basin,101.7,29.7,57.8,729.5,3.57,18.5,Forest,Clay,556.6,0,1,0
Tamil Nadu - Cauvery Basin,30.0,32.0,65.3,260.0,3.91,316.3,Urban,Sandy,1332.1,1,1,0
Karnataka - Tungabhadra Basin,179.7,24.1,66.0,463.8,6.83,133.2,Agricultural,Clay,1599.7,1,0,0
Punjab - Sutlej Basin,105.8,23.9,54.4,977.5,6.06,5.7,Agricultural,Peat,477.0,1,1,0
Kerala - Periyar Basin,99.6,28.1,83.8,1142.5,4.64,247.7,Desert,Peat,93.3,0,1,1
Telangana - Godavari Basin,350.6,28.9,65.6,903.1,10.12,261.0,Forest,Clay,1698.2,1,1,1
Assam - Brahmaputra Basin,186.8,19.9,88.5,213.0,8.87,117.7,Forest,Clay,1454.6,0,1,0
Rajasthan - Luni Basin,179.3,24.4,66.0,259.2,5.95,141.4,Forest,Clay,103.2,1,1,0
Maharashtra - Godavari Basin,202.6,25.3,77.3,426.9,3.85,116.2,Urban,Silt,1159.7,1,1,0
Tamil Nadu - Cauvery Basin,453.4,29.5,89.2,828.7,4.71,68.5,Forest,Silt,870.2,1,0,0
Odisha - Mahanadi Basin,522.7,28.5,68.6,662.5,5.35,369.8,Urban,Silt,776.7,1,1,1
Uttar Pradesh - Ghaghara Basin,224.7,30.3,61.6,221.6,4.83,108.9,Agricultural,Silt,352.1,1,0,0
Andhra Pradesh - Krishna Basin,450.6,27.5,55.1,321.2,4.34,206.3,Agricultural,Silt,162.3,0,0,0
Punjab - Sutlej Basin,119.9,31.2,61.7,1106.2,3.89,118.3,Forest,Loam,1781.9,1,0,0
Uttar Pradesh - Ghaghara Basin,236.7,23.5,85.3,2042.8,5.98,465.3,Agricultural,Loam,803.1,0,1,1
Andhra Pradesh - Krishna Basin,24.7,32.5,56.9,294.7,4.97,474.0,Urban,Clay,1198.5,0,0,0
Karnataka - Tungabhadra Basin,329.5,26.7,73.1,401.8,2.8,165.7,Desert,Sandy,355.8,1,1,0
West Bengal - Ganga Delta,183.4,33.3,40.8,119.5,1.44,314.1,Urban,Silt,1147.8,1,1,0
Maharashtra - Godavari Basin,65.7,23.3,72.1,1437.7,3.34,158.8,Urban,Silt,990.2,0,0,1
Kerala - Periyar Basin,214.1,23.3,65.4,410.1,4.44,316.1,Urban,Clay,392.5,1,1,0
Tamil Nadu - Cauvery Basin,167.1,30.2,75.2,1222.8,1.96,218.5,Urban,Sandy,533.6,1,1,1
Tamil Nadu - Cauvery Basin,276.5,27.3,65.5,337.8,9.87,60.6,Forest,Silt,188.4,0,1,1
Gujarat - Narmada Basin,46.6,29.0,62.0,319.4,2.66,144.4,Urban,Sandy,1081.4,0,1,0
Kerala - Periyar Basin,47.2,31.6,74.5,932.5,7.72,232.9,Agricultural,Clay,533.9,0,1,1
Bihar - Kosi Basin,241.7,29.9,87.7,255.6,8.16,267.9,Agricultural,Loam,312.8,1,0,0
Rajasthan - Luni Basin,151.7,40.6,59.8,580.2,7.6,52.9,Urban,Sandy,200.2,1,1,0
West Bengal - Ganga Delta,492.2,29.5,67.5,324.0,8.74,133.2,Forest,Sandy,758.8,1,0,0
Tamil Nadu - Cauvery Basin,93.8,26.8,69.7,724.3,1.83,448.8,Agricultural,Silt,454.0,1,1,0
Bihar - Kosi Basin,529.9,24.1,59.1,462.4,1.61,211.7,Urban,Clay,718.7,0,0,1
Odisha - Mahanadi Basin,403.7,27.5,69.1,145.8,4.47,127.0,Forest,Clay,711.1,1,0,0
Gujarat - Narmada Basin,12.3,25.8,77.2,110.9,1.67,73.2,Urban,Loam,1089.7,0,1,0
Bihar - Kosi Basin,227.7,15.4,60.5,444.7,6.19,223.3,Agricultural,Loam,1332.1,0,0,0
Tamil Nadu - Cauvery Basin,253.7,28.5,75.8,489.5,19.98,897.5,Agricultural,Loam,274.2,0,1,1
Punjab - Sutlej Basin,490.0,35.3,34.5,761.3,3.95,106.6,Agricultural,Sandy,184.1,0,0,1
Karnataka - Tungabhadra Basin,292.7,21.1,48.9,552.3,1.23,217.1,Agricultural,Silt,423.1,1,0,0
Telangana - Godavari Basin,423.0,27.8,78.8,426.8,4.6,72.6,Agricultural,Loam,2273.1,1,0,0
Maharashtra - Godavari Basin,433.9,31.8,71.5,170.6,2.57,53.5,Water Body,Sandy,328.5,1,0,0
Kerala - Periyar Basin,246.2,21.7,87.9,682.5,5.8,41.1,Agricultural,Silt,670.5,1,1,0
Bihar - Kosi Basin,301.2,20.9,76.0,1277.4,0.97,283.3,Agricultural,Sandy,948.8,1,0,1
Gujarat - Narmada Basin,229.8,30.5,88.3,274.0,2.19,365.9,Forest,Peat,102.9,1,1,0
Assam - Brahmaputra Basin,229.0,24.7,57.2,1286.9,1.46,467.7,Forest,Loam,732.1,0,1,1
Odisha - Mahanadi Basin,677.7,29.8,100.0,312.0,7.95,98.0,Water Body,Silt,442.4,0,0,1
Gujarat - Narmada Basin,304.2,21.1,88.4,159.8,1.27,197.6,Agricultural,Silt,1234.1,1,0,0
Maharashtra - Godavari Basin,517.2,33.8,72.7,564.3,2.32,278.9,Agricultural,Loam,562.3,1,1,1
Assam - Brahmaputra Basin,92.1,21.8,67.7,73.1,2.74,94.8,Forest,Clay,224.0,1,0,0
Kerala - Periyar Basin,255.9,30.5,60.7,572.7,3.84,39.9,Agricultural,Clay,822.4,0,0,0
Assam - Brahmaputra Basin,287.5,26.5,49.0,1234.5,3.84,53.8,Agricultural,Loam,1602.5,1,1,1
Tamil Nadu - Cauvery Basin,172.9,31.0,100.0,443.0,0.73,174.9,Forest,Silt,542.4,1,1,0
Gujarat - Narmada Basin,90.8,30.6,84.5,268.9,1.66,340.5,Desert,Clay,184.4,1,0,0
Bihar - Kosi Basin,838.6,24.1,80.5,53.0,2.66,92.5,Water Body,Clay,651.5,1,1,1
Gujarat - Narmada Basin,279.6,33.6,43.2,244.4,4.26,83.9,Agricultural,Silt,734.1,1,1,0
West Bengal - Ganga Delta,282.5,28.8,79.9,177.1,5.98,457.2,Desert,Sandy,741.0,0,0,0
Andhra Pradesh - Krishna Basin,173.2,29.8,62.2,531.3,0.89,137.5,Agricultural,Clay,174.7,1,1,0
Uttar Pradesh - Ghaghara Basin,168.9,32.3,64.8,290.7,8.69,148.8,Forest,Peat,584.4,1,1,0
Odisha - Mahanadi Basin,253.9,26.3,70.1,533.5,2.25,90.4,Agricultural,Silt,514.8,0,0,0
Kerala - Periyar Basin,274.9,30.7,68.5,459.8,3.36,270.8,Agricultural,Sandy,1239.6,1,1,0
Tamil Nadu - Cauvery Basin,29.3,26.6,76.9,325.1,6.81,38.0,Forest,Sandy,1068.7,1,0,0
Karnataka - Tungabhadra Basin,738.2,23.1,77.3,203.5,5.37,116.2,Forest,Clay,372.6,1,0,0
Odisha - Mahanadi Basin,232.6,28.4,70.7,526.1,1.8,139.4,Agricultural,Sandy,610.8,1,0,0
Tamil Nadu - Cauvery Basin,264.3,27.6,94.9,124.3,4.52,138.4,Forest,Sandy,492.0,1,1,0
Telangana - Godavari Basin,363.8,33.3,61.3,503.3,2.29,160.7,Agricultural,Clay,1554.1,1,1,0
Karnataka - Tungabhadra Basin,41.9,28.3,92.0,227.7,6.34,330.6,Water Body,Loam,102.0,1,1,0
Punjab - Sutlej Basin,117.5,24.6,54.1,592.6,6.36,221.0,Agricultural,Clay,922.2,1,1,0
Uttar Pradesh - Ghaghara Basin,307.9,25.2,93.5,311.2,2.34,132.0,Agricultural,Peat,392.5,0,0,0
Bihar - Kosi Basin,84.5,28.3,78.5,448.7,3.12,245.9,Water Body,Silt,428.4,1,0,0
Tamil Nadu - Cauvery Basin,373.3,34.0,52.0,38.5,5.26,72.0,Agricultural,Silt,1246.5,1,0,0
Andhra Pradesh - Krishna Basin,147.2,30.2,38.5,448.8,6.73,199.0,Desert,Silt,246.7,1,1,0
Karnataka - Tungabhadra Basin,390.8,24.3,54.8,386.3,2.33,198.4,Desert,Silt,435.3,1,1,0
Uttar Pradesh - Ghaghara Basin,60.5,25.4,50.8,364.7,3.53,246.4,Agricultural,Silt,948.3,1,0,0
Madhya Pradesh - Chambal Basin,154.8,21.3,69.2,154.6,3.08,113.0,Forest,Sandy,519.0,0,1,0
Assam - Brahmaputra Basin,512.3,28.2,48.7,1248.4,7.65,175.8,Urban,Loam,1439.1,0,0,1
Kerala - Periyar Basin,229.8,23.8,71.9,439.6,1.39,37.0,Agricultural,Loam,1080.9,0,1,0
Kerala - Periyar Basin,339.9,28.1,66.1,1128.0,10.66,160.8,Agricultural,Peat,1083.0,0,1,1
Kerala - Periyar Basin,351.0,29.0,64.2,149.7,1.62,226.6,Urban,Silt,1315.3,0,0,0
Uttar Pradesh - Ghaghara Basin,367.9,22.0,60.8,493.3,3.91,137.9,Agricultural,Sandy,150.8,0,0,0
Kerala - Periyar Basin,153.9,33.3,88.5,472.7,2.25,315.1,Urban,Loam,880.2,0,0,0
Tamil Nadu - Cauvery Basin,80.0,31.1,73.3,6.6,2.43,141.4,Forest,Silt,167.9,0,1,0
Telangana - Godavari Basin,342.5,29.1,40.5,626.3,2.11,123.5,Desert,Silt,710.9,1,1,0
Tamil Nadu - Cauvery Basin,476.2,22.8,50.5,598.4,1.48,301.8,Agricultural,Clay,964.2,1,1,0
West Bengal - Ganga Delta,427.8,27.6,75.4,211.2,0.95,138.7,Forest,Loam,1182.4,1,0,0
Punjab - Sutlej Basin,272.5,31.1,75.1,884.2,7.81,304.2,Urban,Clay,886.6,1,0,0
Gujarat - Narmada Basin,22.4,27.0,66.2,440.6,1.53,147.5,Desert,Loam,738.1,0,0,0
Gujarat - Narmada Basin,132.4,25.1,70.0,671.4,17.2,87.9,Water Body,Peat,423.8,1,1,1
West Bengal - Ganga Delta,157.8,22.5,59.4,433.5,1.89,75.9,Agricultural,Sandy,247.5,0,0,0
Odisha - Mahanadi Basin,136.5,29.9,65.5,489.5,2.45,48.5,Urban,Clay,1704.4,1,1,0
Punjab - Sutlej Basin,282.7,28.1,25.5,603.6,5.99,403.1,Forest,Sandy,526.9,1,0,0
Tamil Nadu - Cauvery Basin,266.6,31.3,54.8,970.2,2.56,46.7,Urban,Silt,350.0,1,0,0
Assam - Brahmaputra Basin,212.2,25.8,51.7,1033.0,2.94,369.3,Forest,Sandy,365.5,1,1,0
Madhya Pradesh - Chambal Basin,476.1,28.7,60.5,305.1,7.48,261.6,Forest,Peat,723.9,1,0,0
Kerala - Periyar Basin,210.3,31.4,63.1,771.8,2.84,252.0,Forest,Clay,575.3,0,1,1
Gujarat - Narmada Basin,198.3,26.8,77.3,421.2,4.82,133.1,Urban,Clay,746.8,1,0,0
Uttar Pradesh - Ghaghara Basin,140.1,16.7,50.9,433.8,2.29,370.7,Urban,Clay,629.0,0,1,1
Punjab - Sutlej Basin,333.8,24.5,79.4,368.7,5.2,102.5,Forest,Sandy,848.0,1,1,0
Tamil Nadu - Cauvery Basin,169.3,20.9,56.7,381.4,3.69,107.6,Forest,Clay,187.4,1,1,0
Odisha - Mahanadi Basin,114.2,33.6,66.4,371.6,5.63,159.5,Urban,Clay,1860.9,1,1,0
Odisha - Mahanadi Basin,221.6,28.4,53.3,247.2,4.04,13.9,Forest,Sandy,936.1,1,1,0
Odisha - Mahanadi Basin,136.1,18.2,79.6,200.2,4.41,556.3,Forest,Silt,1513.1,1,0,0
Madhya Pradesh - Chambal Basin,279.5,29.8,76.2,403.1,2.32,67.2,Forest,Loam,903.2,0,1,0
Tamil Nadu - Cauvery Basin,159.9,29.2,50.7,395.8,3.18,294.0,Water Body,Sandy,1786.3,1,0,0
Gujarat - Narmada Basin,237.6,33.4,82.0,118.9,7.47,246.8,Urban,Silt,1090.8,1,1,0
Kerala - Periyar Basin,246.4,27.2,61.4,95.3,3.53,214.7,Agricultural,Silt,325.3,1,0,0
West Bengal - Ganga Delta,362.9,32.3,84.0,396.8,1.05,99.7,Agricultural,Sandy,339.7,1,1,0
Maharashtra - Godavari Basin,46.6,38.1,92.2,1018.2,7.56,6.7,Urban,Sandy,804.9,1,0,0
Maharashtra - Godavari Basin,278.5,22.0,93.0,125.0,3.45,14.2,Forest,Sandy,1832.4,1,1,0
West Bengal - Ganga Delta,200.6,24.7,72.6,263.7,4.41,21.7,Forest,Loam,495.3,1,0,0
Tamil Nadu - Cauvery Basin,207.5,26.9,91.2,859.0,3.5,223.7,Agricultural,Loam,787.4,1,1,0
Madhya Pradesh - Chambal Basin,351.1,29.7,75.9,760.7,4.77,195.9,Agricultural,Clay,579.8,1,1,0
Bihar - Kosi Basin,307.4,35.2,90.6,433.6,6.57,273.5,Desert,Loam,592.3,1,1,0
Punjab - Sutlej Basin,58.9,26.5,64.2,735.6,1.63,353.0,Forest,Silt,822.6,1,1,0
Karnataka - Tungabhadra Basin,116.1,28.2,48.4,82.2,6.68,108.3,Agricultural,Loam,1046.5,0,0,0
Maharashtra - Godavari Basin,324.8,23.3,68.3,450.2,9.66,178.7,Water Body,Sandy,272.2,0,0,1
Madhya Pradesh - Chambal Basin,193.3,35.6,71.2,712.1,0.91,57.7,Forest,Loam,36.8,0,1,0
Karnataka - Tungabhadra Basin,260.0,24.8,51.7,56.3,11.24,235.6,Agricultural,Sandy,226.5,0,1,1
Tamil Nadu - Cauvery Basin,97.5,23.0,77.2,21.7,2.7,55.9,Agricultural,Clay,706.3,1,1,0
Madhya Pradesh - Chambal Basin,319.0,26.6,88.0,530.4,3.88,88.9,Forest,Sandy,247.0,0,1,0
Gujarat - Narmada Basin,491.8,25.4,67.4,435.0,1.85,115.0,Urban,Silt,1604.1,0,1,1
Odisha - Mahanadi Basin,504.2,29.1,68.7,486.4,14.4,159.3,Agricultural,Silt,1038.7,1,0,1
Karnataka - Tungabhadra Basin,379.9,22.4,51.8,795.9,3.69,207.0,Urban,Silt,918.2,0,0,1
Karnataka - Tungabhadra Basin,455.9,33.0,52.5,132.6,1.36,245.2,Agricultural,Clay,721.4,1,0,0
Andhra Pradesh - Krishna Basin,58.1,33.9,53.4,341.8,5.6,217.3,Forest,Sandy,2777.1,1,1,0
Bihar - Kosi Basin,151.8,22.9,64.8,167.5,5.9,177.9,Agricultural,Loam,242.4,0,0,0
Assam - Brahmaputra Basin,554.7,23.8,83.9,1263.1,5.9,15.9,Forest,Loam,629.9,0,1,1
Odisha - Mahanadi Basin,305.6,34.8,67.3,146.6,6.3,355.2,Forest,Sandy,1314.5,0,1,0
Gujarat - Narmada Basin,105.1,21.7,93.2,194.3,8.56,15.4,Forest,Clay,493.0,0,0,0
Punjab - Sutlej Basin,436.6,25.2,76.9,373.2,3.58,169.5,Desert,Loam,1842.6,1,0,0
Madhya Pradesh - Chambal Basin,149.9,26.4,65.1,280.1,3.11,138.9,Urban,Clay,522.5,1,0,0
Madhya Pradesh - Chambal Basin,385.1,30.7,78.0,164.1,1.09,104.0,Agricultural,Sandy,893.8,0,0,0
Telangana - Godavari Basin,63.4,32.7,82.9,129.4,7.83,66.1,Water Body,Sandy,278.0,1,0,0
Telangana - Godavari Basin,192.9,23.8,89.7,139.8,1.55,211.8,Urban,Peat,475.2,1,1,0
Kerala - Periyar Basin,94.0,26.6,89.1,850.6,5.22,557.3,Water Body,Clay,552.0,1,0,0
Assam - Brahmaputra Basin,37.5,27.9,72.2,121.5,4.79,266.0,Forest,Peat,1408.4,0,0,0
Telangana - Godavari Basin,282.3,29.4,47.9,279.2,1.49,35.4,Agricultural,Silt,166.9,0,1,0
Tamil Nadu - Cauvery Basin,228.6,27.1,80.4,338.6,3.53,152.2,Water Body,Loam,800.3,1,1,0
West Bengal - Ganga Delta,445.1,26.6,50.8,198.5,7.83,195.1,Urban,Sandy,1206.9,1,1,1
West Bengal - Ganga Delta,254.5,23.2,78.8,517.2,1.91,220.4,Desert,Sandy,1441.7,0,0,0
Odisha - Mahanadi Basin,103.0,28.4,55.5,182.3,5.39,112.3,Urban,Clay,982.9,0,1,0
West Bengal - Ganga Delta,108.6,29.4,58.1,434.8,2.58,178.6,Urban,Silt,3871.2,0,0,1
Andhra Pradesh - Krishna Basin,332.7,26.0,56.1,343.4,5.38,471.5,Forest,Sandy,522.9,0,1,0
Assam - Brahmaputra Basin,178.8,29.6,84.1,566.3,11.33,156.2,Desert,Clay,1011.1,0,1,1
Karnataka - Tungabhadra Basin,214.8,22.9,89.1,931.6,7.07,190.3,Agricultural,Loam,49.6,1,0,0
Odisha - Mahanadi Basin,508.3,25.7,65.0,334.9,8.03,54.7,Agricultural,Loam,717.1,1,1,0
Andhra Pradesh - Krishna Basin,129.5,19.7,57.0,1089.6,2.53,139.2,Forest,Clay,146.7,0,1,1
Bihar - Kosi Basin,82.6,29.8,94.1,119.3,0.94,322.1,Forest,Peat,790.7,1,1,0
Tamil Nadu - Cauvery Basin,363.4,28.3,64.9,201.1,7.33,389.7,Agricultural,Peat,1176.6,0,0,1
Odisha - Mahanadi Basin,437.9,32.0,76.2,214.0,11.02,183.6,Water Body,Peat,682.0,1,0,0
West Bengal - Ganga Delta,389.4,22.5,58.0,371.3,2.53,115.0,Urban,Clay,881.7,0,1,1
West Bengal - Ganga Delta,260.6,27.3,53.9,703.1,15.1,336.4,Agricultural,Loam,410.9,1,0,1
West Bengal - Ganga Delta,648.5,31.7,73.3,550.5,4.42,151.9,Forest,Clay,990.4,1,0,0
Uttar Pradesh - Ghaghara Basin,73.7,23.9,42.3,348.1,4.48,94.6,Forest,Loam,529.9,0,0,0
Gujarat - Narmada Basin,35.5,25.7,78.4,39.6,5.5,223.8,Agricultural,Silt,400.0,0,0,0
Telangana - Godavari Basin,293.2,25.9,57.0,1156.2,9.93,248.0,Forest,Clay,919.9,0,1,1
Maharashtra - Godavari Basin,23.4,29.6,65.2,276.3,2.9,237.8,Urban,Peat,519.7,0,0,0
Gujarat - Narmada Basin,124.0,26.9,58.8,373.2,1.16,135.7,Forest,Peat,727.1,0,0,0
Gujarat - Narmada Basin,102.5,27.4,59.2,578.6,4.22,141.9,Urban,Sandy,330.2,0,1,1
Odisha - Mahanadi Basin,82.8,26.4,74.9,360.5,1.4,383.3,Urban,Sandy,145.0,1,1,0
West Bengal - Ganga Delta,135.9,28.2,79.2,116.8,4.98,301.4,Forest,Clay,191.3,0,0,0
Tamil Nadu - Cauvery Basin,74.3,29.5,69.0,1233.1,2.63,145.0,Urban,Peat,531.7,1,0,0
Madhya Pradesh - Chambal Basin,81.1,22.4,49.5,273.8,6.96,270.3,Desert,Peat,1545.9,0,0,0
Gujarat - Narmada Basin,437.2,35.5,87.7,290.5,5.85,88.0,Agricultural,Sandy,1101.8,1,1,0
Bihar - Kosi Basin,430.1,32.5,85.1,652.2,8.63,306.3,Agricultural,Sandy,781.8,0,1,1
Karnataka - Tungabhadra Basin,151.9,28.6,50.6,451.5,3.66,66.8,Desert,Clay,1019.5,1,1,0
Kerala - Periyar Basin,155.8,28.6,96.8,139.9,1.18,45.0,Agricultural,Loam,789.9,1,0,0
Telangana - Godavari Basin,237.4,29.7,80.1,310.3,1.78,168.3,Agricultural,Clay,350.8,1,0,0
Punjab - Sutlej Basin,166.1,32.6,59.2,728.8,5.55,149.9,Urban,Loam,320.1,1,0,0
Bihar - Kosi Basin,190.5,24.4,68.0,27.7,2.28,92.0,Urban,Sandy,1596.7,1,0,0
Telangana - Godavari Basin,282.7,32.5,76.5,56.2,5.69,23.6,Desert,Silt,969.0,0,1,1
Tamil Nadu - Cauvery Basin,241.6,28.8,79.9,647.6,9.54,237.4,Agricultural,Clay,796.6,1,1,0
West Bengal - Ganga Delta,148.4,35.0,50.7,137.9,2.45,73.6,Urban,Silt,442.1,0,0,0
Kerala - Periyar Basin,296.2,28.5,78.1,550.1,2.86,118.8,Water Body,Clay,1652.7,1,0,0
Tamil Nadu - Cauvery Basin,285.0,34.1,64.7,1162.7,6.28,193.2,Desert,Clay,1363.6,0,1,1
Gujarat - Narmada Basin,489.6,29.8,77.7,709.3,3.77,399.5,Desert,Sandy,1326.3,1,0,0
Karnataka - Tungabhadra Basin,295.1,26.4,77.5,203.9,3.47,217.3,Agricultural,Loam,2211.9,1,1,0
Bihar - Kosi Basin,186.1,24.7,73.6,69.8,1.96,50.3,Urban,Clay,290.7,0,1,1
Kerala - Periyar Basin,140.5,31.6,75.4,251.5,6.83,60.1,Urban,Clay,140.2,1,1,0
Kerala - Periyar Basin,157.2,24.0,87.4,552.7,5.23,157.3,Desert,Peat,1099.8,1,0,0
Rajasthan - Luni Basin,46.7,27.5,73.7,776.3,1.75,96.0,Urban,Loam,571.6,0,1,0
Assam - Brahmaputra Basin,196.8,30.3,83.3,237.3,1.17,41.2,Forest,Loam,965.9,0,1,0
Andhra Pradesh - Krishna Basin,26.3,32.4,81.7,650.0,6.43,84.2,Forest,Loam,600.4,1,0,0
Karnataka - Tungabhadra Basin,126.6,30.3,65.0,1844.4,2.77,179.0,Water Body,Peat,122.0,1,1,1
Gujarat - Narmada Basin,462.7,27.5,71.7,342.8,4.44,185.2,Urban,Clay,1150.4,0,1,1
Tamil Nadu - Cauvery Basin,56.5,28.9,67.2,475.9,1.06,130.5,Urban,Loam,42.1,1,1,0
Kerala - Periyar Basin,153.8,28.1,62.4,647.7,5.08,165.8,Urban,Loam,664.6,1,1,0
Odisha - Mahanadi Basin,62.4,25.5,36.5,353.6,4.35,81.1,Agricultural,Peat,278.5,1,0,0
Odisha - Mahanadi Basin,165.1,23.8,71.5,476.8,4.1,176.1,Forest,Silt,1477.9,0,0,0
Uttar Pradesh - Ghaghara Basin,354.9,32.9,66.5,589.4,3.13,211.2,Agricultural,Peat,1290.0,0,0,0
Bihar - Kosi Basin,34.2,22.5,58.9,739.7,2.64,141.2,Forest,Clay,1082.2,0,1,0
Andhra Pradesh - Krishna Basin,163.9,33.3,57.7,141.5,1.74,117.7,Forest,Silt,1150.1,1,0,0
Andhra Pradesh - Krishna Basin,221.3,26.7,82.1,1272.7,3.83,273.9,Urban,Clay,645.8,1,0,1
Rajasthan - Luni Basin,452.4,23.6,73.3,480.3,2.24,102.1,Desert,Clay,776.2,1,0,0
Uttar Pradesh - Ghaghara Basin,97.3,28.5,57.5,537.1,3.93,74.7,Agricultural,Silt,952.0,1,1,0
Assam - Brahmaputra Basin,171.0,28.7,73.2,85.2,0.73,97.5,Urban,Loam,457.3,0,0,0
Uttar Pradesh - Ghaghara Basin,511.2,25.4,66.8,874.4,0.91,228.0,Urban,Silt,758.9,0,0,1
Rajasthan - Luni Basin,88.9,33.3,85.4,230.0,1.09,184.7,Desert,Loam,775.5,0,0,0
Tamil Nadu - Cauvery Basin,181.7,30.2,78.4,990.0,2.31,300.3,Urban,Sandy,330.1,0,0,1
Madhya Pradesh - Chambal Basin,236.3,26.3,51.6,663.8,2.71,247.9,Agricultural,Clay,298.0,1,0,0
Bihar - Kosi Basin,163.1,27.8,56.7,931.0,4.98,281.5,Agricultural,Loam,1167.7,1,1,0
Andhra Pradesh - Krishna Basin,305.5,29.3,73.5,328.0,5.0,182.6,Urban,Peat,353.9,1,1,0
Madhya Pradesh - Chambal Basin,56.3,33.0,87.2,522.5,5.1,84.6,Water Body,Sandy,1054.5,1,0,0
Madhya Pradesh - Chambal Basin,207.6,27.8,82.4,586.3,8.94,103.4,Agricultural,Loam,1163.0,0,1,1
Kerala - Periyar Basin,257.7,23.2,69.7,328.2,8.56,529.3,Agricultural,Peat,558.4,1,0,0
Madhya Pradesh - Chambal Basin,79.0,26.0,85.0,57.3,6.27,345.3,Urban,Peat,2395.6,0,1,1
Uttar Pradesh - Ghaghara Basin,242.5,21.5,58.1,547.5,3.18,195.6,Water Body,Loam,185.3,1,0,0
Punjab - Sutlej Basin,216.6,22.7,74.5,1036.1,3.52,12.6,Agricultural,Clay,30.5,0,0,1
Rajasthan - Luni Basin,66.1,29.8,78.7,330.1,6.49,360.3,Urban,Peat,465.1,1,1,0
West Bengal - Ganga Delta,336.4,28.9,82.5,1702.5,0.94,247.6,Water Body,Sandy,876.0,1,0,1
Assam - Brahmaputra Basin,271.0,24.6,55.9,468.3,5.91,29.4,Desert,Clay,2221.2,0,0,0
Maharashtra - Godavari Basin,312.0,24.5,100.0,462.9,4.28,233.6,Water Body,Loam,921.2,1,0,0
Kerala - Periyar Basin,117.8,30.7,78.8,117.0,6.71,274.4,Forest,Loam,123.6,1,1,0
Bihar - Kosi Basin,435.3,26.5,77.9,640.1,4.6,169.9,Agricultural,Silt,679.0,1,0,0
Odisha - Mahanadi Basin,288.9,32.8,80.1,619.8,5.84,90.0,Forest,Sandy,1609.9,0,1,1
Karnataka - Tungabhadra Basin,91.3,25.3,81.6,245.9,4.51,311.7,Urban,Clay,468.2,1,1,0
Karnataka - Tungabhadra Basin,90.1,30.6,76.0,1016.3,9.23,103.0,Agricultural,Loam,146.6,0,0,1
Tamil Nadu - Cauvery Basin,174.9,28.0,79.6,551.1,3.71,422.9,Water Body,Peat,281.1,0,0,0
Odisha - Mahanadi Basin,351.8,35.2,78.7,356.8,7.58,19.7,Forest,Clay,414.4,1,0,0
Andhra Pradesh - Krishna Basin,138.2,29.5,51.5,533.1,5.81,341.9,Desert,Clay,1237.0,0,0,0
Punjab - Sutlej Basin,59.6,26.3,52.7,1457.4,4.94,55.6,Agricultural,Silt,477.2,0,0,1
Odisha - Mahanadi Basin,317.0,21.2,69.1,384.6,3.35,267.7,Agricultural,Sandy,195.3,0,1,0
Andhra Pradesh - Krishna Basin,135.0,18.4,65.1,309.2,13.85,224.6,Agricultural,Loam,621.3,1,0,0
Gujarat - Narmada Basin,269.8,22.3,62.5,699.0,3.75,277.6,Agricultural,Clay,432.4,1,0,0
Maharashtra - Godavari Basin,306.3,22.4,78.1,1394.8,11.07,677.7,Agricultural,Silt,581.7,1,1,1
Punjab - Sutlej Basin,328.2,26.1,71.9,247.1,9.39,37.0,Agricultural,Sandy,237.6,1,0,0
Uttar Pradesh - Ghaghara Basin,115.3,25.0,81.7,1007.3,2.69,89.4,Agricultural,Clay,452.2,0,1,0
Uttar Pradesh - Ghaghara Basin,290.3,34.0,55.0,965.3,1.05,368.9,Agricultural,Clay,906.1,0,0,0
West Bengal - Ganga Delta,81.5,33.5,64.3,316.8,4.55,233.1,Desert,Clay,1077.0,1,1,0
Telangana - Godavari Basin,103.8,28.1,81.6,51.6,0.64,104.1,Urban,Clay,1354.9,0,0,0
Telangana - Godavari Basin,103.3,23.3,64.2,737.8,7.42,86.0,Agricultural,Loam,377.8,1,0,0
Rajasthan - Luni Basin,38.4,23.4,74.4,1780.7,10.35,255.8,Forest,Silt,32.0,1,1,0
Karnataka - Tungabhadra Basin,280.7,25.2,70.2,497.4,2.79,381.7,Agricultural,Silt,1221.5,1,0,0
Assam - Brahmaputra Basin,284.3,24.0,66.5,542.0,3.73,206.0,Water Body,Clay,209.5,1,1,0
Andhra Pradesh - Krishna Basin,175.4,20.4,74.1,646.8,8.05,181.8,Forest,Sandy,2382.8,1,1,0
Rajasthan - Luni Basin,197.0,26.7,83.4,618.2,1.07,85.8,Agricultural,Loam,813.3,1,0,0
Telangana - Godavari Basin,272.5,24.5,48.7,373.3,6.49,151.2,Agricultural,Sandy,1486.2,1,1,0
Rajasthan - Luni Basin,64.5,28.8,70.1,105.9,5.07,49.3,Agricultural,Peat,1365.7,1,1,0
Gujarat - Narmada Basin,364.9,31.3,97.2,438.2,2.66,249.0,Agricultural,Loam,781.5,1,0,0
Uttar Pradesh - Ghaghara Basin,427.8,30.1,55.3,436.4,6.56,109.8,Forest,Clay,571.6,0,0,0
Andhra Pradesh - Krishna Basin,184.5,21.8,60.3,379.5,4.04,196.9,Forest,Loam,593.0,1,0,0
Bihar - Kosi Basin,148.9,32.4,81.7,272.9,1.62,145.3,Agricultural,Sandy,222.5,1,0,0
West Bengal - Ganga Delta,582.9,28.2,83.3,565.7,1.37,108.4,Forest,Peat,1315.8,1,1,0
West Bengal - Ganga Delta,106.0,32.9,55.6,468.0,3.64,186.5,Urban,Clay,268.4,1,0,0
Kerala - Periyar Basin,148.5,32.8,80.3,496.8,4.06,286.5,Urban,Loam,387.3,0,1,1
Telangana - Godavari Basin,116.7,23.4,76.8,294.7,5.79,27.2,Desert,Loam,474.0,0,1,1
West Bengal - Ganga Delta,110.5,31.0,62.2,713.1,1.06,27.8,Urban,Sandy,539.2,1,1,0
Bihar - Kosi Basin,90.5,28.1,65.8,402.6,2.37,184.9,Agricultural,Loam,277.6,1,0,0
Rajasthan - Luni Basin,204.6,30.8,88.7,1308.2,0.83,25.4,Water Body,Sandy,3959.5,0,1,1
Telangana - Godavari Basin,19.6,40.0,83.2,229.1,8.1,176.8,Urban,Silt,434.3,1,1,0
Telangana - Godavari Basin,264.4,32.5,53.6,301.4,2.04,376.7,Urban,Silt,395.5,0,1,0
Andhra Pradesh - Krishna Basin,272.5,30.8,68.8,453.0,3.87,136.1,Urban,Silt,535.0,1,1,0
Telangana - Godavari Basin,141.8,30.4,62.2,925.2,3.89,318.3,Desert,Silt,233.9,0,0,1
Madhya Pradesh - Chambal Basin,602.0,26.4,68.7,834.9,0.3,243.7,Agricultural,Silt,304.4,0,1,1
Gujarat - Narmada Basin,113.3,24.3,59.9,884.6,5.39,113.0,Forest,Clay,577.9,1,0,0
Punjab - Sutlej Basin,112.9,23.6,80.8,461.7,6.02,158.1,Agricultural,Clay,573.3,1,1,0
Kerala - Periyar Basin,197.9,27.7,65.5,416.0,4.89,215.2,Forest,Sandy,113.4,0,0,0
Uttar Pradesh - Ghaghara Basin,12.3,33.0,84.9,185.1,12.2,64.2,Forest,Peat,171.7,1,0,0
Bihar - Kosi Basin,97.1,28.2,68.4,901.4,5.18,203.3,Agricultural,Silt,1072.9,0,0,0
Assam - Brahmaputra Basin,490.9,25.0,48.1,175.9,6.49,268.9,Urban,Loam,577.9,1,0,0
Gujarat - Narmada Basin,75.4,26.0,65.8,63.8,1.41,282.4,Urban,Peat,263.9,1,0,0
West Bengal - Ganga Delta,308.9,21.6,61.6,330.7,4.3,154.5,Agricultural,Silt,1146.1,0,0,0
Telangana - Godavari Basin,17.8,28.2,74.0,357.5,4.57,588.9,Agricultural,Peat,1607.1,1,0,0
Tamil Nadu - Cauvery Basin,242.0,26.1,59.5,177.4,3.55,404.8,Forest,Silt,835.7,0,0,0
Madhya Pradesh - Chambal Basin,220.4,27.7,89.3,611.9,3.35,165.0,Agricultural,Sandy,1188.7,0,0,1
Odisha - Mahanadi Basin,227.5,21.7,83.3,371.4,6.43,163.0,Agricultural,Silt,421.3,1,0,0
Andhra Pradesh - Krishna Basin,393.7,25.6,100.0,122.4,2.38,105.8,Forest,Loam,229.7,0,0,0
Punjab - Sutlej Basin,25.2,18.2,70.8,835.5,5.29,245.0,Water Body,Sandy,1269.0,1,1,0
Telangana - Godavari Basin,386.2,30.4,63.2,473.5,1.48,324.0,Forest,Silt,1059.9,0,1,0
Madhya Pradesh - Chambal Basin,171.8,25.1,43.8,338.1,1.82,63.4,Urban,Sandy,259.4,1,1,0
Odisha - Mahanadi Basin,198.0,37.6,71.3,108.6,8.43,48.5,Agricultural,Peat,437.8,0,1,1
Uttar Pradesh - Ghaghara Basin,195.2,31.0,70.3,639.1,7.64,110.3,Agricultural,Peat,253.3,1,0,0
Gujarat - Narmada Basin,95.4,31.8,70.0,153.6,4.02,569.3,Urban,Sandy,244.5,1,1,0
Gujarat - Narmada Basin,381.3,31.0,76.2,784.0,4.25,523.6,Agricultural,Clay,97.3,1,0,0
Karnataka - Tungabhadra Basin,85.4,30.4,67.4,667.3,3.13,496.2,Urban,Clay,884.6,0,0,0
Bihar - Kosi Basin,171.3,34.7,60.5,963.9,5.98,47.4,Agricultural,Silt,744.6,1,0,0
Assam - Brahmaputra Basin,609.9,31.7,76.3,313.7,2.15,467.8,Water Body,Loam,443.7,1,1,1
Telangana - Godavari Basin,458.7,28.9,65.5,508.1,3.02,35.7,Urban,Sandy,816.1,0,1,1
Kerala - Periyar Basin,254.5,32.9,69.1,365.7,8.24,83.1,Desert,Loam,494.5,1,1,1
Andhra Pradesh - Krishna Basin,86.8,31.1,82.1,202.2,6.49,391.7,Urban,Clay,742.3,0,1,0
Andhra Pradesh - Krishna Basin,77.6,27.8,46.9,940.8,5.49,122.2,Urban,Loam,644.7,1,0,0
Kerala - Periyar Basin,249.7,33.3,62.8,119.5,3.57,173.3,Forest,Peat,530.0,0,0,0
Karnataka - Tungabhadra Basin,331.9,27.4,65.6,219.7,5.1,55.3,Agricultural,Loam,558.8,0,0,0
Madhya Pradesh - Chambal Basin,109.0,29.4,60.8,571.1,0.67,497.8,Forest,Clay,313.0,1,0,0
Punjab - Sutlej Basin,325.0,32.5,78.9,147.4,2.35,299.2,Water Body,Loam,1280.3,0,1,1
Maharashtra - Godavari Basin,43.6,28.8,76.1,361.7,10.01,285.4,Agricultural,Sandy,218.8,0,0,0
Karnataka - Tungabhadra Basin,116.3,27.4,50.9,625.0,4.19,95.1,Agricultural,Peat,763.5,1,0,0
Uttar Pradesh - Ghaghara Basin,121.2,27.1,72.6,260.2,4.17,55.6,Forest,Loam,268.4,0,1,0
Madhya Pradesh - Chambal Basin,246.8,25.4,60.6,532.0,5.86,147.0,Water Body,Clay,1016.1,0,1,1
Uttar Pradesh - Ghaghara Basin,153.0,34.9,69.6,1195.4,7.98,123.9,Agricultural,Silt,1095.8,0,0,1
Telangana - Godavari Basin,88.4,24.6,80.6,285.1,10.04,424.1,Forest,Sandy,386.9,1,1,0
Bihar - Kosi Basin,334.9,28.7,77.6,418.6,2.16,273.1,Agricultural,Clay,1886.2,1,1,0
Madhya Pradesh - Chambal Basin,48.6,28.8,69.7,191.2,1.45,205.9,Desert,Silt,189.2,1,0,0
Assam - Brahmaputra Basin,118.6,34.1,46.9,561.9,3.58,216.3,Desert,Clay,631.8,1,1,0
Tamil Nadu - Cauvery Basin,394.4,27.4,43.3,450.4,0.67,149.2,Water Body,Loam,702.6,0,0,1
Telangana - Godavari Basin,41.6,32.0,78.1,1313.1,12.25,118.9,Agricultural,Sandy,638.5,0,0,1
Uttar Pradesh - Ghaghara Basin,485.3,26.7,86.8,1083.9,4.7,271.9,Agricultural,Clay,1253.6,1,0,0
Assam - Brahmaputra Basin,328.1,36.1,61.4,1174.8,2.86,78.9,Agricultural,Clay,499.4,1,0,0
Tamil Nadu - Cauvery Basin,519.8,22.6,74.3,680.9,0.8,41.3,Water Body,Clay,544.1,0,0,1
Uttar Pradesh - Ghaghara Basin,43.9,32.1,83.3,674.4,3.38,157.2,Forest,Silt,939.1,1,0,0
Bihar - Kosi Basin,287.6,20.5,61.3,245.6,2.33,10.7,Water Body,Silt,109.8,0,1,0
Rajasthan - Luni Basin,138.0,28.2,76.2,244.7,3.66,187.7,Agricultural,Silt,1002.6,0,0,0
Kerala - Periyar Basin,239.2,22.8,100.0,68.5,2.85,61.0,Agricultural,Clay,711.5,1,0,0
Assam - Brahmaputra Basin,488.9,31.3,72.3,906.3,7.95,188.8,Water Body,Loam,1153.6,1,1,1
Andhra Pradesh - Krishna Basin,371.5,27.7,78.9,430.8,7.0,203.9,Agricultural,Loam,1048.5,0,0,0
Rajasthan - Luni Basin,257.5,27.6,56.2,394.4,2.95,49.2,Desert,Clay,667.3,1,1,0
Tamil Nadu - Cauvery Basin,43.3,24.9,75.9,152.1,4.2,214.8,Urban,Sandy,613.5,1,0,0
Tamil Nadu - Cauvery Basin,344.8,18.9,58.6,863.9,12.1,289.8,Urban,Loam,777.1,1,0,1
Gujarat - Narmada Basin,535.9,34.2,82.6,139.1,5.11,196.3,Agricultural,Loam,283.4,0,1,1
Bihar - Kosi Basin,260.9,25.7,41.1,341.1,5.29,164.9,Water Body,Sandy,1467.7,1,0,0
Uttar Pradesh - Ghaghara Basin,368.3,29.2,68.6,731.6,0.62,140.8,Forest,Clay,36.4,1,1,0
Punjab - Sutlej Basin,38.4,34.6,41.7,279.4,2.28,376.7,Water Body,Silt,1082.1,1,1,0
Karnataka - Tungabhadra Basin,280.6,26.0,52.9,156.9,3.55,166.1,Forest,Clay,619.6,0,0,0
Assam - Brahmaputra Basin,220.4,31.5,64.6,296.6,7.4,107.0,Desert,Sandy,622.7,1,1,0
Tamil Nadu - Cauvery Basin,90.2,25.5,56.5,505.6,4.06,103.1,Forest,Clay,1119.4,1,1,0
Punjab - Sutlej Basin,379.9,31.9,48.8,454.8,4.92,212.7,Agricultural,Loam,996.6,1,0,0
Punjab - Sutlej Basin,158.5,27.6,88.0,865.1,5.01,186.9,Forest,Clay,962.0,1,0,0
West Bengal - Ganga Delta,82.0,28.9,49.2,527.6,2.07,89.1,Urban,Sandy,590.8,1,1,0
Maharashtra - Godavari Basin,187.4,32.0,69.9,461.3,16.87,313.2,Forest,Peat,1078.5,1,1,1
Odisha - Mahanadi Basin,138.0,30.1,84.0,549.8,6.24,177.0,Agricultural,Silt,1881.3,1,0,0
Karnataka - Tungabhadra Basin,271.9,35.6,50.1,90.4,2.78,89.2,Urban,Loam,285.1,1,1,0
Tamil Nadu - Cauvery Basin,97.7,28.9,49.2,187.1,2.39,68.8,Desert,Loam,184.6,1,0,0
Assam - Brahmaputra Basin,221.2,29.2,55.3,998.1,2.19,188.5,Agricultural,Silt,1142.5,1,0,0
Maharashtra - Godavari Basin,253.7,36.6,49.4,419.6,1.88,394.5,Urban,Loam,2264.2,0,1,1
Uttar Pradesh - Ghaghara Basin,144.6,30.5,64.4,250.4,1.53,43.5,Agricultural,Peat,1213.4,0,0,0
Gujarat - Narmada Basin,105.6,27.2,94.1,322.5,2.58,249.5,Desert,Silt,892.1,0,1,0
West Bengal - Ganga Delta,218.8,32.6,84.8,357.5,10.11,181.9,Agricultural,Loam,953.9,0,0,0
Karnataka - Tungabhadra Basin,292.0,28.1,74.1,530.5,3.62,89.8,Forest,Loam,1157.5,0,0,0
Odisha - Mahanadi Basin,204.8,27.3,93.1,872.6,2.87,114.3,Agricultural,Clay,904.3,0,0,0
Telangana - Godavari Basin,246.1,21.4,73.9,1063.0,2.86,163.4,Forest,Loam,659.0,1,1,0
Uttar Pradesh - Ghaghara Basin,401.7,27.8,74.2,153.2,2.56,239.5,Water Body,Clay,1108.3,0,0,0
Uttar Pradesh - Ghaghara Basin,284.4,24.7,59.9,93.7,6.39,244.3,Agricultural,Silt,221.0,0,1,1
Andhra Pradesh - Krishna Basin,691.9,29.6,73.4,631.2,6.92,141.7,Forest,Loam,1406.3,1,0,1
Uttar Pradesh - Ghaghara Basin,407.9,28.1,71.1,464.7,3.72,329.9,Agricultural,Clay,2000.0,0,1,1
Tamil Nadu - Cauvery Basin,101.0,23.4,43.1,900.6,3.04,129.6,Forest,Loam,2439.2,1,0,0
Karnataka - Tungabhadra Basin,395.6,26.2,84.8,238.7,7.14,238.4,Desert,Clay,1122.7,0,0,0
Madhya Pradesh - Chambal Basin,168.9,27.9,67.8,107.5,2.33,67.0,Urban,Peat,243.2,0,0,0
Rajasthan - Luni Basin,113.8,29.0,57.6,1192.2,2.09,198.8,Agricultural,Sandy,247.2,1,1,0
Tamil Nadu - Cauvery Basin,241.7,27.0,65.4,337.9,5.05,376.0,Urban,Silt,499.0,1,1,0
Andhra Pradesh - Krishna Basin,427.7,27.8,68.5,431.4,1.55,257.0,Agricultural,Clay,704.9,1,0,0
Gujarat - Narmada Basin,367.0,32.8,69.5,1022.6,2.08,92.3,Forest,Sandy,385.4,1,1,0
Uttar Pradesh - Ghaghara Basin,203.0,29.5,75.4,436.0,3.45,58.3,Urban,Loam,491.7,1,0,0
Karnataka - Tungabhadra Basin,352.6,25.8,59.8,501.9,3.01,290.9,Agricultural,Loam,652.2,1,0,0
Maharashtra - Godavari Basin,129.6,33.7,73.8,596.8,11.1,70.6,Agricultural,Loam,841.0,1,1,1
Assam - Brahmaputra Basin,97.4,27.3,38.4,434.1,2.38,164.8,Desert,Silt,522.4,0,1,0
Maharashtra - Godavari Basin,39.2,26.0,60.8,155.3,5.72,75.7,Urban,Sandy,56.8,1,1,0
Madhya Pradesh - Chambal Basin,180.8,34.9,65.8,1061.0,2.89,330.2,Forest,Clay,1273.6,1,1,0
West Bengal - Ganga Delta,62.6,29.7,93.0,455.2,2.41,188.8,Desert,Silt,202.3,0,1,0
Kerala - Periyar Basin,558.6,31.1,41.3,584.2,2.32,128.0,Water Body,Silt,559.6,1,1,1
Karnataka - Tungabhadra Basin,167.7,26.1,68.0,258.7,8.59,280.2,Agricultural,Loam,773.7,0,1,1
Andhra Pradesh - Krishna Basin,130.2,24.6,100.0,755.0,1.03,338.5,Agricultural,Silt,577.5,0,1,0
Rajasthan - Luni Basin,338.7,32.3,84.9,438.6,2.19,57.8,Agricultural,Clay,374.9,0,0,0
Gujarat - Narmada Basin,117.2,23.6,63.8,264.3,6.58,292.8,Agricultural,Loam,613.2,0,1,1
Maharashtra - Godavari Basin,230.3,27.4,83.7,288.6,1.2,220.1,Water Body,Silt,524.0,1,1,0
Karnataka - Tungabhadra Basin,209.3,26.0,88.7,685.8,1.87,71.7,Water Body,Peat,906.1,1,1,0
West Bengal - Ganga Delta,134.2,24.6,72.3,449.2,3.9,87.0,Water Body,Sandy,1769.9,1,1,0
Bihar - Kosi Basin,622.1,29.3,68.2,144.9,1.55,260.5,Forest,Clay,1014.5,1,1,0
Maharashtra - Godavari Basin,189.4,24.7,53.9,436.2,5.11,185.1,Agricultural,Clay,556.6,0,1,0
Uttar Pradesh - Ghaghara Basin,197.7,22.2,60.4,732.8,3.44,248.2,Desert,Clay,1333.2,1,1,0
Tamil Nadu - Cauvery Basin,96.1,24.9,76.2,562.6,5.35,159.4,Agricultural,Clay,744.0,0,0,0
West Bengal - Ganga Delta,79.4,23.0,82.4,1108.0,3.84,259.5,Urban,Sandy,1259.9,0,0,1
Maharashtra - Godavari Basin,110.6,29.3,45.6,1400.6,6.57,604.7,Agricultural,Loam,890.7,0,0,0
Karnataka - Tungabhadra Basin,670.0,31.0,79.5,253.1,3.43,118.4,Agricultural,Silt,436.8,1,0,0
Bihar - Kosi Basin,308.4,28.0,33.2,235.7,4.38,113.6,Agricultural,Loam,1074.1,0,0,0
Uttar Pradesh - Ghaghara Basin,187.4,26.4,64.2,581.8,5.08,171.5,Water Body,Loam,103.7,1,0,0
Tamil Nadu - Cauvery Basin,33.2,28.3,75.1,515.7,4.49,108.2,Agricultural,Sandy,872.4,0,0,0
Bihar - Kosi Basin,79.4,23.9,38.6,1197.0,5.96,383.2,Water Body,Clay,682.3,0,0,1
Karnataka - Tungabhadra Basin,194.4,29.0,70.0,239.3,1.19,35.9,Agricultural,Silt,605.3,1,1,0
Punjab - Sutlej Basin,148.9,23.4,59.6,338.2,3.91,178.1,Water Body,Peat,864.1,0,0,1
Maharashtra - Godavari Basin,581.5,27.5,59.3,1585.3,10.68,119.7,Forest,Loam,314.0,1,0,1
Punjab - Sutlej Basin,41.0,23.0,100.0,491.3,9.45,494.1,Urban,Clay,288.4,1,0,0
Maharashtra - Godavari Basin,305.8,31.1,85.5,397.1,2.51,304.5,Agricultural,Sandy,870.2,1,1,0
Punjab - Sutlej Basin,478.5,25.5,67.5,301.7,10.39,126.8,Agricultural,Clay,450.6,1,1,0
West Bengal - Ganga Delta,315.1,27.3,55.0,278.8,9.08,173.9,Forest,Loam,321.8,1,1,0
Assam - Brahmaputra Basin,298.5,22.6,66.1,829.7,4.96,153.6,Agricultural,Clay,781.1,0,1,1
Punjab - Sutlej Basin,137.0,34.6,72.3,223.4,5.99,59.2,Agricultural,Silt,115.3,1,0,0
Odisha - Mahanadi Basin,306.2,26.1,80.4,462.4,4.95,256.3,Urban,Silt,1589.2,0,0,0
Kerala - Periyar Basin,336.3,26.8,51.0,50.5,4.71,203.6,Desert,Loam,683.9,0,0,0
Punjab - Sutlej Basin,115.2,20.5,66.2,163.9,4.1,207.1,Agricultural,Silt,1274.9,0,1,1
Bihar - Kosi Basin,19.0,32.4,54.1,562.9,2.0,179.6,Forest,Loam,1993.7,0,1,0
Kerala - Periyar Basin,172.1,26.1,74.9,521.6,4.93,379.1,Forest,Sandy,307.5,1,0,0
Andhra Pradesh - Krishna Basin,107.6,29.6,81.5,1177.7,7.04,53.0,Urban,Loam,466.8,0,0,1
Bihar - Kosi Basin,378.5,33.5,69.4,259.6,5.25,121.3,Urban,Clay,198.9,1,0,0
Gujarat - Narmada Basin,355.3,27.4,84.0,386.1,5.32,330.3,Urban,Clay,133.8,0,1,1
West Bengal - Ganga Delta,59.5,35.0,64.8,343.0,8.4,125.5,Agricultural,Clay,139.5,1,0,0
Maharashtra - Godavari Basin,133.6,30.9,75.8,661.9,0.75,286.2,Urban,Clay,399.4,0,0,0
Uttar Pradesh - Ghaghara Basin,282.2,27.5,62.9,464.2,4.33,137.5,Urban,Clay,1689.6,1,1,1
Andhra Pradesh - Krishna Basin,199.1,25.5,67.7,818.8,1.34,67.0,Desert,Sandy,666.0,1,1,0
Rajasthan - Luni Basin,23.7,26.5,74.6,397.7,5.31,228.6,Agricultural,Clay,318.7,1,1,0
Gujarat - Narmada Basin,231.0,35.7,77.8,120.4,2.89,59.0,Agricultural,Clay,1057.4,1,1,0
Telangana - Godavari Basin,209.8,29.2,60.2,424.0,1.81,127.3,Forest,Silt,564.6,1,0,0
Bihar - Kosi Basin,410.8,22.7,46.6,343.8,2.47,179.3,Urban,Silt,778.0,1,1,0
Karnataka - Tungabhadra Basin,78.4,24.5,71.3,582.6,5.46,219.0,Urban,Sandy,714.3,1,0,0
West Bengal - Ganga Delta,78.7,23.1,86.9,554.6,7.55,249.3,Agricultural,Sandy,927.0,1,1,0
Kerala - Periyar Basin,309.6,23.8,86.0,90.6,0.78,243.2,Water Body,Peat,1019.5,0,0,0
Odisha - Mahanadi Basin,280.1,19.6,28.9,624.4,0.83,75.7,Agricultural,Sandy,1433.1,0,1,1
Gujarat - Narmada Basin,286.8,23.1,66.0,199.8,3.82,249.6,Agricultural,Peat,476.8,0,1,0
Maharashtra - Godavari Basin,404.5,30.8,96.2,941.5,1.9,40.5,Urban,Clay,1148.2,0,0,1
Telangana - Godavari Basin,543.0,18.6,72.8,399.7,5.67,159.3,Forest,Sandy,259.8,0,0,0
Madhya Pradesh - Chambal Basin,579.0,27.0,83.4,711.0,4.23,11.5,Agricultural,Sandy,333.3,1,1,1
Uttar Pradesh - Ghaghara Basin,196.7,33.0,77.8,567.1,7.74,265.9,Forest,Sandy,879.7,1,1,0
Andhra Pradesh - Krishna Basin,155.5,29.2,56.4,208.0,6.11,349.9,Agricultural,Sandy,157.3,1,0,0
Uttar Pradesh - Ghaghara Basin,538.5,20.1,62.0,93.8,3.32,210.0,Agricultural,Silt,738.1,0,0,1
Tamil Nadu - Cauvery Basin,90.3,25.3,72.0,179.4,5.99,15.9,Urban,Sandy,1116.0,0,0,0
Tamil Nadu - Cauvery Basin,163.0,26.4,58.0,668.3,9.01,23.0,Agricultural,Clay,1149.1,0,1,1
Odisha - Mahanadi Basin,371.0,34.6,66.7,740.5,2.8,138.4,Forest,Loam,356.5,1,1,0
Bihar - Kosi Basin,396.7,19.1,82.8,518.4,12.25,204.2,Agricultural,Peat,342.5,0,1,1
Karnataka - Tungabhadra Basin,161.8,30.7,74.4,429.9,10.95,13.6,Desert,Loam,719.7,1,1,0
Maharashtra - Godavari Basin,74.6,28.4,78.6,598.0,0.83,243.1,Agricultural,Clay,722.1,0,1,0
Maharashtra - Godavari Basin,284.4,27.1,60.4,295.1,6.2,112.1,Desert,Clay,394.2,0,1,1
Uttar Pradesh - Ghaghara Basin,361.1,34.0,73.2,990.7,6.86,462.8,Urban,Sandy,317.5,0,0,1
Odisha - Mahanadi Basin,477.9,18.7,44.1,57.9,1.31,88.3,Agricultural,Loam,1140.6,1,1,1
Gujarat - Narmada Basin,76.0,26.8,73.9,426.8,5.43,25.3,Urban,Clay,1009.8,1,0,0
Maharashtra - Godavari Basin,223.8,31.9,65.8,431.2,3.75,95.8,Forest,Silt,1779.4,1,0,0
Punjab - Sutlej Basin,299.3,30.6,83.7,736.4,4.36,312.3,Urban,Silt,512.0,0,1,1
Karnataka - Tungabhadra Basin,315.7,36.5,74.7,637.5,3.82,70.8,Agricultural,Sandy,1075.0,1,0,0
Madhya Pradesh - Chambal Basin,456.4,22.2,58.4,359.7,1.38,155.5,Desert,Clay,771.7,0,0,0
Tamil Nadu - Cauvery Basin,125.5,33.9,76.0,314.3,4.21,37.2,Desert,Peat,651.1,0,1,1
Telangana - Godavari Basin,242.4,26.7,60.1,706.1,3.37,93.3,Agricultural,Loam,1401.2,1,0,0
Andhra Pradesh - Krishna Basin,125.8,29.5,80.0,199.4,6.33,144.3,Agricultural,Loam,1228.9,0,0,0
Telangana - Godavari Basin,389.4,36.5,37.1,183.5,5.02,220.5,Forest,Silt,820.5,0,1,0
Bihar - Kosi Basin,98.2,25.0,50.3,575.9,8.38,116.9,Agricultural,Sandy,774.8,1,0,0
Tamil Nadu - Cauvery Basin,385.3,23.1,95.4,209.0,3.76,119.6,Urban,Sandy,289.0,1,1,0
Assam - Brahmaputra Basin,431.1,31.0,75.3,238.5,2.67,216.7,Urban,Clay,866.3,1,0,0
Karnataka - Tungabhadra Basin,376.7,30.6,56.1,461.5,12.7,13.5,Forest,Sandy,850.8,1,1,1
Odisha - Mahanadi Basin,204.3,23.4,71.8,1388.4,7.39,181.3,Forest,Loam,367.5,1,1,1
Madhya Pradesh - Chambal Basin,222.7,28.0,30.3,151.7,10.71,72.9,Water Body,Clay,74.2,1,0,0
Telangana - Godavari Basin,347.4,23.1,61.6,209.2,3.59,135.1,Water Body,Clay,1132.5,1,0,0
Gujarat - Narmada Basin,392.7,31.9,63.4,268.9,6.25,75.6,Agricultural,Peat,297.9,0,1,1
Madhya Pradesh - Chambal Basin,174.7,35.6,77.3,1281.4,1.79,324.5,Urban,Clay,165.7,0,1,1
Madhya Pradesh - Chambal Basin,247.7,32.9,39.1,169.4,4.36,65.9,Agricultural,Clay,264.4,1,0,0
Punjab - Sutlej Basin,224.5,27.7,49.1,306.1,1.11,83.6,Urban,Sandy,223.5,1,1,0
Bihar - Kosi Basin,182.3,30.5,100.0,384.1,4.46,58.9,Agricultural,Loam,280.4,1,1,0
Madhya Pradesh - Chambal Basin,69.3,24.3,40.6,305.5,8.01,55.1,Desert,Silt,448.9,1,0,0
Kerala - Periyar Basin,563.5,24.5,42.6,689.3,3.76,366.6,Agricultural,Peat,417.4,1,1,0
Assam - Brahmaputra Basin,120.3,23.9,71.6,336.0,4.88,37.7,Agricultural,Clay,942.0,1,0,0
Rajasthan - Luni Basin,256.0,29.6,78.7,65.6,2.49,109.4,Water Body,Clay,1995.3,1,0,0
Punjab - Sutlej Basin,37.8,25.5,70.4,499.9,3.87,51.3,Agricultural,Clay,1324.0,0,1,1
Punjab - Sutlej Basin,67.8,25.7,86.3,864.3,5.01,185.1,Agricultural,Sandy,484.9,1,1,0
Tamil Nadu - Cauvery Basin,100.5,32.6,86.3,671.5,7.32,312.9,Water Body,Clay,527.0,0,1,1
Maharashtra - Godavari Basin,285.7,39.3,73.7,635.8,7.97,70.9,Agricultural,Silt,1141.8,1,0,0
Karnataka - Tungabhadra Basin,180.5,26.8,48.8,1036.8,5.62,166.3,Urban,Sandy,542.9,0,1,1
Odisha - Mahanadi Basin,474.1,29.3,77.0,150.7,3.83,264.7,Desert,Silt,813.9,1,0,0
Andhra Pradesh - Krishna Basin,49.8,30.1,60.2,949.3,2.8,427.7,Agricultural,Clay,1198.8,1,1,0
Assam - Brahmaputra Basin,203.0,25.5,62.5,244.9,2.43,203.8,Forest,Silt,923.0,1,0,0
Uttar Pradesh - Ghaghara Basin,216.9,22.7,75.7,981.7,3.19,109.6,Urban,Clay,799.5,0,0,1
Odisha - Mahanadi Basin,374.0,23.7,61.0,365.4,1.26,111.2,Agricultural,Sandy,571.2,0,1,1
Kerala - Periyar Basin,215.3,27.5,66.5,553.8,2.69,51.1,Water Body,Silt,990.7,0,0,0
Madhya Pradesh - Chambal Basin,162.3,28.3,55.1,174.1,2.82,306.8,Urban,Clay,168.2,0,1,0
Bihar - Kosi Basin,378.3,15.7,84.6,1017.6,1.62,89.1,Forest,Sandy,1426.5,1,1,0
Punjab - Sutlej Basin,155.5,34.0,53.0,40.8,1.05,35.2,Water Body,Peat,702.5,1,1,0
West Bengal - Ganga Delta,153.4,26.5,49.9,1739.7,0.91,25.2,Agricultural,Loam,743.2,1,1,0
Maharashtra - Godavari Basin,205.2,26.4,72.6,505.5,9.05,152.4,Water Body,Peat,1109.9,1,1,1
Madhya Pradesh - Chambal Basin,683.0,31.6,66.1,987.2,4.39,251.3,Agricultural,Sandy,176.9,0,1,1
Bihar - Kosi Basin,490.4,28.2,76.7,608.2,3.25,179.5,Forest,Sandy,1045.6,0,0,0
Madhya Pradesh - Chambal Basin,113.1,26.2,82.5,409.4,5.31,183.9,Agricultural,Loam,396.8,1,0,0
Assam - Brahmaputra Basin,104.2,28.0,56.0,171.6,3.65,60.2,Urban,Peat,2355.4,1,0,0
Rajasthan - Luni Basin,209.5,25.9,78.8,819.3,1.41,287.5,Agricultural,Clay,1179.1,0,1,1
Andhra Pradesh - Krishna Basin,541.5,28.7,62.3,239.9,9.55,370.9,Urban,Silt,632.6,1,0,0
Punjab - Sutlej Basin,28.9,20.7,67.6,653.8,3.52,101.7,Agricultural,Silt,803.2,0,1,1
Rajasthan - Luni Basin,28.0,25.8,54.9,257.7,5.14,53.6,Agricultural,Clay,1041.7,0,1,0
Telangana - Godavari Basin,316.9,25.7,74.0,2026.4,10.48,88.0,Desert,Silt,564.5,1,0,1
West Bengal - Ganga Delta,156.2,27.8,76.7,947.2,4.29,645.6,Agricultural,Sandy,989.5,0,0,0
Odisha - Mahanadi Basin,120.4,32.7,72.2,455.3,3.73,200.5,Urban,Clay,63.9,0,1,1
Kerala - Periyar Basin,93.9,30.7,84.2,524.5,10.59,107.9,Agricultural,Peat,458.2,1,1,0
Telangana - Godavari Basin,270.7,33.6,54.3,189.4,2.62,194.0,Urban,Clay,825.1,0,1,0
Gujarat - Narmada Basin,63.5,30.9,71.4,468.0,6.05,50.5,Agricultural,Loam,286.2,0,1,1
Gujarat - Narmada Basin,384.7,30.0,76.4,1372.0,5.54,412.3,Urban,Peat,421.3,0,0,1
Punjab - Sutlej Basin,347.5,26.4,96.5,668.3,8.6,434.7,Water Body,Clay,1220.1,1,0,1
Karnataka - Tungabhadra Basin,143.1,20.2,47.0,552.7,4.86,445.6,Urban,Sandy,90.0,1,1,0
Assam - Brahmaputra Basin,329.6,28.4,61.6,44.4,3.22,326.3,Forest,Clay,644.1,1,0,0
Assam - Brahmaputra Basin,352.2,25.5,69.0,592.3,6.81,187.1,Forest,Sandy,352.2,1,0,0
Punjab - Sutlej Basin,327.0,22.0,60.9,494.1,2.16,154.1,Water Body,Loam,255.2,0,0,1
Assam - Brahmaputra Basin,328.7,28.1,60.1,1081.4,1.14,714.2,Urban,Clay,741.3,1,0,0
Odisha - Mahanadi Basin,203.0,28.9,82.6,406.2,6.3,127.3,Forest,Peat,37.4,0,1,1
Uttar Pradesh - Ghaghara Basin,216.5,24.9,96.4,264.4,2.02,158.5,Urban,Peat,745.0,0,0,0
Madhya Pradesh - Chambal Basin,540.0,27.2,57.5,565.2,2.76,158.4,Urban,Clay,148.6,1,0,0
Assam - Brahmaputra Basin,272.5,32.8,61.1,211.5,3.31,26.8,Forest,Loam,140.3,0,1,0
Gujarat - Narmada Basin,100.9,29.8,83.4,411.0,2.84,189.3,Urban,Silt,409.0,1,0,0
Odisha - Mahanadi Basin,259.4,34.4,84.9,641.5,4.67,221.7,Urban,Silt,856.5,1,0,0
Telangana - Godavari Basin,143.8,22.5,61.4,514.2,10.67,155.6,Urban,Loam,481.6,1,0,0
Tamil Nadu - Cauvery Basin,288.4,22.7,82.0,1191.0,6.16,166.7,Forest,Sandy,422.1,1,0,0
Odisha - Mahanadi Basin,136.2,32.4,77.6,174.4,3.07,70.0,Desert,Sandy,934.5,1,1,0
Andhra Pradesh - Krishna Basin,178.6,33.3,69.7,542.4,5.6,61.2,Urban,Clay,255.7,1,1,0
West Bengal - Ganga Delta,900.0,24.3,47.3,1049.0,7.32,40.8,Urban,Sandy,528.6,1,0,1
Uttar Pradesh - Ghaghara Basin,43.5,27.9,73.7,95.2,5.86,391.4,Agricultural,Peat,231.1,1,0,0
Assam - Brahmaputra Basin,239.4,34.8,28.4,1388.7,4.38,72.0,Desert,Sandy,1414.6,1,0,0
Telangana - Godavari Basin,216.5,22.7,78.7,418.0,7.87,458.5,Water Body,Loam,256.6,0,0,1
Rajasthan - Luni Basin,66.0,26.6,53.4,991.3,0.24,466.0,Forest,Silt,834.4,0,0,0
Rajasthan - Luni Basin,63.9,26.8,54.9,373.4,7.63,95.8,Agricultural,Clay,1470.7,1,1,0
Gujarat - Narmada Basin,278.5,32.7,95.0,958.6,5.34,296.9,Desert,Clay,224.0,1,0,0
Maharashtra - Godavari Basin,165.1,26.2,45.0,807.2,3.41,77.3,Forest,Peat,1271.7,1,0,0
Assam - Brahmaputra Basin,315.0,29.7,56.3,719.3,2.45,204.3,Agricultural,Loam,2193.6,0,1,1
Punjab - Sutlej Basin,339.2,23.4,68.4,1124.5,2.65,269.1,Agricultural,Silt,53.8,0,0,1
Andhra Pradesh - Krishna Basin,266.9,21.9,94.9,494.3,1.14,165.1,Forest,Clay,581.9,1,0,0
Maharashtra - Godavari Basin,295.1,23.0,74.6,642.5,4.27,197.9,Desert,Loam,610.1,1,0,0
Uttar Pradesh - Ghaghara Basin,664.0,26.1,75.9,279.0,1.66,77.3,Desert,Clay,141.0,1,1,0
Bihar - Kosi Basin,95.9,24.5,100.0,207.3,4.12,22.0,Urban,Peat,1624.5,1,1,0
West Bengal - Ganga Delta,345.0,22.3,56.0,242.0,2.22,227.9,Agricultural,Clay,330.2,1,0,0
Telangana - Godavari Basin,117.6,28.6,92.7,764.9,5.19,119.3,Forest,Silt,1058.1,1,0,0
Odisha - Mahanadi Basin,142.0,26.3,82.1,249.4,5.32,171.9,Water Body,Loam,195.3,1,0,0
Gujarat - Narmada Basin,276.9,23.7,62.1,1035.8,8.59,97.2,Desert,Clay,298.6,1,0,1
Uttar Pradesh - Ghaghara Basin,238.1,27.7,72.2,373.1,7.29,139.0,Agricultural,Loam,321.4,1,1,0
Maharashtra - Godavari Basin,84.6,31.6,70.4,755.8,6.67,33.7,Water Body,Clay,146.2,1,0,0
Telangana - Godavari Basin,403.0,21.1,88.3,428.1,2.68,168.4,Agricultural,Loam,902.1,1,0,0
Gujarat - Narmada Basin,198.1,26.2,88.7,143.6,5.89,141.4,Agricultural,Peat,1134.6,1,1,0
Tamil Nadu - Cauvery Basin,229.0,27.1,86.0,175.5,9.74,349.2,Agricultural,Sandy,2310.6,0,1,0
Assam - Brahmaputra Basin,341.2,26.2,78.6,946.7,2.33,120.8,Urban,Sandy,554.8,0,1,1
Bihar - Kosi Basin,405.4,36.8,70.9,741.0,5.9,141.2,Agricultural,Loam,1156.2,0,0,1
Maharashtra - Godavari Basin,223.5,28.7,70.7,471.8,6.19,130.8,Water Body,Sandy,123.1,1,0,0
Punjab - Sutlej Basin,337.4,31.2,84.4,696.8,8.0,107.6,Agricultural,Loam,1521.7,0,1,1
Andhra Pradesh - Krishna Basin,163.4,30.6,99.8,97.1,3.91,61.4,Urban,Clay,647.1,1,0,0
Uttar Pradesh - Ghaghara Basin,406.9,34.2,67.9,298.9,3.95,181.6,Agricultural,Loam,2014.7,0,1,1
Tamil Nadu - Cauvery Basin,93.5,19.7,75.5,172.0,2.95,297.5,Forest,Silt,582.3,0,0,0
Rajasthan - Luni Basin,284.3,29.6,92.9,488.3,8.91,171.6,Urban,Loam,761.0,0,0,0
Madhya Pradesh - Chambal Basin,280.7,28.7,78.0,485.8,1.1,455.2,Water Body,Clay,1655.3,1,0,0
Maharashtra - Godavari Basin,211.0,32.8,54.3,389.3,1.06,97.0,Urban,Loam,1380.5,0,0,0
Madhya Pradesh - Chambal Basin,541.0,33.6,70.3,553.3,6.34,102.3,Agricultural,Loam,1610.3,1,0,0
Punjab - Sutlej Basin,151.0,28.2,80.8,740.4,3.64,290.7,Agricultural,Silt,156.0,1,1,0
Madhya Pradesh - Chambal Basin,222.1,24.5,43.0,491.8,8.27,75.9,Desert,Loam,649.7,0,0,0
Karnataka - Tungabhadra Basin,407.0,25.9,84.9,390.7,3.69,184.6,Water Body,Peat,2107.1,1,1,0
Odisha - Mahanadi Basin,339.5,29.5,67.8,1738.7,3.81,329.4,Agricultural,Sandy,972.9,1,1,1
Uttar Pradesh - Ghaghara Basin,319.7,16.7,77.6,450.3,3.87,293.3,Agricultural,Sandy,121.9,1,0,0
West Bengal - Ganga Delta,175.6,26.8,76.3,672.7,0.3,185.6,Agricultural,Sandy,326.7,0,1,0
Uttar Pradesh - Ghaghara Basin,560.9,23.0,79.9,1063.4,0.27,211.7,Forest,Silt,788.8,1,0,0
Punjab - Sutlej Basin,226.3,32.3,76.4,258.7,4.41,79.8,Forest,Silt,493.0,1,1,0
West Bengal - Ganga Delta,119.5,29.8,58.6,293.6,1.91,177.1,Agricultural,Peat,930.9,0,0,0
Telangana - Godavari Basin,469.9,28.3,83.2,2009.6,3.12,71.9,Agricultural,Clay,1018.1,1,0,1
Odisha - Mahanadi Basin,231.7,26.0,88.9,215.0,2.95,311.7,Forest,Loam,193.8,1,0,0
Uttar Pradesh - Ghaghara Basin,280.4,30.4,57.9,584.8,2.07,94.0,Urban,Sandy,789.7,1,0,0
Tamil Nadu - Cauvery Basin,227.0,32.6,89.2,785.6,5.2,64.1,Urban,Sandy,428.5,1,0,0
Punjab - Sutlej Basin,273.6,28.0,90.8,63.5,1.84,74.2,Urban,Clay,543.2,1,0,0
Odisha - Mahanadi Basin,48.9,28.3,100.0,313.2,5.96,136.2,Urban,Loam,467.2,1,0,0
Kerala - Periyar Basin,171.1,30.1,72.9,161.9,1.93,177.4,Agricultural,Clay,376.7,0,1,0
Telangana - Godavari Basin,131.3,34.6,58.7,124.1,4.43,222.2,Forest,Clay,463.5,0,0,0
West Bengal - Ganga Delta,211.7,20.8,77.0,547.6,9.93,51.0,Desert,Sandy,1178.1,1,0,0
Gujarat - Narmada Basin,415.6,32.0,52.1,79.9,11.59,255.8,Urban,Peat,331.4,1,0,0
Odisha - Mahanadi Basin,74.8,24.4,71.9,604.7,5.44,107.2,Agricultural,Clay,2685.8,0,1,1
Maharashtra - Godavari Basin,164.0,30.5,81.0,357.1,2.75,262.4,Agricultural,Clay,1238.5,0,0,0
Kerala - Periyar Basin,303.5,24.8,95.3,92.1,3.83,206.1,Forest,Silt,455.5,1,1,0
Telangana - Godavari Basin,124.8,34.1,73.1,824.4,13.55,111.5,Water Body,Silt,331.5,1,0,0
Maharashtra - Godavari Basin,200.0,27.9,100.0,806.6,4.33,116.6,Desert,Clay,352.7,1,0,0
Bihar - Kosi Basin,100.6,32.2,86.5,410.7,2.87,157.8,Urban,Loam,279.1,1,0,0
Assam - Brahmaputra Basin,236.9,22.3,75.8,748.5,10.16,57.1,Urban,Sandy,1127.8,1,1,1
Madhya Pradesh - Chambal Basin,234.4,33.5,100.0,512.4,3.85,186.9,Urban,Silt,142.9,1,1,0
Odisha - Mahanadi Basin,496.7,29.6,65.8,632.6,9.37,490.1,Forest,Silt,118.6,1,0,0
Karnataka - Tungabhadra Basin,267.4,28.4,69.5,242.8,3.56,265.5,Urban,Loam,357.1,0,1,1
Punjab - Sutlej Basin,201.4,19.9,62.2,468.1,3.02,235.3,Water Body,Sandy,25.3,0,1,1
Tamil Nadu - Cauvery Basin,229.5,33.9,99.9,219.7,6.02,93.1,Agricultural,Clay,508.0,0,1,1
Punjab - Sutlej Basin,89.4,26.5,72.6,674.3,1.57,211.5,Urban,Loam,302.9,1,1,0
Punjab - Sutlej Basin,161.6,31.6,81.9,489.5,5.54,102.9,Agricultural,Loam,541.5,0,1,0
Madhya Pradesh - Chambal Basin,275.6,36.3,82.9,77.4,8.47,37.2,Agricultural,Clay,280.8,1,0,0
Rajasthan - Luni Basin,168.9,21.7,81.7,636.6,3.78,212.1,Water Body,Sandy,147.6,1,0,0
Odisha - Mahanadi Basin,569.1,27.4,54.0,100.0,4.88,63.4,Urban,Peat,481.9,1,1,1
Maharashtra - Godavari Basin,96.7,21.0,94.8,597.8,2.63,529.5,Desert,Silt,154.6,0,0,0
Madhya Pradesh - Chambal Basin,248.2,35.7,45.6,451.0,1.19,157.0,Desert,Sandy,445.3,0,0,0
Karnataka - Tungabhadra Basin,84.4,25.8,82.8,87.6,4.34,71.7,Urban,Silt,435.5,0,1,1
Telangana - Godavari Basin,192.8,28.1,50.6,428.1,8.31,111.6,Desert,Loam,1069.3,1,0,0
Odisha - Mahanadi Basin,193.3,28.0,64.7,1992.1,0.4,81.5,Water Body,Sandy,707.7,1,0,1
Maharashtra - Godavari Basin,34.2,29.4,73.6,449.2,1.76,115.6,Desert,Peat,679.7,1,0,0
Assam - Brahmaputra Basin,387.1,30.1,62.0,931.1,0.63,40.7,Desert,Loam,191.6,1,1,1
Karnataka - Tungabhadra Basin,213.4,23.7,75.7,691.9,3.52,31.8,Forest,Loam,724.4,1,0,0
Kerala - Periyar Basin,305.1,29.6,67.7,12.4,2.96,101.3,Urban,Clay,791.4,1,0,0
Odisha - Mahanadi Basin,198.3,22.9,72.8,754.3,3.86,242.7,Urban,Silt,708.3,1,1,0
Odisha - Mahanadi Basin,262.5,32.3,61.1,251.7,4.17,169.6,Urban,Silt,356.8,1,1,0
Uttar Pradesh - Ghaghara Basin,368.2,22.1,33.8,1270.0,1.89,135.7,Urban,Loam,1275.2,1,1,1
Kerala - Periyar Basin,515.9,34.7,60.2,373.3,11.3,534.0,Agricultural,Clay,1498.7,0,0,1
Tamil Nadu - Cauvery Basin,625.1,26.9,74.5,443.8,0.61,79.5,Urban,Sandy,198.9,1,0,0
West Bengal - Ganga Delta,125.7,31.5,75.0,367.3,6.24,449.0,Forest,Loam,983.2,1,0,0
Odisha - Mahanadi Basin,269.3,27.9,75.1,743.6,2.12,26.2,Urban,Clay,340.2,1,1,0
Madhya Pradesh - Chambal Basin,151.1,26.8,74.5,1385.5,4.86,267.1,Agricultural,Loam,759.0,1,1,1
Rajasthan - Luni Basin,169.8,33.1,56.3,176.8,11.74,353.7,Desert,Peat,380.0,1,1,0
Bihar - Kosi Basin,120.6,19.9,63.1,578.9,2.8,66.3,Desert,Silt,118.6,1,1,0
Uttar Pradesh - Ghaghara Basin,219.8,28.5,89.4,318.8,16.19,435.4,Urban,Loam,1481.1,0,1,1
Rajasthan - Luni Basin,186.1,26.9,91.6,636.1,6.26,177.5,Urban,Silt,1124.4,1,0,0
Gujarat - Narmada Basin,201.5,27.9,75.2,372.4,5.3,155.9,Agricultural,Loam,1067.9,1,1,0
Rajasthan - Luni Basin,48.1,28.8,67.9,687.5,1.95,118.0,Agricultural,Loam,280.6,1,0,0
West Bengal - Ganga Delta,148.2,30.0,63.6,501.6,1.18,448.7,Urban,Sandy,471.2,1,1,0
Bihar - Kosi Basin,332.2,26.9,68.1,277.7,3.83,73.8,Urban,Silt,207.2,0,1,1
Kerala - Periyar Basin,249.5,26.6,58.2,341.1,3.59,297.8,Agricultural,Loam,484.2,1,0,0
Rajasthan - Luni Basin,153.2,28.5,71.5,343.4,6.82,49.6,Forest,Loam,1321.6,1,1,0
West Bengal - Ganga Delta,173.6,26.9,88.1,432.7,5.96,124.9,Water Body,Silt,630.1,1,0,0
Tamil Nadu - Cauvery Basin,382.4,28.7,99.2,751.9,6.1,175.1,Urban,Loam,164.8,1,1,1
Bihar - Kosi Basin,198.8,20.8,69.7,264.5,3.39,203.4,Urban,Sandy,353.9,0,1,0
Uttar Pradesh - Ghaghara Basin,329.1,25.9,80.4,180.5,2.24,245.4,Agricultural,Silt,865.6,0,1,0
Punjab - Sutlej Basin,23.8,26.0,59.2,236.1,1.0,63.8,Water Body,Sandy,733.0,1,1,0
Assam - Brahmaputra Basin,63.8,26.4,76.6,163.4,0.76,108.1,Agricultural,Loam,91.0,0,0,0
Gujarat - Narmada Basin,184.6,25.1,79.0,753.0,8.49,329.5,Desert,Silt,735.2,1,1,0
Telangana - Godavari Basin,139.8,27.9,59.7,1306.2,2.3,209.9,Urban,Loam,433.0,1,1,0
Gujarat - Narmada Basin,18.8,27.2,82.9,570.3,3.19,167.6,Agricultural,Silt,535.3,1,0,0
West Bengal - Ganga Delta,136.5,26.1,63.4,469.6,7.17,29.7,Urban,Sandy,1653.1,1,0,0
Assam - Brahmaputra Basin,221.8,25.1,75.4,80.1,0.99,149.1,Forest,Sandy,507.6,1,1,0
Bihar - Kosi Basin,302.0,25.8,68.3,449.8,0.99,164.5,Urban,Sandy,294.0,1,1,0
Rajasthan - Luni Basin,74.7,21.9,59.6,629.6,4.27,110.4,Water Body,Silt,380.3,1,0,0
Maharashtra - Godavari Basin,91.1,33.0,65.4,550.9,0.68,35.8,Water Body,Clay,254.4,0,1,1
Andhra Pradesh - Krishna Basin,185.0,32.0,74.2,102.6,3.31,150.7,Forest,Sandy,214.4,1,0,0
Madhya Pradesh - Chambal Basin,406.8,29.6,67.6,103.6,2.35,458.6,Forest,Sandy,52.0,1,1,0
Madhya Pradesh - Chambal Basin,314.8,25.2,51.2,389.4,4.94,65.3,Forest,Peat,168.9,0,0,0
Assam - Brahmaputra Basin,179.3,28.1,86.3,863.4,20.11,67.7,Forest,Loam,381.1,1,1,1
Telangana - Godavari Basin,417.3,26.2,100.0,503.0,5.22,567.3,Desert,Silt,210.7,0,1,0
West Bengal - Ganga Delta,175.5,30.3,60.8,70.0,4.86,25.8,Forest,Sandy,774.7,0,0,0
Rajasthan - Luni Basin,446.1,29.2,86.8,377.7,3.68,103.3,Urban,Sandy,660.8,1,0,0
Odisha - Mahanadi Basin,181.8,23.0,63.6,837.9,1.98,181.1,Urban,Clay,847.0,0,0,0
Telangana - Godavari Basin,267.6,32.8,35.8,1812.4,4.15,303.7,Agricultural,Loam,359.7,1,1,1
Maharashtra - Godavari Basin,80.9,30.3,75.9,270.9,3.69,29.4,Urban,Peat,954.4,1,0,0
Kerala - Periyar Basin,63.2,31.5,92.8,910.9,5.3,319.2,Agricultural,Loam,906.4,1,1,0
Bihar - Kosi Basin,900.0,25.3,75.0,262.8,1.16,81.4,Urban,Silt,1191.4,0,1,1
Andhra Pradesh - Krishna Basin,294.3,22.7,78.4,209.7,3.98,36.9,Urban,Silt,551.6,0,1,1
Uttar Pradesh - Ghaghara Basin,152.7,30.7,93.4,958.2,4.59,103.3,Forest,Clay,1006.6,1,0,0
Telangana - Godavari Basin,265.4,25.7,94.4,589.5,4.32,361.5,Agricultural,Sandy,475.0,1,0,0
Rajasthan - Luni Basin,139.0,22.8,65.1,196.4,2.24,287.2,Urban,Peat,114.4,1,1,0
Rajasthan - Luni Basin,737.6,22.6,62.2,1767.9,0.7,160.1,Agricultural,Peat,826.5,1,0,1
Odisha - Mahanadi Basin,222.2,30.2,93.4,550.5,5.66,191.1,Agricultural,Clay,1181.5,1,1,1
Andhra Pradesh - Krishna Basin,313.3,25.8,100.0,195.4,6.41,201.1,Urban,Clay,747.2,0,0,0
Tamil Nadu - Cauvery Basin,393.8,22.9,73.3,499.4,6.3,137.3,Forest,Clay,788.1,1,1,0
Assam - Brahmaputra Basin,572.6,32.2,68.4,62.7,4.19,103.6,Agricultural,Silt,247.9,1,0,0
Karnataka - Tungabhadra Basin,279.2,27.1,91.2,598.6,5.61,123.5,Urban,Loam,547.0,0,1,1
Madhya Pradesh - Chambal Basin,94.8,28.6,97.1,906.8,4.26,60.1,Agricultural,Clay,875.0,0,1,1
Bihar - Kosi Basin,102.1,28.6,70.3,1364.6,5.24,436.2,Agricultural,Clay,194.5,1,1,0
Karnataka - Tungabhadra Basin,172.6,28.4,93.7,350.6,4.61,443.3,Urban,Loam,952.7,1,1,0
Rajasthan - Luni Basin,67.6,35.2,83.4,536.0,4.46,157.7,Desert,Sandy,474.1,1,0,0
Bihar - Kosi Basin,322.8,27.3,70.3,244.1,7.02,63.7,Forest,Peat,509.5,1,0,0
Odisha - Mahanadi Basin,84.5,26.7,71.3,322.0,5.95,103.5,Agricultural,Sandy,559.3,1,1,0
Odisha - Mahanadi Basin,162.9,26.9,75.8,86.5,0.82,142.4,Agricultural,Clay,573.5,0,0,0
Rajasthan - Luni Basin,277.2,26.6,72.3,540.3,7.07,198.1,Agricultural,Peat,860.5,1,0,0
Punjab - Sutlej Basin,281.9,28.1,61.7,56.3,2.18,99.6,Forest,Clay,484.8,1,0,0
Kerala - Periyar Basin,305.5,26.8,81.2,495.5,2.77,199.2,Urban,Clay,489.1,1,1,0
Assam - Brahmaputra Basin,187.1,23.9,53.6,314.7,4.89,281.2,Agricultural,Silt,547.0,1,0,0
Madhya Pradesh - Chambal Basin,328.1,28.2,55.9,168.3,7.62,562.0,Forest,Silt,380.1,0,0,0
Andhra Pradesh - Krishna Basin,66.0,28.1,78.1,20.6,0.43,118.5,Forest,Loam,160.8,1,0,0
Karnataka - Tungabhadra Basin,248.2,26.7,41.8,239.8,1.0,140.5,Desert,Clay,505.5,0,1,1
West Bengal - Ganga Delta,64.0,19.9,71.7,258.2,4.06,21.1,Urban,Silt,910.1,1,1,0
Uttar Pradesh - Ghaghara Basin,174.3,26.9,84.6,261.1,3.28,141.4,Urban,Sandy,310.9,0,1,0
Andhra Pradesh - Krishna Basin,315.2,26.6,37.6,344.3,0.37,289.1,Agricultural,Loam,602.4,1,0,0
Tamil Nadu - Cauvery Basin,217.6,26.1,68.5,323.8,8.82,628.6,Forest,Silt,1681.7,0,0,0
Kerala - Periyar Basin,93.8,35.5,61.2,339.8,4.89,154.0,Water Body,Clay,495.5,0,1,1
Odisha - Mahanadi Basin,126.5,26.6,71.2,211.0,3.38,199.1,Urban,Sandy,422.7,1,0,0
Maharashtra - Godavari Basin,177.3,25.6,67.2,262.7,7.67,177.9,Agricultural,Clay,169.2,1,0,0
Assam - Brahmaputra Basin,435.9,30.2,81.1,281.6,3.12,47.4,Agricultural,Sandy,795.2,1,0,0
West Bengal - Ganga Delta,236.2,25.4,69.8,568.4,4.17,365.4,Water Body,Loam,605.9,0,0,1
Maharashtra - Godavari Basin,505.8,28.5,75.3,551.7,6.06,175.3,Agricultural,Clay,811.2,1,0,0
West Bengal - Ganga Delta,151.7,27.2,52.5,579.2,8.3,103.1,Agricultural,Silt,371.2,1,0,0
Madhya Pradesh - Chambal Basin,120.8,30.7,52.4,820.9,3.6,173.7,Urban,Loam,62.7,1,0,0
Andhra Pradesh - Krishna Basin,185.4,21.8,47.0,100.8,0.98,93.7,Urban,Sandy,514.9,0,0,0
Andhra Pradesh - Krishna Basin,225.6,28.3,64.2,634.6,5.81,83.2,Water Body,Silt,544.2,1,0,0
Maharashtra - Godavari Basin,179.2,31.7,51.0,420.1,6.11,192.2,Agricultural,Clay,108.7,1,0,0
Tamil Nadu - Cauvery Basin,150.6,20.1,79.3,565.8,3.09,481.0,Urban,Peat,1007.1,1,0,0
Madhya Pradesh - Chambal Basin,95.8,24.5,69.6,1366.9,4.74,226.7,Water Body,Sandy,67.4,1,0,0
Kerala - Periyar Basin,245.1,28.1,69.4,547.7,2.47,19.5,Forest,Clay,395.9,1,1,0
Bihar - Kosi Basin,15.3,26.6,98.9,670.3,2.4,306.5,Water Body,Loam,880.8,1,1,0
Karnataka - Tungabhadra Basin,698.2,28.6,72.2,183.8,5.88,253.3,Agricultural,Peat,1304.6,1,0,0
Madhya Pradesh - Chambal Basin,159.9,28.4,52.3,630.3,4.42,295.7,Desert,Sandy,157.7,1,0,0
Rajasthan - Luni Basin,234.8,23.8,73.7,989.8,13.98,78.4,Desert,Sandy,172.2,0,0,1
Maharashtra - Godavari Basin,330.2,23.0,64.1,308.8,3.72,44.9,Urban,Sandy,399.5,1,0,0
Maharashtra - Godavari Basin,304.6,29.5,43.5,247.9,6.49,24.0,Urban,Loam,341.0,1,0,0
Karnataka - Tungabhadra Basin,20.4,26.0,72.1,461.6,2.29,235.4,Forest,Silt,442.4,0,1,0
Odisha - Mahanadi Basin,96.8,31.8,68.7,93.8,8.33,69.9,Agricultural,Silt,409.6,1,0,0
Bihar - Kosi Basin,188.3,25.5,78.0,525.9,5.69,106.2,Agricultural,Clay,398.5,1,0,0
Madhya Pradesh - Chambal Basin,363.1,26.8,63.4,112.2,4.68,128.1,Agricultural,Clay,83.4,1,0,0
Tamil Nadu - Cauvery Basin,41.7,23.6,77.2,129.3,6.81,393.0,Agricultural,Silt,350.8,1,1,0
West Bengal - Ganga Delta,350.9,31.3,100.0,384.4,4.17,74.8,Urban,Loam,939.1,1,0,0
Assam - Brahmaputra Basin,311.7,37.2,65.8,728.9,6.55,201.1,Agricultural,Silt,126.5,1,1,0
Uttar Pradesh - Ghaghara Basin,54.6,23.4,63.0,460.9,10.46,391.1,Agricultural,Loam,906.1,1,0,0
Karnataka - Tungabhadra Basin,147.2,30.5,97.7,481.3,1.84,180.3,Agricultural,Clay,1823.1,1,1,0
Karnataka - Tungabhadra Basin,201.2,22.9,90.6,935.0,1.94,64.9,Forest,Sandy,261.6,1,0,0
Bihar - Kosi Basin,900.0,31.0,84.2,1319.3,3.83,110.9,Urban,Clay,947.4,1,1,1
Maharashtra - Godavari Basin,128.9,18.6,75.5,675.9,13.58,197.0,Agricultural,Sandy,265.4,1,1,1
Maharashtra - Godavari Basin,426.0,28.1,87.6,894.9,2.31,116.7,Desert,Sandy,1289.2,1,1,0
Punjab - Sutlej Basin,42.0,29.6,71.9,310.7,5.06,260.3,Agricultural,Clay,556.8,1,0,0
Gujarat - Narmada Basin,348.0,23.3,71.1,644.0,7.63,107.2,Urban,Loam,257.8,0,1,1
Punjab - Sutlej Basin,226.5,31.0,46.7,701.0,2.2,389.0,Urban,Loam,814.2,0,0,1
Karnataka - Tungabhadra Basin,104.6,32.4,41.7,637.9,1.47,469.2,Urban,Peat,784.8,1,1,0
Madhya Pradesh - Chambal Basin,164.8,24.4,57.4,508.8,2.54,222.2,Agricultural,Loam,485.5,0,0,0
Karnataka - Tungabhadra Basin,556.1,26.5,81.3,401.2,7.41,279.9,Forest,Loam,560.4,0,0,1
Gujarat - Narmada Basin,61.8,34.0,65.2,317.2,0.66,36.8,Forest,Peat,456.6,1,1,0
Rajasthan - Luni Basin,225.1,22.6,99.7,678.5,1.4,172.6,Urban,Clay,415.2,1,0,0
Telangana - Godavari Basin,288.6,22.6,82.4,628.2,6.31,289.2,Agricultural,Loam,850.4,0,1,1
Gujarat - Narmada Basin,177.5,36.0,55.9,559.6,3.39,111.9,Urban,Silt,570.8,0,0,0
Punjab - Sutlej Basin,220.0,19.0,72.4,1430.4,1.38,289.4,Agricultural,Clay,360.5,0,0,0
Telangana - Godavari Basin,131.4,25.0,64.9,14.5,3.79,136.6,Agricultural,Clay,243.7,1,0,0
Assam - Brahmaputra Basin,152.6,27.3,83.4,722.0,6.18,297.4,Agricultural,Sandy,403.2,1,1,0
Odisha - Mahanadi Basin,161.5,30.5,71.7,334.4,7.27,330.2,Urban,Sandy,2352.3,0,1,1
Punjab - Sutlej Basin,144.3,35.0,62.6,137.5,4.67,89.4,Agricultural,Sandy,1374.0,1,1,0
Odisha - Mahanadi Basin,451.5,21.7,100.0,233.4,3.34,114.7,Agricultural,Clay,606.2,1,1,0
Kerala - Periyar Basin,241.5,29.5,90.0,808.9,3.66,82.8,Forest,Clay,401.7,0,1,1
Bihar - Kosi Basin,111.8,20.8,85.1,797.2,3.76,197.8,Urban,Peat,382.4,0,1,1
Andhra Pradesh - Krishna Basin,87.7,29.6,82.7,216.8,5.61,255.1,Urban,Clay,447.6,1,0,0
Punjab - Sutlej Basin,124.7,26.1,86.0,429.7,2.06,267.2,Urban,Silt,284.4,1,0,0
Odisha - Mahanadi Basin,432.4,31.9,80.9,379.2,1.91,267.4,Agricultural,Clay,116.1,0,1,0
Karnataka - Tungabhadra Basin,236.1,33.4,31.6,397.9,3.32,424.4,Agricultural,Loam,1157.4,1,0,0
Madhya Pradesh - Chambal Basin,383.4,21.4,80.9,655.6,1.41,99.3,Forest,Silt,176.8,1,0,0
Madhya Pradesh - Chambal Basin,213.8,26.5,66.4,261.3,4.41,108.1,Urban,Clay,469.4,1,1,0
Assam - Brahmaputra Basin,321.3,26.7,62.1,1176.5,13.6,208.1,Agricultural,Loam,1124.5,1,0,1
Gujarat - Narmada Basin,647.6,27.6,79.5,586.0,2.09,202.7,Agricultural,Loam,530.8,1,0,0
Uttar Pradesh - Ghaghara Basin,161.2,20.8,71.1,540.8,3.02,12.0,Water Body,Clay,250.7,1,0,0
Maharashtra - Godavari Basin,83.8,21.4,99.0,17.9,4.01,223.6,Forest,Loam,55.1,0,1,0
Tamil Nadu - Cauvery Basin,103.1,28.3,40.5,216.9,1.78,201.2,Urban,Clay,384.2,0,0,0
Andhra Pradesh - Krishna Basin,232.0,40.8,93.0,433.5,6.95,235.3,Forest,Loam,328.2,0,0,0
Andhra Pradesh - Krishna Basin,129.7,29.1,86.6,291.1,8.72,13.6,Urban,Silt,868.1,1,1,0
Kerala - Periyar Basin,149.4,29.4,67.3,202.6,1.54,227.2,Desert,Clay,736.7,1,0,0
Gujarat - Narmada Basin,205.2,30.4,62.3,426.6,1.35,186.6,Urban,Clay,110.5,0,1,0
Bihar - Kosi Basin,200.1,23.9,84.7,264.1,5.47,187.1,Urban,Silt,585.7,1,1,0
Maharashtra - Godavari Basin,170.2,31.0,68.3,316.0,5.19,175.8,Agricultural,Loam,382.0,0,0,0
West Bengal - Ganga Delta,130.7,23.8,70.0,329.3,1.71,103.8,Agricultural,Loam,706.8,0,1,0
West Bengal - Ganga Delta,164.2,28.4,62.8,254.0,1.91,31.7,Water Body,Clay,255.1,1,1,0
Telangana - Godavari Basin,753.6,22.3,79.9,362.0,7.28,266.0,Desert,Clay,578.5,0,0,1
Kerala - Periyar Basin,362.9,31.8,68.2,664.1,3.38,42.8,Agricultural,Peat,1262.6,0,0,0
Tamil Nadu - Cauvery Basin,900.0,26.4,86.8,85.9,1.5,43.1,Agricultural,Clay,387.4,0,0,0
Bihar - Kosi Basin,182.6,30.4,82.9,626.6,3.98,105.9,Water Body,Loam,598.9,0,0,0
Telangana - Godavari Basin,153.3,32.2,75.4,169.3,4.1,56.2,Urban,Clay,933.8,1,0,0
Madhya Pradesh - Chambal Basin,173.2,32.9,79.6,383.9,2.55,191.3,Agricultural,Loam,754.0,1,0,0
Madhya Pradesh - Chambal Basin,71.7,30.7,62.9,210.6,22.22,72.9,Agricultural,Peat,389.5,1,1,1
West Bengal - Ganga Delta,307.8,27.7,87.8,1440.8,1.26,98.0,Agricultural,Loam,138.9,1,1,0
Bihar - Kosi Basin,84.6,28.3,71.3,273.9,5.57,111.9,Urban,Clay,844.6,0,1,0
Assam - Brahmaputra Basin,155.7,31.8,100.0,499.2,6.16,302.9,Urban,Clay,1391.6,1,1,0
Bihar - Kosi Basin,37.1,33.6,79.5,473.6,3.08,14.2,Agricultural,Silt,176.0,1,0,0
Assam - Brahmaputra Basin,252.7,30.8,56.7,522.0,5.68,598.3,Urban,Sandy,598.4,1,0,0
Karnataka - Tungabhadra Basin,294.3,36.4,69.9,614.4,2.98,116.9,Agricultural,Peat,354.8,0,1,1
West Bengal - Ganga Delta,178.1,23.6,69.2,1896.0,6.35,248.7,Agricultural,Silt,751.7,1,0,1
Uttar Pradesh - Ghaghara Basin,36.4,26.5,88.1,795.2,3.09,266.5,Agricultural,Clay,696.8,1,1,0
Odisha - Mahanadi Basin,55.4,35.1,79.9,248.3,6.04,216.0,Urban,Loam,741.2,1,1,0
Telangana - Godavari Basin,580.0,33.1,98.3,230.1,7.38,102.2,Urban,Silt,376.0,1,1,1
Maharashtra - Godavari Basin,101.5,31.7,95.1,440.9,2.85,219.7,Agricultural,Clay,477.3,1,0,0
West Bengal - Ganga Delta,201.3,27.1,84.2,207.3,6.75,147.3,Water Body,Loam,3545.7,1,0,0
Bihar - Kosi Basin,302.8,27.0,60.4,858.5,1.17,101.3,Agricultural,Peat,377.1,0,1,0
Gujarat - Narmada Basin,285.3,29.3,71.9,66.8,5.87,129.0,Agricultural,Peat,1413.8,0,0,0
Andhra Pradesh - Krishna Basin,407.8,25.0,68.9,305.3,5.06,126.4,Desert,Clay,315.3,1,1,0
Bihar - Kosi Basin,94.5,27.9,71.8,238.3,2.67,163.6,Desert,Silt,1728.2,1,1,0
Telangana - Godavari Basin,36.6,26.3,55.4,542.6,4.82,90.7,Desert,Clay,604.1,1,0,0
Assam - Brahmaputra Basin,295.3,29.0,69.5,2000.5,2.56,721.2,Forest,Loam,1305.1,1,0,0
Telangana - Godavari Basin,63.2,28.4,74.9,801.4,8.32,497.8,Desert,Silt,21.7,1,1,0
Rajasthan - Luni Basin,275.0,27.1,79.1,997.0,2.38,155.0,Forest,Sandy,650.5,1,0,0
Kerala - Periyar Basin,299.6,25.0,84.6,822.8,1.76,92.4,Urban,Clay,133.5,0,0,0
Madhya Pradesh - Chambal Basin,123.2,33.0,86.0,401.2,2.38,158.6,Urban,Sandy,402.9,1,1,0
Madhya Pradesh - Chambal Basin,408.5,23.7,67.7,1310.4,2.34,202.6,Agricultural,Peat,1361.3,0,0,1
Gujarat - Narmada Basin,71.7,28.7,62.6,220.4,2.94,408.3,Agricultural,Loam,422.2,0,0,0
Andhra Pradesh - Krishna Basin,93.3,32.0,58.4,276.3,3.05,320.5,Forest,Silt,542.4,0,1,0
Bihar - Kosi Basin,42.1,27.9,71.6,387.0,5.27,175.3,Forest,Peat,368.2,0,0,0
Kerala - Periyar Basin,366.4,33.1,78.7,118.4,4.89,66.7,Water Body,Sandy,901.3,0,0,1
West Bengal - Ganga Delta,139.5,27.3,95.0,309.5,3.5,190.7,Urban,Silt,503.0,1,0,0
Assam - Brahmaputra Basin,83.7,31.2,95.4,386.1,4.04,47.9,Agricultural,Loam,677.7,1,1,0
Assam - Brahmaputra Basin,262.7,32.5,100.0,53.9,8.41,237.7,Forest,Sandy,308.3,0,0,0
Karnataka - Tungabhadra Basin,137.8,20.7,72.6,82.1,3.29,329.1,Agricultural,Silt,656.1,0,0,0
Kerala - Periyar Basin,443.5,28.3,77.6,379.6,8.44,245.4,Water Body,Clay,615.0,1,1,1
Telangana - Godavari Basin,53.1,37.7,85.2,654.7,8.09,16.0,Agricultural,Peat,303.6,1,1,0
Odisha - Mahanadi Basin,175.9,24.4,86.4,270.1,2.09,298.8,Urban,Clay,733.5,0,0,0
Bihar - Kosi Basin,21.6,20.2,76.7,496.7,3.14,266.8,Agricultural,Clay,838.1,1,0,0
Tamil Nadu - Cauvery Basin,180.8,26.1,86.9,305.1,1.41,222.5,Agricultural,Loam,306.8,1,0,0
Gujarat - Narmada Basin,181.8,26.1,83.3,285.9,7.76,67.2,Agricultural,Clay,1038.9,1,1,0
Telangana - Godavari Basin,314.4,31.3,60.2,497.2,5.06,232.3,Urban,Sandy,218.2,1,0,0
Andhra Pradesh - Krishna Basin,402.3,35.5,64.2,1036.1,0.63,30.2,Urban,Peat,1254.2,0,0,1
Odisha - Mahanadi Basin,94.1,28.4,52.2,864.8,4.26,283.7,Desert,Sandy,955.1,0,0,0
Madhya Pradesh - Chambal Basin,39.4,25.8,86.4,468.9,2.67,65.6,Agricultural,Clay,799.5,1,1,0
Andhra Pradesh - Krishna Basin,447.7,29.5,61.3,308.1,0.42,138.5,Agricultural,Peat,875.2,0,1,0
Karnataka - Tungabhadra Basin,294.9,30.8,67.4,1543.0,5.66,53.6,Water Body,Clay,434.5,1,1,1
Rajasthan - Luni Basin,533.1,33.6,51.3,405.9,3.81,146.9,Agricultural,Clay,1304.8,1,0,0
Odisha - Mahanadi Basin,133.5,32.1,100.0,740.0,20.08,114.4,Forest,Clay,146.9,0,0,1
Andhra Pradesh - Krishna Basin,99.2,28.0,73.5,1557.1,7.01,106.0,Urban,Clay,1689.8,0,1,1
Assam - Brahmaputra Basin,239.5,26.6,86.7,398.1,1.7,392.6,Agricultural,Sandy,766.8,1,0,0
Telangana - Godavari Basin,152.0,25.6,89.7,647.7,2.56,394.3,Forest,Silt,1037.0,0,0,0
Telangana - Godavari Basin,466.7,28.5,80.9,111.1,2.44,221.4,Urban,Sandy,565.4,0,0,0
Odisha - Mahanadi Basin,99.0,23.2,90.6,815.9,9.8,335.4,Desert,Silt,998.1,1,1,1
Gujarat - Narmada Basin,275.8,28.2,57.8,690.8,2.15,141.1,Forest,Loam,271.1,1,0,0
Andhra Pradesh - Krishna Basin,263.7,26.6,95.0,555.5,1.16,227.9,Agricultural,Loam,867.6,1,1,0
Uttar Pradesh - Ghaghara Basin,259.2,27.1,71.9,1720.6,10.28,164.9,Forest,Clay,988.6,0,0,1
Odisha - Mahanadi Basin,237.8,27.3,63.6,437.2,14.63,17.6,Desert,Clay,1169.6,1,1,1
Tamil Nadu - Cauvery Basin,633.2,29.7,55.2,110.8,1.42,259.5,Agricultural,Silt,695.2,0,1,0
Andhra Pradesh - Krishna Basin,211.0,20.7,72.3,357.2,3.64,80.6,Forest,Sandy,48.3,1,0,0
Karnataka - Tungabhadra Basin,59.9,31.2,84.2,58.2,6.18,126.3,Forest,Clay,300.9,0,1,0
Punjab - Sutlej Basin,303.2,27.5,79.2,502.8,3.54,106.7,Urban,Clay,615.8,0,0,1
Telangana - Godavari Basin,182.2,27.5,63.5,224.7,4.86,130.8,Agricultural,Clay,141.9,1,1,0
Andhra Pradesh - Krishna Basin,132.5,35.2,63.1,1221.5,1.79,256.7,Urban,Silt,520.9,1,1,0
Karnataka - Tungabhadra Basin,386.1,34.0,53.9,327.5,0.54,185.9,Desert,Clay,1529.3,0,1,1
Punjab - Sutlej Basin,448.7,27.3,70.2,521.8,2.85,112.7,Desert,Clay,1177.5,0,1,1
Maharashtra - Godavari Basin,307.2,26.3,60.1,801.0,2.01,55.1,Forest,Loam,668.8,1,1,0
Odisha - Mahanadi Basin,132.8,23.6,63.9,583.1,3.12,186.2,Urban,Silt,8.0,1,1,0
Odisha - Mahanadi Basin,151.2,34.1,84.5,207.9,3.53,136.9,Agricultural,Loam,1999.3,0,0,0
Assam - Brahmaputra Basin,338.4,24.8,85.6,672.9,2.72,81.5,Agricultural,Clay,984.3,1,1,0
Andhra Pradesh - Krishna Basin,118.1,27.1,62.2,1834.2,12.1,113.7,Water Body,Sandy,944.8,1,1,1
Madhya Pradesh - Chambal Basin,290.5,29.2,41.0,179.4,3.54,43.6,Agricultural,Sandy,749.0,0,1,1
Bihar - Kosi Basin,273.7,28.0,41.7,579.4,6.74,103.3,Urban,Loam,1077.8,0,0,0
Telangana - Godavari Basin,154.8,28.4,82.6,584.7,2.7,68.7,Forest,Silt,188.5,1,1,0
Maharashtra - Godavari Basin,83.5,21.9,43.7,162.1,4.22,78.5,Desert,Clay,906.6,0,1,0
Gujarat - Narmada Basin,604.5,30.3,83.6,248.0,7.48,106.7,Forest,Clay,328.7,0,1,0
Assam - Brahmaputra Basin,366.2,26.4,68.9,211.3,2.85,196.0,Desert,Clay,463.3,1,1,0
Odisha - Mahanadi Basin,83.0,29.7,59.9,447.9,1.4,215.6,Agricultural,Sandy,886.3,0,0,0
West Bengal - Ganga Delta,78.1,30.5,66.5,503.8,10.27,213.6,Agricultural,Clay,192.1,1,1,0
Uttar Pradesh - Ghaghara Basin,421.1,27.1,57.5,165.6,2.63,105.7,Water Body,Clay,1239.8,1,0,0
Tamil Nadu - Cauvery Basin,135.2,33.0,74.5,661.0,4.07,51.0,Forest,Silt,992.5,1,1,0
Rajasthan - Luni Basin,900.0,36.0,65.1,197.6,4.7,251.8,Water Body,Peat,567.1,1,1,1
Punjab - Sutlej Basin,324.9,26.5,47.2,663.9,7.18,739.7,Agricultural,Silt,655.5,1,0,0
Karnataka - Tungabhadra Basin,365.1,23.2,66.5,402.6,0.73,216.1,Urban,Loam,1087.5,0,1,1
Karnataka - Tungabhadra Basin,182.9,27.8,53.7,263.8,2.49,81.8,Agricultural,Loam,412.1,1,1,0
Karnataka - Tungabhadra Basin,55.2,31.3,70.2,1266.3,4.67,240.4,Urban,Silt,608.5,1,0,0
Karnataka - Tungabhadra Basin,123.0,25.9,59.8,711.7,3.19,294.9,Forest,Sandy,770.4,0,1,0
Rajasthan - Luni Basin,265.1,27.8,82.8,363.6,1.3,324.4,Urban,Loam,441.6,0,0,0
Madhya Pradesh - Chambal Basin,233.3,24.2,94.0,214.9,1.19,202.9,Desert,Silt,762.1,1,0,0
Telangana - Godavari Basin,324.0,26.4,84.2,1131.0,2.13,205.4,Desert,Clay,901.9,1,1,1
Maharashtra - Godavari Basin,147.0,23.0,66.3,566.1,4.79,26.4,Urban,Clay,835.6,1,0,0
Karnataka - Tungabhadra Basin,268.4,24.7,61.0,67.2,11.1,309.1,Agricultural,Silt,686.4,1,0,0
Karnataka - Tungabhadra Basin,219.2,31.6,63.7,629.6,4.26,198.6,Desert,Loam,213.4,0,1,1
Bihar - Kosi Basin,196.4,23.2,77.6,763.2,2.61,163.3,Water Body,Clay,1161.1,0,1,1
Gujarat - Narmada Basin,380.7,31.2,20.0,212.6,3.32,19.9,Forest,Peat,984.1,1,0,0
Punjab - Sutlej Basin,147.7,24.9,41.9,432.1,2.29,287.5,Forest,Silt,644.2,0,0,0
West Bengal - Ganga Delta,409.3,27.1,78.7,201.5,0.62,81.7,Urban,Sandy,795.5,1,0,0
Kerala - Periyar Basin,554.2,31.2,75.6,940.6,7.61,46.7,Water Body,Clay,243.4,1,0,1
Madhya Pradesh - Chambal Basin,351.2,26.5,58.4,291.8,6.54,90.5,Forest,Sandy,424.1,1,1,0
Kerala - Periyar Basin,247.0,27.8,54.7,73.2,3.24,63.7,Urban,Loam,3001.7,1,0,0
Uttar Pradesh - Ghaghara Basin,90.5,28.3,84.7,367.1,2.35,225.4,Agricultural,Loam,186.9,0,0,0
Andhra Pradesh - Krishna Basin,318.5,28.2,72.2,566.1,1.15,232.3,Forest,Peat,1377.2,1,0,0
Gujarat - Narmada Basin,219.8,26.7,74.4,1315.2,5.87,217.8,Urban,Peat,404.4,1,0,0
West Bengal - Ganga Delta,267.8,26.0,56.9,38.4,1.37,22.0,Urban,Sandy,1520.5,1,0,0
Tamil Nadu - Cauvery Basin,152.0,25.5,83.0,145.8,1.53,100.4,Urban,Loam,1791.4,1,0,0
Rajasthan - Luni Basin,234.0,26.5,60.0,754.6,2.17,57.2,Water Body,Silt,675.1,1,0,0
Odisha - Mahanadi Basin,61.1,30.2,67.2,667.7,8.38,332.8,Desert,Loam,169.5,0,1,1
Karnataka - Tungabhadra Basin,191.9,21.1,72.8,72.0,5.77,116.1,Forest,Sandy,463.8,1,0,0
Tamil Nadu - Cauvery Basin,62.2,23.7,69.8,151.1,6.03,251.4,Agricultural,Loam,420.2,0,0,0
West Bengal - Ganga Delta,193.2,27.2,40.2,557.4,5.01,71.8,Urban,Clay,1735.8,1,0,0
Punjab - Sutlej Basin,359.9,31.4,75.6,780.6,3.58,297.1,Forest,Sandy,1217.2,0,1,1
West Bengal - Ganga Delta,241.9,24.1,63.4,1323.0,16.3,174.7,Urban,Loam,753.9,0,1,1
Uttar Pradesh - Ghaghara Basin,55.9,31.6,74.7,235.0,5.36,431.5,Forest,Clay,224.6,1,0,0
Assam - Brahmaputra Basin,356.1,29.7,65.3,579.7,0.96,21.4,Agricultural,Loam,2089.7,1,0,0
Madhya Pradesh - Chambal Basin,189.2,27.7,61.1,1744.3,1.5,123.4,Agricultural,Sandy,939.2,1,0,0
West Bengal - Ganga Delta,91.1,27.8,67.4,56.0,6.37,341.7,Urban,Loam,1941.3,0,0,0
Gujarat - Narmada Basin,28.3,32.1,50.3,312.1,5.01,254.6,Forest,Clay,943.1,1,0,0
Maharashtra - Godavari Basin,150.9,29.2,54.9,167.1,1.93,121.7,Forest,Clay,418.5,0,0,0
Kerala - Periyar Basin,134.1,28.6,82.5,391.3,4.58,270.3,Urban,Silt,244.5,1,0,0
Odisha - Mahanadi Basin,336.6,22.4,92.8,525.1,2.23,99.9,Desert,Sandy,480.6,0,0,0
Rajasthan - Luni Basin,243.4,26.0,59.8,838.9,2.86,154.5,Desert,Sandy,429.2,1,1,0
Karnataka - Tungabhadra Basin,204.6,27.4,61.3,177.1,2.85,209.2,Forest,Loam,719.6,0,1,0
Gujarat - Narmada Basin,273.9,27.9,99.2,388.5,2.25,209.5,Desert,Clay,328.7,1,0,0
Andhra Pradesh - Krishna Basin,240.2,30.8,89.3,552.5,6.6,335.2,Urban,Loam,1477.3,0,1,1
Telangana - Godavari Basin,217.4,30.0,69.2,78.7,6.3,19.6,Forest,Sandy,479.8,1,0,0
Andhra Pradesh - Krishna Basin,638.9,28.1,67.1,1947.1,4.58,132.7,Desert,Clay,770.0,0,1,1
Andhra Pradesh - Krishna Basin,691.0,34.7,81.0,21.1,1.53,104.1,Agricultural,Loam,919.4,1,1,0
Odisha - Mahanadi Basin,129.2,25.9,71.5,357.4,3.36,317.3,Desert,Sandy,1899.5,1,0,0
Andhra Pradesh - Krishna Basin,449.2,30.0,76.8,109.1,4.52,110.3,Agricultural,Clay,1132.2,1,1,0
Uttar Pradesh - Ghaghara Basin,185.2,31.3,75.7,764.3,5.28,43.0,Agricultural,Peat,710.5,1,1,0
Telangana - Godavari Basin,48.5,22.2,71.2,519.1,2.38,58.8,Agricultural,Sandy,113.4,0,0,0
West Bengal - Ganga Delta,76.5,27.8,85.8,154.0,3.44,78.9,Forest,Clay,408.2,0,0,0
Tamil Nadu - Cauvery Basin,264.8,27.9,82.0,274.0,3.87,133.3,Agricultural,Clay,75.6,1,0,0
Telangana - Godavari Basin,195.7,32.1,74.4,1477.6,6.61,447.8,Agricultural,Sandy,1122.2,0,0,1
West Bengal - Ganga Delta,126.8,21.4,63.9,307.6,2.57,180.7,Desert,Loam,694.2,1,1,0
Assam - Brahmaputra Basin,112.3,19.5,100.0,862.7,9.29,48.9,Desert,Sandy,236.7,0,0,1
Tamil Nadu - Cauvery Basin,63.3,37.5,71.5,190.5,9.64,243.3,Agricultural,Silt,1158.3,1,0,0
West Bengal - Ganga Delta,101.7,29.0,56.0,726.9,0.65,138.9,Water Body,Sandy,444.0,0,1,0
Karnataka - Tungabhadra Basin,415.8,23.7,60.1,480.2,1.36,176.2,Water Body,Sandy,304.5,0,0,1
Tamil Nadu - Cauvery Basin,74.6,32.9,62.7,378.9,3.51,537.3,Agricultural,Clay,531.3,0,0,0
Karnataka - Tungabhadra Basin,25.7,27.4,67.8,254.0,4.1,274.7,Agricultural,Loam,481.9,1,0,0
Maharashtra - Godavari Basin,526.9,27.1,66.3,296.6,4.59,42.2,Urban,Clay,221.1,1,0,0
Rajasthan - Luni Basin,222.9,28.3,74.5,54.7,5.01,115.8,Agricultural,Sandy,348.5,0,1,0
Tamil Nadu - Cauvery Basin,576.1,24.7,88.2,902.8,4.97,537.5,Urban,Sandy,919.9,1,0,0
Karnataka - Tungabhadra Basin,248.9,30.9,89.0,149.3,6.25,214.4,Agricultural,Loam,278.1,1,0,0
Maharashtra - Godavari Basin,331.4,30.4,59.2,733.1,3.76,56.7,Agricultural,Clay,1164.9,1,1,0
Kerala - Periyar Basin,114.5,24.3,52.6,636.3,1.19,185.8,Forest,Peat,321.3,0,0,0
Rajasthan - Luni Basin,176.0,23.7,87.6,648.0,14.05,183.2,Urban,Sandy,366.9,0,0,1
Bihar - Kosi Basin,122.7,17.2,71.0,1311.3,4.67,120.7,Forest,Loam,111.3,0,1,1
Rajasthan - Luni Basin,63.7,30.7,82.8,261.1,7.59,314.1,Agricultural,Silt,748.2,1,1,0
Kerala - Periyar Basin,654.5,35.3,74.9,266.1,1.58,253.7,Forest,Silt,392.7,1,1,0
Andhra Pradesh - Krishna Basin,477.7,35.8,69.9,251.8,3.26,222.1,Forest,Loam,342.9,1,1,0
West Bengal - Ganga Delta,111.2,24.5,73.9,123.4,4.37,106.9,Agricultural,Sandy,2516.1,0,1,1
Gujarat - Narmada Basin,154.8,29.6,66.6,760.6,1.46,108.9,Agricultural,Loam,711.7,1,0,0
Bihar - Kosi Basin,259.7,23.8,54.7,355.7,5.98,225.2,Forest,Clay,607.7,1,1,0
Bihar - Kosi Basin,138.2,25.2,53.5,271.9,1.78,42.4,Urban,Peat,296.4,0,0,0
Rajasthan - Luni Basin,89.3,18.6,63.3,529.5,4.15,132.2,Water Body,Clay,937.1,1,1,0
Madhya Pradesh - Chambal Basin,507.9,23.1,100.0,295.7,8.03,221.1,Urban,Clay,381.1,0,0,1
Assam - Brahmaputra Basin,82.9,28.0,82.9,604.4,2.65,40.5,Urban,Peat,1293.8,0,0,1
Assam - Brahmaputra Basin,193.2,30.2,66.2,1032.9,3.06,165.7,Desert,Loam,856.5,1,1,0
Andhra Pradesh - Krishna Basin,211.2,28.0,84.2,777.9,3.04,460.6,Urban,Peat,1229.4,0,1,1
Punjab - Sutlej Basin,237.0,34.6,66.8,964.1,4.88,496.1,Urban,Clay,583.5,0,1,1
Tamil Nadu - Cauvery Basin,285.0,27.1,72.6,147.4,4.01,84.7,Agricultural,Loam,1771.2,0,0,0
Andhra Pradesh - Krishna Basin,262.8,25.7,100.0,578.0,0.97,100.1,Agricultural,Loam,546.7,0,0,0
Uttar Pradesh - Ghaghara Basin,617.3,30.6,57.9,239.3,1.34,245.1,Urban,Loam,451.6,1,1,0
Telangana - Godavari Basin,194.6,19.6,75.7,447.4,10.79,101.3,Agricultural,Silt,883.4,1,0,0
Andhra Pradesh - Krishna Basin,146.3,33.6,62.0,288.5,10.37,213.6,Agricultural,Loam,1909.5,1,1,0
Karnataka - Tungabhadra Basin,378.2,28.7,60.5,512.0,7.92,339.3,Agricultural,Loam,196.8,1,0,0
Kerala - Periyar Basin,153.3,29.6,78.8,408.6,2.4,161.3,Forest,Clay,294.7,0,0,0
Uttar Pradesh - Ghaghara Basin,196.6,25.3,84.6,167.3,1.86,281.1,Agricultural,Sandy,222.4,1,0,0
Punjab - Sutlej Basin,35.9,26.7,59.2,140.2,2.53,53.3,Forest,Peat,1359.2,0,0,0
West Bengal - Ganga Delta,264.3,26.0,33.0,503.8,2.63,61.5,Urban,Silt,335.0,1,0,0
Rajasthan - Luni Basin,262.9,27.0,67.6,1212.0,2.19,37.1,Desert,Sandy,316.7,0,0,0
Kerala - Periyar Basin,398.4,24.6,64.2,358.2,2.78,122.6,Desert,Sandy,920.7,1,1,0
Rajasthan - Luni Basin,74.2,26.6,65.1,383.1,3.45,162.0,Agricultural,Clay,116.1,1,1,0
West Bengal - Ganga Delta,528.3,22.8,88.9,173.5,7.2,26.1,Agricultural,Sandy,930.9,1,1,0
Odisha - Mahanadi Basin,40.2,22.2,70.6,512.2,4.87,63.3,Urban,Clay,1568.6,1,0,0
Assam - Brahmaputra Basin,270.9,31.5,67.8,188.2,1.54,89.8,Urban,Clay,680.3,0,0,0
Maharashtra - Godavari Basin,251.9,24.7,82.0,829.1,2.95,357.0,Agricultural,Silt,415.0,1,0,0
Rajasthan - Luni Basin,143.6,30.9,52.2,266.0,3.4,295.3,Agricultural,Loam,322.7,0,0,0
Telangana - Godavari Basin,298.6,25.9,100.0,692.4,2.41,104.6,Forest,Sandy,534.3,1,1,0
Karnataka - Tungabhadra Basin,473.1,28.0,66.8,619.7,4.68,81.6,Agricultural,Peat,176.6,1,0,0
Telangana - Godavari Basin,331.4,22.2,73.4,236.9,4.62,104.5,Desert,Sandy,318.9,0,1,1
Assam - Brahmaputra Basin,335.0,25.7,90.1,166.7,1.76,68.6,Urban,Peat,480.0,1,1,0
Telangana - Godavari Basin,177.3,25.6,100.0,282.6,9.43,99.5,Urban,Sandy,468.3,0,0,1
Uttar Pradesh - Ghaghara Basin,116.9,21.8,71.9,268.9,3.06,454.1,Agricultural,Clay,598.3,1,0,0
Uttar Pradesh - Ghaghara Basin,228.9,24.7,78.2,39.8,9.84,319.7,Agricultural,Silt,1249.2,1,1,0
Assam - Brahmaputra Basin,87.9,32.1,62.3,115.3,3.56,183.7,Forest,Clay,205.3,0,1,0
Telangana - Godavari Basin,90.4,34.0,46.7,215.3,8.24,5.7,Agricultural,Peat,310.8,0,1,0
Assam - Brahmaputra Basin,277.6,26.0,92.5,1535.5,4.09,134.8,Urban,Peat,349.4,1,1,1
Uttar Pradesh - Ghaghara Basin,325.0,23.8,58.7,225.8,3.08,126.8,Agricultural,Peat,211.6,1,1,0
Andhra Pradesh - Krishna Basin,420.2,23.4,75.9,795.8,1.5,74.2,Urban,Clay,351.1,1,0,0
Gujarat - Narmada Basin,98.8,30.8,59.5,438.1,3.34,136.2,Urban,Peat,134.5,0,1,1
Maharashtra - Godavari Basin,98.0,26.9,68.7,1898.5,3.22,32.5,Urban,Clay,374.7,1,0,0
Odisha - Mahanadi Basin,162.7,24.1,86.5,533.3,6.88,137.4,Urban,Peat,555.8,1,0,0
Gujarat - Narmada Basin,16.8,28.6,81.3,264.2,11.88,208.0,Urban,Silt,150.5,0,1,1
Andhra Pradesh - Krishna Basin,288.2,30.2,88.3,468.4,2.88,105.2,Urban,Silt,364.9,0,0,1
Maharashtra - Godavari Basin,307.3,29.6,52.2,437.5,2.0,135.5,Agricultural,Loam,419.3,0,0,0
Madhya Pradesh - Chambal Basin,157.7,35.7,87.4,396.3,4.26,45.4,Forest,Sandy,2127.8,1,1,0
West Bengal - Ganga Delta,140.2,30.7,64.8,138.4,4.06,241.6,Urban,Loam,787.2,1,0,0
Bihar - Kosi Basin,150.8,29.8,65.1,1584.5,0.23,140.7,Desert,Loam,1166.1,0,0,0
Karnataka - Tungabhadra Basin,198.9,32.5,51.4,646.9,1.1,446.7,Forest,Sandy,181.0,1,1,0
Kerala - Periyar Basin,120.3,31.6,64.5,1618.3,1.21,63.7,Urban,Loam,1107.5,1,0,0
Tamil Nadu - Cauvery Basin,447.6,30.9,44.1,154.5,10.95,267.0,Urban,Silt,1211.7,0,1,1
Odisha - Mahanadi Basin,78.6,27.8,69.2,1317.8,10.06,388.6,Forest,Silt,134.9,0,0,1
Assam - Brahmaputra Basin,332.7,30.8,61.0,483.5,1.86,57.6,Agricultural,Sandy,852.7,1,1,0
Uttar Pradesh - Ghaghara Basin,148.2,28.4,67.0,449.8,9.42,153.1,Urban,Loam,627.0,0,1,0
Tamil Nadu - Cauvery Basin,64.6,27.4,46.3,804.1,4.75,70.6,Agricultural,Loam,150.2,1,0,0
Bihar - Kosi Basin,92.0,28.0,76.9,916.5,2.72,172.1,Agricultural,Clay,1111.1,1,1,0
Uttar Pradesh - Ghaghara Basin,234.8,26.3,73.1,1645.2,4.4,269.7,Water Body,Loam,299.7,0,0,1
Uttar Pradesh - Ghaghara Basin,663.9,25.0,56.2,1215.7,3.25,49.7,Urban,Silt,86.0,0,0,1
Kerala - Periyar Basin,351.9,25.6,61.0,179.6,1.86,92.1,Desert,Clay,411.7,0,0,0
Assam - Brahmaputra Basin,93.9,21.5,61.8,458.2,5.84,308.2,Forest,Sandy,576.2,0,0,0
Tamil Nadu - Cauvery Basin,209.7,23.2,79.5,1356.1,3.39,76.5,Water Body,Sandy,187.2,0,1,1
West Bengal - Ganga Delta,101.7,27.0,64.4,388.6,2.61,17.5,Desert,Silt,249.2,1,0,0
Rajasthan - Luni Basin,190.3,27.3,64.4,252.3,3.28,135.3,Desert,Loam,524.4,1,0,0
Kerala - Periyar Basin,900.0,24.7,72.1,1056.8,4.71,68.5,Agricultural,Clay,848.9,0,1,1
Andhra Pradesh - Krishna Basin,177.5,31.6,29.0,1377.5,10.73,434.4,Desert,Loam,333.5,0,0,1
Karnataka - Tungabhadra Basin,74.7,27.8,81.7,520.5,5.32,374.5,Forest,Loam,402.0,0,1,1
Tamil Nadu - Cauvery Basin,581.6,31.9,79.3,594.0,1.41,227.0,Urban,Silt,1164.8,1,1,0
Rajasthan - Luni Basin,582.1,28.5,73.1,1493.8,12.26,265.2,Agricultural,Clay,662.9,1,0,1
Madhya Pradesh - Chambal Basin,102.7,25.4,58.8,289.7,2.78,510.7,Desert,Peat,145.5,0,1,0
Andhra Pradesh - Krishna Basin,187.0,25.9,62.4,909.5,4.58,359.3,Agricultural,Silt,920.0,1,1,1
Rajasthan - Luni Basin,310.6,23.1,58.6,412.7,2.66,94.0,Urban,Clay,1351.4,0,0,1
Uttar Pradesh - Ghaghara Basin,432.9,27.1,40.1,610.1,3.18,71.1,Forest,Clay,393.7,0,1,1
Odisha - Mahanadi Basin,114.4,29.5,77.2,222.6,6.21,187.9,Forest,Loam,364.8,1,1,0
West Bengal - Ganga Delta,207.3,25.5,77.4,1323.2,1.91,262.7,Urban,Loam,423.1,0,0,0
Andhra Pradesh - Krishna Basin,501.5,29.6,55.0,275.4,2.5,479.8,Agricultural,Loam,1348.4,0,1,1
West Bengal - Ganga Delta,626.8,27.9,90.8,631.3,8.41,356.8,Urban,Loam,557.8,1,0,0
Maharashtra - Godavari Basin,230.3,32.6,54.0,276.2,4.24,133.9,Agricultural,Clay,429.5,1,0,0
Uttar Pradesh - Ghaghara Basin,43.3,29.2,97.6,40.1,3.55,52.6,Forest,Clay,710.1,0,1,0
Gujarat - Narmada Basin,126.0,25.3,74.2,126.4,4.93,532.4,Agricultural,Clay,234.0,0,1,0
Punjab - Sutlej Basin,391.2,25.9,47.3,63.3,7.72,51.8,Urban,Clay,1099.2,1,0,0
Karnataka - Tungabhadra Basin,286.3,21.5,72.7,332.6,5.9,41.8,Forest,Peat,259.3,1,0,0
Karnataka - Tungabhadra Basin,127.0,36.9,78.2,44.9,2.87,244.6,Agricultural,Silt,315.3,0,0,0
Assam - Brahmaputra Basin,652.9,30.5,63.8,831.6,4.58,91.3,Urban,Loam,559.1,1,0,1
Madhya Pradesh - Chambal Basin,52.3,16.8,63.2,168.1,5.45,78.6,Agricultural,Silt,810.8,0,0,0
Uttar Pradesh - Ghaghara Basin,66.6,26.5,75.8,907.5,2.23,186.0,Urban,Loam,1833.6,1,0,0
Madhya Pradesh - Chambal Basin,90.0,30.1,70.7,346.9,2.43,62.1,Agricultural,Silt,643.7,1,1,0
Punjab - Sutlej Basin,295.2,30.2,89.2,90.4,3.28,148.5,Agricultural,Loam,1216.1,0,1,1
Maharashtra - Godavari Basin,547.3,30.0,84.1,765.4,2.97,188.5,Agricultural,Peat,156.0,0,0,0
West Bengal - Ganga Delta,647.4,27.2,48.9,393.3,4.18,269.4,Agricultural,Silt,353.8,1,1,0
Andhra Pradesh - Krishna Basin,273.4,30.0,78.4,542.9,5.45,89.9,Agricultural,Loam,727.7,0,0,1
Maharashtra - Godavari Basin,38.5,20.3,92.8,985.1,3.45,37.1,Water Body,Loam,298.3,0,0,1
Telangana - Godavari Basin,146.1,35.6,76.0,627.6,4.81,204.0,Agricultural,Clay,327.5,0,0,0
Madhya Pradesh - Chambal Basin,185.3,34.1,66.6,56.4,6.26,41.6,Desert,Silt,997.0,0,1,1
Gujarat - Narmada Basin,411.2,23.4,71.0,191.1,6.53,177.7,Desert,Silt,451.3,1,0,0
Karnataka - Tungabhadra Basin,196.1,20.5,67.0,581.8,4.07,51.1,Urban,Clay,382.9,0,1,1
Telangana - Godavari Basin,172.4,27.2,54.1,444.4,6.47,273.5,Water Body,Clay,651.1,1,0,0
Andhra Pradesh - Krishna Basin,204.0,29.7,93.9,603.4,7.53,151.1,Forest,Clay,925.3,0,1,0
Gujarat - Narmada Basin,44.7,26.7,71.1,601.4,1.76,194.8,Agricultural,Loam,1622.8,1,0,0
Punjab - Sutlej Basin,345.2,27.5,70.5,601.0,3.35,32.9,Urban,Silt,1486.0,0,1,1
Punjab - Sutlej Basin,348.6,25.2,59.9,406.2,1.96,141.7,Agricultural,Clay,598.5,1,0,0
West Bengal - Ganga Delta,149.1,30.1,63.1,589.8,5.45,161.5,Urban,Peat,638.8,1,0,0
Maharashtra - Godavari Basin,273.7,28.1,71.7,349.8,5.06,73.8,Agricultural,Clay,795.3,0,1,1
Karnataka - Tungabhadra Basin,285.5,27.4,73.4,592.0,3.67,263.5,Agricultural,Clay,1098.7,1,0,0
Andhra Pradesh - Krishna Basin,116.8,31.7,64.9,658.5,2.01,145.8,Forest,Sandy,362.1,1,1,0
Rajasthan - Luni Basin,294.6,26.4,100.0,197.1,1.52,78.4,Urban,Loam,130.6,1,0,0
Rajasthan - Luni Basin,63.8,28.2,65.1,475.3,1.64,25.5,Urban,Silt,1334.8,0,1,1
Tamil Nadu - Cauvery Basin,257.1,28.9,81.4,566.6,5.0,235.9,Forest,Loam,691.0,1,0,0
Andhra Pradesh - Krishna Basin,236.9,26.5,71.6,448.9,8.53,104.8,Desert,Loam,1008.0,1,1,1
Andhra Pradesh - Krishna Basin,270.1,25.3,72.1,613.7,5.29,312.5,Agricultural,Sandy,740.4,1,1,0
Karnataka - Tungabhadra Basin,22.9,28.7,70.2,416.7,3.06,129.3,Desert,Loam,952.0,0,1,1
West Bengal - Ganga Delta,123.1,31.5,74.2,277.6,0.97,87.7,Agricultural,Peat,443.9,0,0,0
Andhra Pradesh - Krishna Basin,126.1,23.4,62.4,175.1,8.13,330.0,Desert,Loam,783.2,1,1,0
Gujarat - Narmada Basin,266.0,26.6,45.9,563.9,1.97,224.6,Agricultural,Sandy,389.3,1,0,0
Bihar - Kosi Basin,339.2,28.1,65.6,736.5,4.67,81.5,Agricultural,Clay,942.0,1,1,1
Telangana - Godavari Basin,359.6,27.3,69.0,665.3,1.92,146.3,Agricultural,Loam,1430.3,0,0,0
Gujarat - Narmada Basin,172.3,32.5,37.5,288.7,5.89,200.0,Urban,Sandy,309.6,1,0,0
Odisha - Mahanadi Basin,496.4,29.3,76.9,243.2,1.7,99.5,Desert,Loam,346.8,1,1,0
Bihar - Kosi Basin,157.1,30.3,84.7,265.5,3.3,169.0,Forest,Loam,214.0,1,1,0
Kerala - Periyar Basin,99.2,27.8,88.2,393.9,3.88,87.2,Forest,Clay,1213.0,0,0,0
Punjab - Sutlej Basin,92.9,27.1,81.9,905.3,0.81,101.7,Forest,Sandy,597.8,0,1,0
Uttar Pradesh - Ghaghara Basin,178.4,26.0,80.2,1925.2,2.11,39.5,Agricultural,Sandy,607.2,1,0,0
Telangana - Godavari Basin,432.1,28.5,50.4,256.0,0.63,186.7,Agricultural,Peat,263.2,1,1,0
Andhra Pradesh - Krishna Basin,149.5,24.2,60.4,449.1,8.39,49.6,Urban,Peat,1089.4,1,1,0
Gujarat - Narmada Basin,94.0,26.9,60.1,461.5,2.43,531.9,Agricultural,Sandy,916.4,1,1,0
Madhya Pradesh - Chambal Basin,82.9,29.4,88.3,269.0,6.87,71.0,Agricultural,Clay,963.0,1,0,0
Madhya Pradesh - Chambal Basin,304.4,30.7,72.9,247.3,6.72,7.6,Forest,Peat,703.8,1,0,0
Punjab - Sutlej Basin,407.2,33.4,53.8,538.3,3.01,65.3,Agricultural,Silt,292.2,0,1,1
Andhra Pradesh - Krishna Basin,260.6,26.0,75.0,796.7,1.92,216.4,Desert,Sandy,1049.9,0,1,1
Tamil Nadu - Cauvery Basin,306.4,25.4,71.5,868.4,5.22,69.1,Forest,Peat,883.2,1,1,0
Telangana - Godavari Basin,236.7,21.6,72.8,1133.8,1.89,88.5,Urban,Sandy,433.2,0,1,1
Bihar - Kosi Basin,147.4,24.5,93.1,111.4,1.24,88.7,Water Body,Sandy,815.5,1,0,0
Tamil Nadu - Cauvery Basin,299.9,36.3,54.1,919.9,10.52,129.7,Agricultural,Sandy,647.2,1,0,1
Tamil Nadu - Cauvery Basin,119.2,30.9,92.7,379.0,3.6,296.5,Agricultural,Clay,391.3,1,0,0
Gujarat - Narmada Basin,121.3,25.5,87.2,841.1,6.41,7.0,Desert,Loam,532.7,1,1,0
Kerala - Periyar Basin,256.8,29.9,63.7,155.5,9.34,105.0,Urban,Sandy,957.4,0,0,0
Bihar - Kosi Basin,154.1,30.6,72.9,415.1,1.0,248.4,Agricultural,Silt,1175.5,0,0,0
Andhra Pradesh - Krishna Basin,900.0,28.1,58.9,395.3,5.27,52.4,Forest,Silt,524.9,1,0,1
Andhra Pradesh - Krishna Basin,400.1,31.0,63.5,814.7,4.1,317.1,Water Body,Silt,747.5,0,1,1
Tamil Nadu - Cauvery Basin,256.8,27.0,75.4,98.3,1.6,110.0,Urban,Clay,429.6,0,0,0
West Bengal - Ganga Delta,36.9,28.2,80.8,74.3,1.52,307.1,Agricultural,Sandy,347.5,1,1,0
Gujarat - Narmada Basin,201.0,30.1,68.2,108.6,2.19,439.3,Forest,Loam,287.4,1,0,0
Odisha - Mahanadi Basin,202.1,29.7,79.1,422.4,2.76,134.7,Water Body,Loam,559.8,1,0,0
Punjab - Sutlej Basin,201.9,22.4,81.0,180.8,3.76,231.3,Forest,Sandy,399.7,0,0,0
Uttar Pradesh - Ghaghara Basin,571.8,30.8,43.3,496.4,6.92,295.0,Forest,Peat,471.5,1,0,1
Uttar Pradesh - Ghaghara Basin,66.4,22.8,95.2,327.3,3.11,96.9,Urban,Silt,509.1,1,0,0
Punjab - Sutlej Basin,75.4,22.4,94.7,60.7,5.25,79.2,Forest,Peat,566.6,0,0,0
Uttar Pradesh - Ghaghara Basin,227.1,31.8,86.7,311.0,1.26,171.4,Urban,Loam,795.4,1,0,0
Odisha - Mahanadi Basin,515.5,28.2,65.3,627.8,7.01,123.4,Agricultural,Loam,198.7,0,0,1
Punjab - Sutlej Basin,362.6,30.1,48.5,492.5,12.35,107.4,Agricultural,Loam,751.0,0,1,1
Odisha - Mahanadi Basin,62.0,32.4,98.6,795.9,1.35,120.8,Agricultural,Clay,354.2,1,0,0
Assam - Brahmaputra Basin,111.6,28.3,68.3,391.6,5.61,176.7,Forest,Clay,692.5,0,0,0
Andhra Pradesh - Krishna Basin,285.8,23.8,63.5,258.5,6.36,402.5,Urban,Clay,632.4,1,0,0
Tamil Nadu - Cauvery Basin,90.6,30.7,71.3,249.9,6.42,199.5,Water Body,Loam,504.5,1,1,0
Uttar Pradesh - Ghaghara Basin,325.9,35.1,91.2,153.8,2.85,403.9,Urban,Silt,1640.5,1,1,1
Kerala - Periyar Basin,231.8,31.9,55.7,83.6,6.34,171.5,Water Body,Sandy,710.8,0,0,1
Bihar - Kosi Basin,433.8,21.1,64.9,88.0,6.46,104.3,Forest,Loam,1434.1,1,1,0
West Bengal - Ganga Delta,99.3,25.4,73.1,8.2,5.84,270.6,Agricultural,Silt,833.7,1,0,0
Bihar - Kosi Basin,238.9,22.3,81.2,132.7,3.25,416.4,Urban,Peat,2005.4,1,0,0
Punjab - Sutlej Basin,340.1,27.6,45.9,507.5,4.39,157.1,Agricultural,Clay,249.9,1,1,0
Punjab - Sutlej Basin,269.5,31.2,56.1,442.8,1.85,58.7,Urban,Clay,174.3,0,0,0
Karnataka - Tungabhadra Basin,764.4,23.8,66.6,305.4,1.88,113.9,Forest,Clay,1106.8,1,1,1
Punjab - Sutlej Basin,271.6,31.6,100.0,1138.2,4.38,29.4,Agricultural,Peat,1220.0,1,0,0
Kerala - Periyar Basin,314.9,30.0,90.4,325.8,1.62,82.9,Agricultural,Sandy,204.7,1,1,0
West Bengal - Ganga Delta,58.3,27.3,66.9,475.3,2.56,104.1,Agricultural,Clay,1449.7,0,1,1
Maharashtra - Godavari Basin,161.1,19.1,44.6,166.0,6.96,258.1,Forest,Silt,626.9,0,0,0
Bihar - Kosi Basin,403.0,29.3,68.4,633.5,2.72,183.4,Urban,Clay,23.4,1,0,0
Telangana - Godavari Basin,225.4,34.1,67.9,768.0,2.65,60.9,Water Body,Clay,588.8,1,1,0
West Bengal - Ganga Delta,608.6,28.9,77.1,309.0,5.84,135.8,Forest,Clay,1641.5,0,1,1
Madhya Pradesh - Chambal Basin,214.3,26.1,67.8,378.4,2.81,76.2,Forest,Silt,504.8,0,1,0
Punjab - Sutlej Basin,128.1,29.6,46.2,266.1,5.11,108.3,Agricultural,Clay,640.0,1,1,0
Kerala - Periyar Basin,92.1,36.1,75.6,368.5,3.65,135.5,Agricultural,Clay,446.9,1,0,0
Odisha - Mahanadi Basin,687.6,27.3,46.6,572.1,1.17,190.6,Forest,Loam,733.8,1,0,0
Gujarat - Narmada Basin,158.4,21.8,87.3,309.5,2.79,4.7,Urban,Silt,1647.1,0,1,0
Rajasthan - Luni Basin,231.4,32.4,70.1,500.4,2.45,150.1,Agricultural,Clay,502.3,1,1,0
Andhra Pradesh - Krishna Basin,64.4,25.0,72.8,9.9,9.44,113.5,Urban,Loam,196.8,1,1,0
Rajasthan - Luni Basin,154.4,29.5,72.0,491.5,11.05,107.6,Agricultural,Loam,450.2,1,1,0
Madhya Pradesh - Chambal Basin,92.0,29.4,57.9,153.0,6.16,468.9,Agricultural,Loam,984.0,0,0,0
Odisha - Mahanadi Basin,249.7,34.4,79.4,496.2,2.25,119.4,Agricultural,Sandy,276.5,0,1,0
West Bengal - Ganga Delta,222.8,31.3,60.2,941.5,8.07,195.1,Agricultural,Silt,928.4,1,0,0
Punjab - Sutlej Basin,132.6,29.2,68.0,732.1,10.98,74.5,Urban,Loam,166.1,1,1,1
Gujarat - Narmada Basin,374.9,26.8,77.6,402.1,1.9,79.4,Forest,Sandy,1398.5,1,0,0
Punjab - Sutlej Basin,476.3,26.9,66.3,762.4,3.06,259.5,Desert,Loam,395.5,1,0,0
Gujarat - Narmada Basin,88.5,32.1,99.2,114.1,4.5,96.2,Agricultural,Sandy,1462.8,1,1,0
Telangana - Godavari Basin,148.1,26.4,61.3,391.0,1.18,94.2,Agricultural,Silt,1265.1,1,1,0
Odisha - Mahanadi Basin,25.3,26.7,68.6,483.3,10.6,138.9,Water Body,Loam,1370.3,1,0,0
Assam - Brahmaputra Basin,95.1,25.5,49.0,413.6,4.7,373.4,Agricultural,Clay,1302.6,0,0,0
Tamil Nadu - Cauvery Basin,134.0,21.2,41.8,1813.0,2.61,297.1,Forest,Sandy,1063.7,1,0,0
Punjab - Sutlej Basin,135.4,32.7,63.3,418.0,2.71,97.1,Urban,Loam,418.6,0,1,0
Kerala - Periyar Basin,67.5,22.6,70.8,359.6,2.58,235.8,Forest,Clay,637.4,1,0,0
Punjab - Sutlej Basin,160.7,27.5,80.2,248.9,1.15,141.9,Forest,Loam,416.8,1,1,0
West Bengal - Ganga Delta,349.8,23.4,80.6,376.8,3.87,107.0,Urban,Silt,481.5,1,0,0
Punjab - Sutlej Basin,457.1,28.4,58.6,852.3,6.43,323.7,Agricultural,Silt,438.9,1,0,0
Gujarat - Narmada Basin,247.8,31.6,80.2,786.2,1.38,64.4,Urban,Peat,676.3,0,1,1
Kerala - Periyar Basin,382.0,29.6,45.3,357.2,4.61,49.2,Agricultural,Loam,994.1,0,0,0
Uttar Pradesh - Ghaghara Basin,90.4,31.7,65.5,1222.6,4.57,72.9,Agricultural,Sandy,494.6,1,0,0
Karnataka - Tungabhadra Basin,417.7,23.2,68.7,444.7,3.47,191.7,Forest,Clay,624.5,1,0,0
Rajasthan - Luni Basin,301.0,23.9,76.6,249.5,4.47,344.5,Urban,Sandy,490.4,1,0,0
Andhra Pradesh - Krishna Basin,324.5,28.9,50.2,330.5,4.55,168.0,Agricultural,Clay,550.9,1,0,0
West Bengal - Ganga Delta,57.4,31.7,55.5,697.1,1.67,131.9,Forest,Peat,261.0,1,0,0
Rajasthan - Luni Basin,386.2,33.6,63.0,1014.4,4.49,200.8,Urban,Peat,393.6,1,0,1
Assam - Brahmaputra Basin,302.1,30.8,65.9,236.4,1.08,113.2,Forest,Loam,1117.2,1,1,0
Tamil Nadu - Cauvery Basin,345.6,35.9,75.8,375.5,1.32,108.1,Water Body,Peat,426.2,0,1,1
Odisha - Mahanadi Basin,257.4,31.0,83.5,183.1,3.46,30.3,Forest,Loam,939.1,1,1,0
West Bengal - Ganga Delta,247.6,24.5,37.9,1718.6,3.83,220.9,Agricultural,Peat,281.5,1,1,1
Kerala - Periyar Basin,126.9,26.5,39.6,137.4,4.68,51.7,Agricultural,Silt,446.4,0,1,0
Rajasthan - Luni Basin,138.9,30.8,72.5,123.8,4.37,161.3,Agricultural,Clay,1612.5,1,0,0
Maharashtra - Godavari Basin,495.5,35.1,74.5,814.3,1.83,50.0,Water Body,Silt,621.8,0,0,1
Bihar - Kosi Basin,105.3,30.7,39.7,38.7,7.19,160.9,Agricultural,Silt,289.9,1,1,0
Tamil Nadu - Cauvery Basin,152.6,24.4,82.8,286.9,1.6,107.3,Forest,Clay,375.9,0,0,0
Gujarat - Narmada Basin,279.5,22.4,58.3,376.0,3.91,69.1,Urban,Sandy,256.6,1,1,1
West Bengal - Ganga Delta,518.6,37.7,92.3,1089.3,15.99,419.2,Urban,Clay,544.3,0,0,1
Gujarat - Narmada Basin,780.3,33.0,77.8,435.7,5.49,74.3,Forest,Silt,408.4,0,1,1
Gujarat - Narmada Basin,75.6,29.7,50.1,710.1,5.75,168.1,Forest,Silt,538.6,0,1,0
Kerala - Periyar Basin,33.1,29.1,81.5,645.6,1.71,157.3,Agricultural,Loam,1082.9,1,0,0
Uttar Pradesh - Ghaghara Basin,212.3,32.8,82.2,172.3,1.51,126.1,Forest,Loam,1297.1,1,0,0
Rajasthan - Luni Basin,54.3,23.5,71.7,43.9,2.64,87.9,Urban,Silt,856.9,1,1,0
Maharashtra - Godavari Basin,75.5,33.9,73.2,174.1,4.21,255.8,Agricultural,Clay,364.4,1,1,0
Rajasthan - Luni Basin,563.1,30.4,80.2,460.9,11.74,315.9,Water Body,Loam,453.0,0,1,1
Maharashtra - Godavari Basin,172.3,23.6,45.7,738.2,8.25,225.6,Urban,Loam,549.6,0,1,1
Bihar - Kosi Basin,313.4,23.1,72.8,515.6,12.0,78.9,Forest,Silt,348.4,1,0,0
Bihar - Kosi Basin,417.7,28.2,90.6,636.0,7.08,192.2,Water Body,Clay,67.8,1,1,1
Uttar Pradesh - Ghaghara Basin,196.1,31.9,64.4,880.9,6.94,289.4,Forest,Sandy,399.8,1,0,0
Madhya Pradesh - Chambal Basin,92.6,26.8,65.1,518.5,1.88,46.9,Agricultural,Sandy,1013.9,1,1,0
Tamil Nadu - Cauvery Basin,216.2,25.2,84.2,811.4,2.51,197.1,Water Body,Sandy,169.6,1,1,0
Odisha - Mahanadi Basin,418.3,35.2,55.0,267.4,8.22,231.1,Water Body,Peat,627.9,0,1,1
West Bengal - Ganga Delta,143.7,23.0,59.4,804.0,3.58,216.9,Agricultural,Silt,247.9,1,0,0
Madhya Pradesh - Chambal Basin,237.7,25.1,76.2,635.6,3.64,45.8,Water Body,Sandy,607.3,1,0,0
Bihar - Kosi Basin,145.4,31.7,89.0,168.5,10.79,120.3,Forest,Clay,128.8,1,1,0
Assam - Brahmaputra Basin,157.2,29.8,75.7,111.1,6.28,53.7,Urban,Silt,1772.3,0,0,0
West Bengal - Ganga Delta,118.1,27.0,74.5,997.8,1.83,299.6,Urban,Loam,598.5,0,0,0
West Bengal - Ganga Delta,279.5,26.1,66.9,846.6,4.69,416.5,Agricultural,Silt,1118.4,1,1,0
Andhra Pradesh - Krishna Basin,118.7,30.8,79.7,171.8,3.42,22.7,Agricultural,Sandy,691.0,1,0,0
Uttar Pradesh - Ghaghara Basin,40.8,31.3,53.1,506.3,1.29,199.4,Urban,Loam,255.9,0,0,0
Bihar - Kosi Basin,720.5,24.8,52.8,439.0,3.42,37.7,Urban,Loam,583.9,0,1,1
Tamil Nadu - Cauvery Basin,381.1,23.0,84.0,307.1,2.29,318.9,Agricultural,Clay,467.8,1,1,0
Tamil Nadu - Cauvery Basin,228.3,28.9,78.3,199.9,2.42,325.0,Forest,Clay,281.4,1,0,0
Karnataka - Tungabhadra Basin,193.3,31.7,85.7,85.4,2.86,165.1,Desert,Clay,708.7,0,0,0
Bihar - Kosi Basin,17.7,30.8,83.4,859.2,9.88,247.5,Urban,Loam,159.9,1,1,1
Andhra Pradesh - Krishna Basin,715.8,23.2,39.8,235.0,0.22,108.8,Desert,Clay,669.3,0,0,1
Uttar Pradesh - Ghaghara Basin,394.7,36.7,65.2,1084.0,4.53,73.7,Urban,Peat,2579.3,1,0,1
West Bengal - Ganga Delta,23.6,28.7,87.4,409.2,2.69,55.0,Forest,Peat,1169.0,0,0,0
Uttar Pradesh - Ghaghara Basin,233.3,30.3,85.6,663.3,2.5,382.6,Urban,Clay,354.0,0,0,1
Gujarat - Narmada Basin,253.8,26.9,64.0,366.9,5.33,36.1,Water Body,Sandy,378.2,1,1,0
Rajasthan - Luni Basin,302.1,25.0,90.7,486.9,3.45,292.1,Agricultural,Silt,127.8,1,0,0
Maharashtra - Godavari Basin,135.4,25.9,74.5,513.3,6.72,119.1,Agricultural,Loam,279.1,0,0,0
Maharashtra - Godavari Basin,329.7,24.1,67.8,660.5,4.75,416.4,Agricultural,Clay,214.6,1,1,0
Andhra Pradesh - Krishna Basin,299.3,30.5,100.0,120.3,3.18,76.6,Agricultural,Silt,1106.4,0,0,0
Tamil Nadu - Cauvery Basin,235.7,28.4,68.7,658.3,4.44,38.8,Agricultural,Silt,611.2,1,1,0
Punjab - Sutlej Basin,182.2,35.7,53.6,293.6,3.33,159.8,Urban,Silt,781.5,1,1,0
Rajasthan - Luni Basin,192.3,25.1,39.9,101.8,1.56,106.8,Urban,Loam,349.0,0,0,0
Assam - Brahmaputra Basin,124.0,26.3,63.9,249.1,6.63,79.5,Desert,Sandy,422.9,1,0,0
Rajasthan - Luni Basin,433.1,22.7,61.6,141.6,8.26,163.1,Agricultural,Sandy,411.2,1,1,0
Karnataka - Tungabhadra Basin,26.6,25.5,54.1,641.3,2.6,236.1,Water Body,Loam,663.7,0,1,1
Kerala - Periyar Basin,350.6,29.8,64.6,368.8,3.68,469.1,Forest,Loam,2640.6,1,0,0
Bihar - Kosi Basin,49.8,30.2,70.9,1270.5,1.15,408.4,Agricultural,Silt,711.6,1,1,0
Uttar Pradesh - Ghaghara Basin,101.1,26.0,77.2,267.6,2.23,115.8,Urban,Silt,244.4,0,0,0
Rajasthan - Luni Basin,93.9,25.2,69.9,447.7,1.7,152.6,Forest,Silt,1511.5,1,0,0
Punjab - Sutlej Basin,216.4,34.4,57.4,1159.3,3.8,239.9,Agricultural,Peat,1342.8,1,1,0
Assam - Brahmaputra Basin,259.3,31.9,83.6,188.8,5.09,78.8,Urban,Clay,11.7,1,1,0
Punjab - Sutlej Basin,356.6,31.3,85.5,575.7,7.15,459.5,Urban,Loam,61.9,0,0,1
Bihar - Kosi Basin,76.8,33.9,69.3,590.3,3.6,293.7,Agricultural,Sandy,313.9,1,0,0
West Bengal - Ganga Delta,41.1,26.1,72.9,374.6,16.36,22.0,Forest,Sandy,502.0,0,1,1
Karnataka - Tungabhadra Basin,271.7,25.8,68.2,641.9,6.54,199.0,Agricultural,Loam,255.2,1,0,0
Maharashtra - Godavari Basin,242.3,28.2,53.4,110.9,10.67,171.3,Forest,Clay,1153.0,1,0,0
Punjab - Sutlej Basin,90.7,30.7,82.6,442.2,2.61,99.9,Agricultural,Loam,1191.5,1,1,0
Rajasthan - Luni Basin,134.3,19.8,79.4,502.7,1.37,34.9,Agricultural,Clay,578.0,0,0,0
Uttar Pradesh - Ghaghara Basin,626.8,26.1,82.5,930.5,2.69,496.5,Agricultural,Silt,880.9,1,0,0
Bihar - Kosi Basin,148.6,26.5,52.8,417.5,4.04,138.2,Agricultural,Loam,234.7,0,0,0
Kerala - Periyar Basin,211.1,32.8,71.9,1997.2,9.54,164.9,Urban,Silt,383.0,0,0,1
Andhra Pradesh - Krishna Basin,122.1,29.8,60.8,199.7,4.06,123.1,Forest,Sandy,910.3,1,1,0
Madhya Pradesh - Chambal Basin,342.0,27.4,100.0,48.3,2.49,281.7,Forest,Loam,658.9,1,1,0
Assam - Brahmaputra Basin,137.8,33.1,100.0,424.3,4.9,471.2,Forest,Silt,86.0,0,1,0
Punjab - Sutlej Basin,68.2,25.9,43.2,404.4,4.58,38.4,Agricultural,Clay,1018.4,0,1,0
Bihar - Kosi Basin,211.6,27.0,48.0,461.1,7.9,88.1,Water Body,Loam,506.3,1,1,1
Kerala - Periyar Basin,219.0,32.1,95.9,1327.8,10.53,171.9,Agricultural,Clay,944.7,1,1,1
Tamil Nadu - Cauvery Basin,124.4,23.0,76.8,273.4,2.8,104.8,Agricultural,Silt,1265.2,1,0,0
Telangana - Godavari Basin,148.9,32.2,64.1,270.9,3.32,61.1,Forest,Sandy,784.7,0,1,0
Rajasthan - Luni Basin,272.3,22.1,67.7,877.5,2.1,41.8,Agricultural,Silt,538.9,1,1,0
Kerala - Periyar Basin,111.5,30.6,63.5,777.0,10.97,104.3,Desert,Sandy,966.5,1,0,0
Gujarat - Narmada Basin,183.4,28.7,69.0,601.7,13.04,128.8,Desert,Sandy,841.2,1,0,0
Maharashtra - Godavari Basin,197.9,27.6,56.1,174.6,2.23,310.5,Desert,Peat,662.0,1,1,0
Punjab - Sutlej Basin,73.9,25.0,67.8,959.1,1.68,374.1,Agricultural,Sandy,1060.5,1,1,0
Assam - Brahmaputra Basin,93.3,34.4,62.9,1275.2,4.28,84.0,Agricultural,Loam,1816.1,0,0,1
Uttar Pradesh - Ghaghara Basin,187.3,29.6,73.7,255.5,3.78,33.1,Forest,Sandy,34.4,1,1,0
Telangana - Godavari Basin,191.5,22.5,45.6,517.2,2.05,80.1,Agricultural,Loam,1029.3,0,0,0
Andhra Pradesh - Krishna Basin,410.3,23.9,74.1,1025.4,6.61,54.5,Urban,Clay,123.0,1,0,1
Tamil Nadu - Cauvery Basin,53.1,26.9,85.0,141.8,6.35,161.4,Forest,Clay,332.1,0,1,0
Odisha - Mahanadi Basin,207.0,35.8,78.2,316.0,4.29,209.1,Agricultural,Clay,330.5,1,1,0
Andhra Pradesh - Krishna Basin,111.3,27.2,100.0,497.1,2.43,122.6,Agricultural,Loam,370.7,0,0,0
Karnataka - Tungabhadra Basin,235.8,33.4,46.8,1640.0,4.73,9.9,Agricultural,Sandy,293.0,0,0,1
Kerala - Periyar Basin,191.7,21.1,71.3,233.1,7.08,80.8,Desert,Loam,650.7,1,0,0
West Bengal - Ganga Delta,165.7,27.6,55.4,84.4,9.51,155.0,Urban,Silt,428.7,1,0,0
Assam - Brahmaputra Basin,196.6,25.6,72.4,398.1,3.56,144.8,Forest,Peat,9.2,1,0,0
Maharashtra - Godavari Basin,208.8,28.0,45.5,580.1,7.92,152.8,Forest,Clay,1508.3,0,0,1
Odisha - Mahanadi Basin,167.8,25.5,72.0,677.9,0.76,159.5,Agricultural,Loam,1017.9,1,0,0
Karnataka - Tungabhadra Basin,611.8,28.4,67.5,73.7,1.35,66.3,Agricultural,Sandy,98.5,1,0,0
Andhra Pradesh - Krishna Basin,321.5,31.3,71.8,636.5,4.21,421.4,Urban,Clay,643.4,1,0,0
Punjab - Sutlej Basin,102.5,30.9,61.4,396.7,5.4,190.8,Agricultural,Sandy,585.6,1,0,0
Odisha - Mahanadi Basin,45.4,29.1,39.3,1100.0,4.4,84.2,Agricultural,Peat,1175.3,1,0,0
Assam - Brahmaputra Basin,144.0,31.0,31.9,213.6,9.19,139.5,Water Body,Silt,1454.9,0,0,0
Rajasthan - Luni Basin,363.8,32.8,69.9,217.8,7.74,177.8,Forest,Silt,641.3,0,1,0
Punjab - Sutlej Basin,110.7,21.7,61.9,773.0,4.59,120.7,Forest,Loam,136.9,1,0,0
Andhra Pradesh - Krishna Basin,106.8,23.2,59.3,1411.4,4.43,474.5,Agricultural,Loam,200.1,1,1,0
Odisha - Mahanadi Basin,78.3,27.8,68.1,548.0,5.23,78.5,Urban,Loam,418.8,1,1,0
Odisha - Mahanadi Basin,173.8,27.9,72.0,496.7,3.27,105.6,Forest,Silt,737.1,1,1,0
Assam - Brahmaputra Basin,86.8,38.3,54.7,302.4,5.72,93.3,Agricultural,Sandy,1012.3,1,0,0
Andhra Pradesh - Krishna Basin,49.2,25.6,73.5,127.5,3.26,357.7,Water Body,Silt,1612.1,0,0,0
Maharashtra - Godavari Basin,149.8,29.6,44.2,25.0,1.9,34.2,Urban,Loam,762.4,1,1,0
Rajasthan - Luni Basin,100.5,29.1,70.0,646.8,6.29,305.5,Desert,Sandy,379.6,0,0,0
Kerala - Periyar Basin,171.3,22.0,83.0,1540.6,2.61,121.0,Urban,Sandy,86.4,1,0,0
Rajasthan - Luni Basin,351.0,23.9,87.3,347.1,2.14,213.0,Agricultural,Clay,227.9,1,0,0
Uttar Pradesh - Ghaghara Basin,13.1,27.1,76.2,487.0,6.53,14.9,Desert,Clay,236.9,1,1,0
Tamil Nadu - Cauvery Basin,304.7,27.7,76.5,1146.6,3.98,247.4,Urban,Loam,932.8,1,0,0
Karnataka - Tungabhadra Basin,321.2,34.2,83.6,168.2,2.33,117.1,Water Body,Loam,388.0,1,0,0
Madhya Pradesh - Chambal Basin,38.8,32.2,53.1,135.3,16.41,249.7,Urban,Loam,806.0,0,1,1
West Bengal - Ganga Delta,113.2,23.3,88.6,1296.7,3.04,96.9,Agricultural,Sandy,242.8,0,1,1
Odisha - Mahanadi Basin,53.3,29.2,56.7,795.6,4.9,197.1,Urban,Loam,994.6,1,0,0
Karnataka - Tungabhadra Basin,167.3,24.8,74.9,509.0,7.67,178.5,Urban,Peat,1698.4,1,0,0
Kerala - Periyar Basin,97.3,29.1,95.7,417.4,8.41,384.0,Agricultural,Clay,227.1,1,1,0
Karnataka - Tungabhadra Basin,323.3,20.2,70.1,641.2,6.61,217.6,Water Body,Loam,256.5,1,0,0
Madhya Pradesh - Chambal Basin,94.4,24.7,66.7,322.4,9.35,157.1,Water Body,Loam,765.9,1,1,0
Kerala - Periyar Basin,664.1,28.6,52.5,443.2,5.41,85.3,Forest,Sandy,509.2,0,0,1
Bihar - Kosi Basin,337.9,21.9,93.2,135.2,5.84,302.8,Desert,Clay,277.4,1,0,0
Karnataka - Tungabhadra Basin,99.5,22.5,89.5,588.8,3.97,35.9,Agricultural,Loam,1929.8,1,0,0
Bihar - Kosi Basin,351.6,29.7,85.3,168.2,9.97,167.5,Water Body,Peat,253.9,1,0,0
Andhra Pradesh - Krishna Basin,216.5,28.8,56.3,667.2,3.11,55.9,Forest,Silt,431.1,0,0,0
West Bengal - Ganga Delta,180.2,26.8,67.4,562.4,2.51,203.8,Agricultural,Clay,682.7,1,1,0
West Bengal - Ganga Delta,219.7,28.4,75.3,729.0,1.93,310.3,Urban,Silt,606.9,1,1,0
Andhra Pradesh - Krishna Basin,136.6,23.7,41.5,640.9,6.2,387.4,Agricultural,Loam,1216.0,0,1,1
Maharashtra - Godavari Basin,267.8,34.4,53.4,759.3,14.96,93.9,Agricultural,Silt,743.4,1,0,1
Odisha - Mahanadi Basin,102.5,35.1,69.5,762.4,7.56,511.2,Urban,Loam,1228.4,0,0,1
Madhya Pradesh - Chambal Basin,307.9,25.6,49.8,267.6,2.75,396.1,Forest,Silt,402.8,1,1,0
Punjab - Sutlej Basin,371.4,28.3,86.6,265.8,3.24,136.3,Urban,Silt,828.6,1,1,0
Punjab - Sutlej Basin,232.9,19.9,74.9,951.2,7.84,173.4,Agricultural,Loam,367.8,0,1,1
Rajasthan - Luni Basin,133.3,23.6,61.2,536.8,6.29,253.0,Forest,Silt,115.6,1,1,0
Madhya Pradesh - Chambal Basin,90.6,35.2,52.0,377.6,7.16,384.6,Desert,Sandy,550.5,0,0,1
West Bengal - Ganga Delta,458.3,32.6,70.7,365.8,9.88,212.8,Forest,Peat,399.1,0,1,1
Assam - Brahmaputra Basin,365.3,28.7,100.0,484.3,1.62,261.3,Urban,Clay,701.4,0,0,0
Rajasthan - Luni Basin,198.9,31.1,54.4,242.2,3.09,366.1,Urban,Peat,404.7,0,1,0
Madhya Pradesh - Chambal Basin,208.8,29.7,62.8,133.7,3.18,20.0,Desert,Sandy,1869.1,1,1,0
Rajasthan - Luni Basin,374.2,26.4,67.8,1008.3,1.61,91.2,Urban,Loam,581.2,0,0,1
Andhra Pradesh - Krishna Basin,516.6,24.5,64.6,416.6,4.3,237.0,Urban,Sandy,252.9,1,0,0
Punjab - Sutlej Basin,232.2,19.8,58.7,506.9,2.86,110.5,Agricultural,Peat,542.3,0,1,0
Uttar Pradesh - Ghaghara Basin,348.3,27.8,77.8,906.4,6.15,160.9,Urban,Loam,1340.1,0,0,1
Kerala - Periyar Basin,169.7,23.4,58.8,397.0,4.77,54.6,Agricultural,Silt,948.9,1,1,0
Telangana - Godavari Basin,302.1,29.1,72.8,590.3,4.68,61.2,Forest,Loam,1109.1,1,1,0
Bihar - Kosi Basin,292.6,23.3,88.1,318.8,2.15,9.0,Water Body,Clay,45.8,1,1,0
Kerala - Periyar Basin,270.0,29.9,81.4,616.9,1.36,99.6,Forest,Peat,494.4,0,0,0
Maharashtra - Godavari Basin,117.5,25.7,62.0,330.7,3.81,251.5,Forest,Loam,553.5,1,1,0
Assam - Brahmaputra Basin,81.7,22.7,33.5,844.8,6.82,173.2,Agricultural,Sandy,1600.6,1,0,0
Maharashtra - Godavari Basin,78.5,20.3,85.9,282.0,10.52,135.2,Agricultural,Silt,196.6,1,0,0
Maharashtra - Godavari Basin,596.8,30.2,51.8,765.4,0.52,516.8,Forest,Sandy,1331.8,1,0,0
Karnataka - Tungabhadra Basin,118.4,37.0,74.6,227.8,1.77,282.7,Desert,Silt,133.5,1,1,0
Kerala - Periyar Basin,173.1,30.3,98.4,949.4,3.72,148.5,Water Body,Clay,337.9,0,0,1
Rajasthan - Luni Basin,170.0,21.3,70.1,347.1,4.87,203.9,Forest,Sandy,1258.4,1,0,0
Karnataka - Tungabhadra Basin,31.3,25.0,63.8,402.3,3.47,156.6,Desert,Loam,566.2,1,1,0
West Bengal - Ganga Delta,219.3,31.4,53.6,2097.2,13.97,62.7,Water Body,Clay,695.4,1,0,1
Madhya Pradesh - Chambal Basin,163.8,27.0,80.6,170.4,1.75,260.7,Forest,Sandy,648.5,0,0,0
Andhra Pradesh - Krishna Basin,100.0,29.3,68.3,134.8,3.15,386.2,Forest,Sandy,338.8,1,0,0
Odisha - Mahanadi Basin,210.5,18.0,66.7,411.9,6.71,369.0,Desert,Peat,298.0,1,0,0
Telangana - Godavari Basin,603.9,33.3,51.4,533.2,1.62,75.0,Urban,Loam,1440.8,1,1,0
Odisha - Mahanadi Basin,146.7,34.8,61.7,561.7,2.35,63.0,Water Body,Sandy,553.6,0,0,0
Kerala - Periyar Basin,358.5,38.4,84.1,415.9,2.36,272.3,Urban,Silt,960.7,1,0,0
Uttar Pradesh - Ghaghara Basin,127.2,27.6,87.1,227.3,1.82,249.2,Urban,Loam,367.0,0,0,0
Bihar - Kosi Basin,178.3,23.2,82.9,602.5,4.13,280.0,Forest,Loam,379.3,1,0,0
Odisha - Mahanadi Basin,134.6,29.8,62.6,596.5,2.4,539.9,Agricultural,Silt,502.4,1,0,0
Madhya Pradesh - Chambal Basin,311.2,30.4,52.2,158.5,1.3,377.2,Urban,Peat,364.1,1,1,0
Tamil Nadu - Cauvery Basin,162.2,26.6,52.7,160.2,4.56,279.3,Agricultural,Clay,1420.8,1,0,0
Kerala - Periyar Basin,340.6,21.9,58.0,180.3,1.52,288.1,Water Body,Clay,570.2,1,0,0
West Bengal - Ganga Delta,117.7,27.8,66.6,557.8,0.49,352.6,Forest,Clay,788.5,0,1,0
Madhya Pradesh - Chambal Basin,374.5,27.9,68.9,241.6,1.68,85.7,Agricultural,Clay,119.5,0,1,1
Maharashtra - Godavari Basin,172.0,23.8,79.4,441.9,4.91,78.7,Urban,Clay,291.2,1,1,0
Uttar Pradesh - Ghaghara Basin,219.7,24.3,58.5,484.5,0.81,248.0,Agricultural,Clay,405.5,0,1,0
Telangana - Godavari Basin,560.0,31.8,80.6,321.2,5.51,36.3,Urban,Peat,643.3,1,1,1
Andhra Pradesh - Krishna Basin,107.7,24.3,72.8,1111.1,3.06,84.0,Agricultural,Peat,1441.3,1,1,0
Maharashtra - Godavari Basin,144.6,22.7,67.1,443.4,3.89,342.0,Forest,Silt,269.2,0,1,0
Punjab - Sutlej Basin,232.6,26.2,63.8,604.9,8.47,526.3,Forest,Silt,208.4,1,0,0
Andhra Pradesh - Krishna Basin,95.7,23.7,58.1,346.4,5.4,274.6,Urban,Clay,252.2,1,1,0
Andhra Pradesh - Krishna Basin,90.9,22.5,61.2,509.1,4.0,37.1,Agricultural,Clay,234.4,1,0,0
Kerala - Periyar Basin,101.7,22.3,62.6,407.7,5.37,164.2,Forest,Silt,175.3,0,1,0
Andhra Pradesh - Krishna Basin,261.1,23.5,82.2,251.2,4.65,136.1,Urban,Sandy,1054.6,1,1,0
Tamil Nadu - Cauvery Basin,163.7,27.6,59.4,174.6,2.53,462.2,Agricultural,Clay,205.1,0,0,0
Maharashtra - Godavari Basin,163.6,30.9,38.8,278.2,4.93,478.8,Agricultural,Loam,256.4,1,0,0
Kerala - Periyar Basin,184.8,24.0,65.8,439.1,2.65,179.4,Forest,Sandy,791.8,0,1,0
Uttar Pradesh - Ghaghara Basin,112.9,26.8,79.3,1059.8,1.58,395.0,Agricultural,Loam,458.3,1,1,0
Rajasthan - Luni Basin,253.4,31.0,77.4,365.7,2.7,83.6,Agricultural,Sandy,559.5,1,0,0
Madhya Pradesh - Chambal Basin,166.5,28.0,61.8,342.2,1.69,14.2,Agricultural,Loam,683.3,0,0,0
Assam - Brahmaputra Basin,243.5,19.9,93.9,118.6,0.27,54.7,Desert,Loam,519.1,0,0,0
Tamil Nadu - Cauvery Basin,189.2,26.2,56.9,467.7,1.2,29.8,Urban,Sandy,841.5,0,1,1
Odisha - Mahanadi Basin,232.7,31.6,37.4,209.5,3.31,23.1,Urban,Loam,320.6,0,1,1
Tamil Nadu - Cauvery Basin,517.9,30.0,73.7,643.6,5.3,95.9,Water Body,Sandy,594.8,1,0,1
Maharashtra - Godavari Basin,109.4,23.3,75.2,708.1,4.94,221.5,Agricultural,Sandy,99.0,1,1,0
Odisha - Mahanadi Basin,152.9,29.1,67.9,323.4,2.51,214.8,Desert,Silt,755.7,0,1,1
Tamil Nadu - Cauvery Basin,194.9,28.4,51.4,115.2,5.25,121.9,Urban,Sandy,2268.9,1,1,0
Punjab - Sutlej Basin,232.4,23.0,62.1,192.9,5.52,326.7,Urban,Clay,979.1,1,1,0
Bihar - Kosi Basin,124.7,32.3,80.0,416.8,3.04,75.8,Desert,Loam,1248.4,1,1,0
Madhya Pradesh - Chambal Basin,155.0,34.3,53.8,322.5,5.17,263.7,Water Body,Sandy,644.4,0,0,0
Bihar - Kosi Basin,127.8,30.8,68.1,760.6,7.14,213.3,Urban,Peat,1856.0,1,1,0
Telangana - Godavari Basin,447.8,25.6,77.5,158.0,2.04,90.5,Forest,Sandy,706.0,0,0,0
Gujarat - Narmada Basin,321.2,28.7,84.3,598.2,6.15,151.8,Forest,Clay,1142.9,1,0,0
Bihar - Kosi Basin,82.0,23.6,100.0,367.8,10.62,105.6,Forest,Sandy,699.5,0,0,0
Maharashtra - Godavari Basin,212.0,28.5,71.7,495.1,2.95,24.5,Agricultural,Sandy,405.2,0,0,0
Maharashtra - Godavari Basin,79.3,20.6,58.2,187.4,7.4,256.2,Forest,Loam,934.5,1,0,0
Gujarat - Narmada Basin,137.0,27.8,72.6,632.5,9.92,92.1,Urban,Sandy,1506.2,1,0,0
Assam - Brahmaputra Basin,177.2,27.1,59.5,313.4,4.48,53.4,Forest,Loam,580.6,1,1,0
Madhya Pradesh - Chambal Basin,363.4,31.8,65.8,358.8,2.6,211.9,Agricultural,Clay,476.5,1,0,0
Tamil Nadu - Cauvery Basin,139.8,28.8,83.5,261.2,3.04,155.7,Urban,Sandy,1338.7,0,0,0
Gujarat - Narmada Basin,117.2,26.5,71.1,498.8,6.02,96.3,Agricultural,Clay,1934.1,1,1,0
Tamil Nadu - Cauvery Basin,228.6,23.5,93.2,433.3,6.4,28.7,Water Body,Clay,501.1,0,1,1
Telangana - Godavari Basin,357.8,23.7,86.5,159.0,2.81,79.5,Agricultural,Sandy,401.4,1,1,0
Andhra Pradesh - Krishna Basin,305.7,28.1,73.7,996.4,1.83,35.9,Agricultural,Loam,1143.7,1,1,1
Madhya Pradesh - Chambal Basin,307.0,21.2,80.7,129.1,2.32,61.8,Forest,Silt,275.1,0,1,0
Bihar - Kosi Basin,183.6,35.7,71.2,431.9,15.03,418.7,Desert,Clay,424.1,0,0,0
Odisha - Mahanadi Basin,149.4,20.8,71.3,482.0,2.71,126.1,Urban,Silt,660.3,1,1,0
Telangana - Godavari Basin,184.9,29.9,42.1,524.7,7.62,223.2,Desert,Sandy,896.2,1,1,0
Uttar Pradesh - Ghaghara Basin,286.9,24.6,62.6,878.5,5.02,208.3,Agricultural,Silt,111.8,0,0,1
Madhya Pradesh - Chambal Basin,16.9,32.4,74.4,87.3,11.12,170.0,Forest,Silt,315.2,0,1,0
Telangana - Godavari Basin,101.2,30.9,86.0,797.3,5.83,195.2,Agricultural,Peat,1846.0,0,1,1
Rajasthan - Luni Basin,119.9,25.2,72.8,683.1,2.74,276.2,Desert,Clay,486.0,0,1,0
Punjab - Sutlej Basin,348.8,26.3,52.9,340.5,1.65,241.3,Agricultural,Loam,130.7,1,1,0
Bihar - Kosi Basin,126.5,24.4,57.3,215.9,3.05,73.2,Agricultural,Loam,160.0,1,0,0
Telangana - Godavari Basin,62.3,27.5,70.7,264.3,4.25,122.0,Urban,Clay,842.2,1,0,0
Bihar - Kosi Basin,395.0,32.2,73.1,1116.8,5.66,78.6,Agricultural,Sandy,632.8,0,0,1
Bihar - Kosi Basin,76.7,27.4,28.8,78.0,3.09,136.3,Desert,Loam,307.2,0,0,0
Bihar - Kosi Basin,259.0,27.0,68.3,736.5,12.13,73.3,Agricultural,Peat,128.6,1,1,1
Tamil Nadu - Cauvery Basin,74.8,29.8,68.0,86.3,0.78,295.9,Urban,Clay,152.4,0,0,0
Tamil Nadu - Cauvery Basin,263.7,26.1,75.3,366.2,4.56,158.9,Agricultural,Silt,706.9,0,0,0
Assam - Brahmaputra Basin,160.7,20.5,71.9,1514.6,5.16,263.0,Agricultural,Loam,295.8,0,1,1
Gujarat - Narmada Basin,100.6,34.3,87.1,514.5,2.19,259.1,Water Body,Sandy,163.7,1,1,0
Telangana - Godavari Basin,196.3,27.0,33.8,1079.3,3.45,483.9,Forest,Sandy,111.8,0,0,0
Karnataka - Tungabhadra Basin,49.7,28.3,68.3,344.6,5.51,29.4,Water Body,Loam,1814.4,1,0,0
Punjab - Sutlej Basin,257.4,27.8,99.6,899.9,1.63,379.6,Forest,Clay,1765.6,1,1,0
Maharashtra - Godavari Basin,91.0,21.8,77.9,204.7,4.14,270.2,Forest,Clay,625.7,1,0,0
Andhra Pradesh - Krishna Basin,146.5,33.3,73.3,274.0,4.03,111.8,Agricultural,Silt,1624.8,0,0,0
Assam - Brahmaputra Basin,262.2,31.5,67.6,666.7,6.79,209.8,Agricultural,Clay,630.7,0,0,1
Uttar Pradesh - Ghaghara Basin,85.1,25.0,84.3,719.5,1.72,328.7,Urban,Clay,734.5,0,0,0
Punjab - Sutlej Basin,326.2,33.9,69.6,907.1,13.59,85.9,Forest,Clay,399.5,1,1,1
Uttar Pradesh - Ghaghara Basin,153.6,21.7,74.3,34.1,1.52,623.3,Agricultural,Silt,207.1,1,1,0
Assam - Brahmaputra Basin,330.9,21.4,86.5,749.3,4.42,44.1,Agricultural,Clay,245.5,0,1,1
Uttar Pradesh - Ghaghara Basin,184.6,29.6,63.0,356.6,3.59,295.8,Agricultural,Silt,1065.9,1,0,0
Gujarat - Narmada Basin,478.7,33.3,87.5,845.1,4.3,264.4,Forest,Clay,1134.5,0,1,1
Tamil Nadu - Cauvery Basin,75.9,31.3,82.1,267.5,1.44,144.0,Desert,Loam,293.9,0,0,0
Punjab - Sutlej Basin,136.9,28.7,80.2,212.0,3.35,146.1,Urban,Sandy,68.6,0,0,0
Rajasthan - Luni Basin,225.8,18.2,57.8,173.7,9.8,127.5,Agricultural,Sandy,155.3,0,0,0
Telangana - Godavari Basin,404.8,24.6,72.7,773.8,4.23,19.2,Water Body,Silt,426.7,1,1,1
Maharashtra - Godavari Basin,219.5,30.9,59.3,192.6,5.17,144.4,Desert,Sandy,516.4,1,0,0
Rajasthan - Luni Basin,517.5,34.4,74.7,1524.5,1.41,79.6,Forest,Peat,892.7,1,1,1
Andhra Pradesh - Krishna Basin,18.5,29.0,47.5,17.4,4.53,101.5,Water Body,Sandy,1088.9,1,0,0
Karnataka - Tungabhadra Basin,136.5,35.9,68.9,737.6,3.5,185.0,Urban,Sandy,610.8,1,1,0
Bihar - Kosi Basin,273.1,21.4,42.0,225.2,8.05,84.0,Agricultural,Silt,501.8,0,1,1
Bihar - Kosi Basin,174.5,26.7,76.7,1446.9,3.6,296.9,Forest,Sandy,687.4,1,0,0
Odisha - Mahanadi Basin,208.3,29.8,71.8,515.1,6.28,157.4,Urban,Silt,53.6,0,1,1
Assam - Brahmaputra Basin,407.8,33.9,63.1,873.3,8.73,344.1,Agricultural,Silt,788.9,0,0,1
Madhya Pradesh - Chambal Basin,900.0,24.1,68.1,879.9,1.21,25.6,Agricultural,Peat,1936.6,0,1,1
Kerala - Periyar Basin,430.3,28.2,59.0,762.3,3.24,213.3,Water Body,Clay,1206.1,0,0,1
Telangana - Godavari Basin,464.1,22.7,58.3,531.9,3.0,56.8,Agricultural,Clay,1059.1,0,0,1
Uttar Pradesh - Ghaghara Basin,334.5,34.2,65.9,211.9,2.09,114.5,Agricultural,Clay,1061.7,1,0,0
Telangana - Godavari Basin,210.0,29.4,95.6,56.2,7.29,196.2,Desert,Peat,1256.6,1,0,0
Maharashtra - Godavari Basin,699.5,28.0,64.3,128.9,4.54,44.7,Agricultural,Clay,389.4,1,1,0
West Bengal - Ganga Delta,198.4,22.2,59.7,639.4,5.35,80.8,Forest,Peat,165.3,1,0,0
Karnataka - Tungabhadra Basin,186.8,32.9,69.2,40.3,2.89,231.4,Agricultural,Sandy,1394.0,1,0,0
Odisha - Mahanadi Basin,101.2,24.6,92.7,698.5,0.84,119.0,Forest,Loam,650.2,1,1,0
Punjab - Sutlej Basin,112.2,30.7,56.6,389.6,4.76,219.1,Agricultural,Silt,488.7,1,0,0
Tamil Nadu - Cauvery Basin,416.7,29.5,69.4,530.8,1.2,42.6,Agricultural,Loam,892.3,1,1,0
Assam - Brahmaputra Basin,436.1,25.1,53.3,337.9,5.57,95.2,Forest,Sandy,635.7,1,1,0
West Bengal - Ganga Delta,310.3,30.2,60.7,631.8,2.06,203.0,Urban,Clay,520.7,0,0,0
Uttar Pradesh - Ghaghara Basin,246.3,29.8,57.3,554.7,1.1,52.6,Urban,Silt,565.5,0,1,0
Punjab - Sutlej Basin,254.4,22.0,69.0,4.9,6.96,140.9,Forest,Loam,317.7,0,0,0
Assam - Brahmaputra Basin,191.1,26.9,44.7,681.0,4.98,26.0,Desert,Sandy,836.3,0,1,1
Odisha - Mahanadi Basin,78.9,29.6,77.4,423.2,5.9,64.4,Agricultural,Loam,767.0,1,0,0
Uttar Pradesh - Ghaghara Basin,179.7,27.5,100.0,588.9,4.92,320.6,Urban,Clay,602.4,1,0,0
Bihar - Kosi Basin,296.3,30.8,92.1,145.8,0.25,162.3,Forest,Sandy,300.3,0,0,0
Gujarat - Narmada Basin,371.3,31.9,74.3,959.4,1.87,152.8,Desert,Clay,408.0,0,1,1
Kerala - Periyar Basin,415.7,24.4,55.6,1096.4,2.86,159.9,Agricultural,Clay,906.2,0,1,1
Karnataka - Tungabhadra Basin,281.4,30.8,73.0,1231.4,4.13,679.9,Urban,Clay,1038.5,1,1,0
Kerala - Periyar Basin,128.4,25.3,74.9,4.2,5.36,305.0,Agricultural,Clay,970.0,1,0,0
Uttar Pradesh - Ghaghara Basin,297.5,42.4,97.1,360.4,5.03,264.1,Desert,Sandy,461.8,0,1,0
Karnataka - Tungabhadra Basin,277.7,29.0,79.8,345.0,6.2,98.9,Desert,Loam,1126.9,1,0,0
Gujarat - Narmada Basin,204.0,26.4,80.6,265.7,4.32,133.9,Agricultural,Loam,270.3,0,1,1
Tamil Nadu - Cauvery Basin,267.6,24.3,75.5,237.9,5.84,154.0,Agricultural,Clay,1130.7,0,0,1
Gujarat - Narmada Basin,238.1,26.6,90.4,631.2,3.88,141.7,Urban,Sandy,282.1,1,0,0
Odisha - Mahanadi Basin,49.3,28.3,65.2,308.4,5.83,94.9,Urban,Clay,714.2,0,1,1
Odisha - Mahanadi Basin,52.5,27.3,75.2,969.6,7.97,258.0,Urban,Clay,453.8,1,0,0
Madhya Pradesh - Chambal Basin,38.8,29.8,73.0,231.7,3.52,604.0,Desert,Loam,75.3,1,1,0
Karnataka - Tungabhadra Basin,138.4,22.6,27.9,187.2,3.65,230.5,Urban,Clay,543.3,1,0,0
Kerala - Periyar Basin,74.2,27.2,64.6,597.0,1.07,25.0,Water Body,Sandy,76.3,0,1,1
Rajasthan - Luni Basin,396.7,31.8,53.3,289.8,8.05,33.2,Agricultural,Silt,832.9,1,1,1
Kerala - Periyar Basin,82.0,30.5,61.4,752.9,1.37,46.1,Desert,Loam,1154.3,1,0,0
Punjab - Sutlej Basin,168.4,28.6,58.1,466.2,4.61,463.1,Urban,Loam,912.4,0,0,0
Rajasthan - Luni Basin,177.4,18.4,60.9,61.3,0.96,183.5,Water Body,Silt,585.3,1,0,0
Odisha - Mahanadi Basin,69.5,25.1,77.8,726.2,2.29,305.9,Water Body,Clay,945.0,0,0,1
Kerala - Periyar Basin,196.1,26.2,60.3,106.8,5.0,36.1,Urban,Loam,3105.0,0,1,1
Telangana - Godavari Basin,468.1,31.1,49.2,1379.5,2.98,594.0,Agricultural,Silt,194.5,1,0,0
Karnataka - Tungabhadra Basin,213.8,29.4,78.7,542.2,3.09,79.2,Agricultural,Clay,167.4,0,1,1
Telangana - Godavari Basin,424.3,29.4,79.0,664.5,5.63,175.0,Forest,Loam,1036.3,1,1,0
Telangana - Godavari Basin,225.2,31.2,52.2,441.1,3.97,69.4,Urban,Clay,267.9,1,0,0
Madhya Pradesh - Chambal Basin,97.3,21.4,53.0,493.6,10.18,246.6,Desert,Clay,155.2,1,0,0
Gujarat - Narmada Basin,646.2,31.0,85.5,628.5,3.42,187.4,Agricultural,Silt,311.9,1,1,0
Tamil Nadu - Cauvery Basin,42.7,30.9,84.4,20.9,6.56,286.1,Urban,Loam,327.7,1,0,0
Rajasthan - Luni Basin,412.3,19.3,73.1,841.6,6.47,160.6,Desert,Silt,1279.3,1,0,0
Uttar Pradesh - Ghaghara Basin,275.5,27.7,88.5,604.7,4.73,177.4,Forest,Clay,1487.9,1,0,0
Punjab - Sutlej Basin,107.1,25.1,38.8,636.7,4.84,185.2,Agricultural,Sandy,426.2,0,1,1
Madhya Pradesh - Chambal Basin,157.3,29.1,68.0,187.0,5.35,85.7,Urban,Loam,720.9,1,1,0
Bihar - Kosi Basin,152.7,28.0,59.5,325.3,1.24,186.2,Forest,Loam,841.1,1,0,0
Gujarat - Narmada Basin,60.0,28.2,56.8,512.7,2.6,94.0,Urban,Loam,1326.0,1,1,0
Odisha - Mahanadi Basin,375.4,32.4,97.0,68.9,4.19,66.4,Water Body,Sandy,1195.4,1,1,1
Tamil Nadu - Cauvery Basin,81.8,31.2,73.4,612.6,7.89,264.9,Urban,Loam,1237.8,0,0,1
Punjab - Sutlej Basin,399.9,28.6,66.4,356.0,2.41,122.1,Urban,Sandy,511.8,1,0,0
Assam - Brahmaputra Basin,349.9,28.4,67.3,386.3,1.65,138.8,Agricultural,Clay,1548.6,0,0,0
Rajasthan - Luni Basin,116.5,24.4,75.6,397.6,4.74,356.7,Desert,Loam,2071.6,1,0,0
Assam - Brahmaputra Basin,522.6,33.8,63.4,496.7,9.63,255.2,Urban,Silt,214.6,1,1,1
West Bengal - Ganga Delta,154.5,19.8,76.6,601.6,7.03,110.4,Forest,Silt,1139.2,0,1,1
Tamil Nadu - Cauvery Basin,206.7,30.4,38.1,1433.8,2.87,307.6,Forest,Peat,823.7,1,1,0
Assam - Brahmaputra Basin,900.0,23.6,79.4,285.3,1.8,337.1,Desert,Silt,181.9,1,0,0
Gujarat - Narmada Basin,296.2,23.5,76.0,100.3,1.0,182.8,Urban,Silt,457.0,0,1,0
Maharashtra - Godavari Basin,331.8,28.0,57.7,86.2,3.9,241.1,Water Body,Clay,326.2,0,1,1
Uttar Pradesh - Ghaghara Basin,126.3,23.8,31.1,689.2,1.15,128.4,Water Body,Loam,1255.5,1,0,0
Karnataka - Tungabhadra Basin,303.8,21.0,78.9,833.5,3.5,79.8,Urban,Peat,205.1,1,1,0
West Bengal - Ganga Delta,199.9,23.4,33.0,430.5,4.47,169.6,Forest,Loam,967.3,1,0,0
Madhya Pradesh - Chambal Basin,270.6,30.6,67.5,277.6,5.74,99.4,Water Body,Loam,360.0,1,0,0
Bihar - Kosi Basin,70.3,27.3,74.0,780.1,6.16,211.7,Agricultural,Loam,329.0,1,0,0
Bihar - Kosi Basin,416.0,23.7,84.3,162.0,1.77,76.6,Agricultural,Peat,186.8,0,1,0
Gujarat - Narmada Basin,291.3,33.5,43.0,197.1,4.96,485.4,Agricultural,Silt,445.5,1,1,0
Rajasthan - Luni Basin,219.0,25.1,100.0,602.2,6.73,182.5,Agricultural,Clay,116.2,0,0,0
Telangana - Godavari Basin,268.8,28.8,83.8,297.5,7.76,292.1,Agricultural,Sandy,426.3,1,0,0
Rajasthan - Luni Basin,342.0,22.7,84.8,736.0,17.73,85.5,Agricultural,Silt,1169.9,1,1,1
Bihar - Kosi Basin,76.2,29.8,72.0,844.9,3.18,116.7,Agricultural,Silt,832.7,1,1,1
Karnataka - Tungabhadra Basin,148.1,29.5,74.1,565.9,2.79,42.4,Agricultural,Sandy,257.5,1,1,0
West Bengal - Ganga Delta,280.1,26.1,70.0,230.7,7.0,537.6,Desert,Sandy,1043.5,0,0,0
West Bengal - Ganga Delta,98.9,33.0,66.1,1491.0,7.3,192.7,Agricultural,Silt,136.0,0,0,1
Tamil Nadu - Cauvery Basin,449.8,26.4,61.0,458.7,3.51,32.4,Urban,Peat,836.0,1,1,0
Madhya Pradesh - Chambal Basin,466.0,25.6,98.2,858.7,1.1,341.6,Agricultural,Clay,1438.8,1,1,0
West Bengal - Ganga Delta,302.8,28.9,84.3,630.8,2.69,113.0,Desert,Sandy,42.3,0,0,0
Uttar Pradesh - Ghaghara Basin,495.5,31.2,75.5,482.8,5.46,119.7,Agricultural,Clay,1131.2,0,0,1
Karnataka - Tungabhadra Basin,196.4,30.4,55.8,157.3,3.63,136.5,Agricultural,Sandy,928.8,0,1,0
Andhra Pradesh - Krishna Basin,627.3,24.9,72.4,399.5,2.22,237.4,Forest,Loam,409.5,0,1,1
Odisha - Mahanadi Basin,55.8,24.3,33.5,665.8,4.29,162.0,Forest,Clay,412.3,1,0,0
Punjab - Sutlej Basin,98.3,31.3,77.4,564.0,1.99,99.5,Desert,Clay,455.3,0,1,0
Madhya Pradesh - Chambal Basin,103.8,28.7,70.6,1544.9,6.59,104.0,Water Body,Sandy,1150.4,1,1,1
Uttar Pradesh - Ghaghara Basin,215.1,24.2,73.1,829.1,1.57,98.3,Agricultural,Clay,709.0,0,0,0
Bihar - Kosi Basin,59.9,22.0,78.2,382.0,8.44,57.8,Water Body,Silt,267.2,1,0,0
Maharashtra - Godavari Basin,205.6,26.3,64.9,293.9,4.82,65.8,Desert,Loam,597.1,0,1,0
Odisha - Mahanadi Basin,242.1,24.3,42.9,175.0,2.1,190.9,Agricultural,Sandy,501.2,1,0,0
Maharashtra - Godavari Basin,153.5,33.8,52.7,117.0,5.54,22.6,Agricultural,Peat,1464.2,1,1,0
Uttar Pradesh - Ghaghara Basin,91.6,33.1,69.3,996.3,4.61,110.2,Agricultural,Peat,262.2,1,0,0
Kerala - Periyar Basin,229.8,28.6,79.9,282.9,5.43,51.9,Agricultural,Loam,706.4,0,1,0
Tamil Nadu - Cauvery Basin,448.3,28.7,82.1,861.5,1.4,53.6,Forest,Peat,765.5,0,0,1
West Bengal - Ganga Delta,347.3,24.0,63.3,591.7,2.91,168.2,Forest,Silt,902.4,0,1,1
Maharashtra - Godavari Basin,267.1,26.6,52.0,839.2,2.19,187.1,Water Body,Silt,1221.9,1,0,0
Assam - Brahmaputra Basin,128.4,32.3,69.2,226.0,3.77,453.5,Forest,Silt,971.7,1,1,0
Tamil Nadu - Cauvery Basin,557.8,29.8,77.1,368.8,2.43,74.7,Forest,Clay,177.0,0,0,0
Maharashtra - Godavari Basin,388.4,35.7,46.2,443.3,3.78,225.7,Forest,Silt,1037.1,0,0,0
Bihar - Kosi Basin,120.1,26.8,69.3,184.1,4.91,84.7,Urban,Loam,361.1,0,1,0
Assam - Brahmaputra Basin,88.7,29.5,65.7,387.3,3.72,574.7,Agricultural,Sandy,1419.9,0,1,1
Odisha - Mahanadi Basin,276.7,29.8,71.7,645.7,2.95,81.5,Agricultural,Sandy,599.6,1,1,0
Maharashtra - Godavari Basin,29.5,28.7,67.0,522.5,4.64,363.0,Urban,Loam,795.4,0,0,0
Karnataka - Tungabhadra Basin,900.0,23.8,69.8,856.9,0.98,439.0,Urban,Loam,1156.0,1,1,1
Andhra Pradesh - Krishna Basin,160.8,18.7,96.1,132.3,3.14,272.9,Agricultural,Silt,314.7,1,0,0
Assam - Brahmaputra Basin,384.2,33.2,69.5,785.6,1.03,39.7,Urban,Clay,674.7,0,1,1
Andhra Pradesh - Krishna Basin,42.3,28.0,53.0,360.9,2.91,295.0,Agricultural,Peat,823.4,1,1,0
Assam - Brahmaputra Basin,248.5,29.7,70.8,801.7,3.86,36.8,Forest,Sandy,355.7,0,1,1
Andhra Pradesh - Krishna Basin,116.4,29.0,83.4,690.5,6.81,238.6,Agricultural,Peat,190.6,1,0,0
Odisha - Mahanadi Basin,36.4,30.7,55.9,135.9,9.01,91.4,Water Body,Sandy,683.1,1,1,0
Rajasthan - Luni Basin,158.4,23.9,83.8,894.7,1.58,233.3,Agricultural,Sandy,2277.4,1,1,1
Tamil Nadu - Cauvery Basin,140.3,32.0,62.5,429.4,2.32,234.0,Forest,Loam,1215.1,1,0,0
Assam - Brahmaputra Basin,105.4,22.6,74.4,174.2,5.45,83.2,Urban,Loam,767.5,1,1,0
Telangana - Godavari Basin,66.8,28.7,49.0,194.2,4.13,125.2,Agricultural,Peat,137.6,1,0,0
West Bengal - Ganga Delta,333.7,22.4,78.9,312.0,4.16,263.8,Agricultural,Clay,644.8,1,0,0
Gujarat - Narmada Basin,444.1,29.7,46.1,489.3,2.02,65.3,Desert,Peat,739.0,1,0,0
Gujarat - Narmada Basin,207.9,29.4,70.7,431.8,5.72,134.8,Urban,Loam,832.6,1,1,0
Andhra Pradesh - Krishna Basin,239.5,24.9,75.9,650.3,5.62,317.7,Urban,Sandy,195.9,0,1,1
Punjab - Sutlej Basin,211.4,23.0,43.6,151.8,1.25,248.6,Desert,Silt,655.1,1,0,0
Kerala - Periyar Basin,271.1,26.3,70.8,358.9,1.23,56.9,Agricultural,Peat,198.1,1,1,0
Bihar - Kosi Basin,95.8,27.5,50.8,488.0,5.04,195.8,Forest,Loam,2627.6,0,1,0
Kerala - Periyar Basin,53.8,25.6,67.3,471.7,5.08,242.6,Agricultural,Sandy,260.5,0,1,0
Telangana - Godavari Basin,191.2,28.7,76.4,536.0,3.1,116.6,Forest,Silt,451.3,0,1,0
West Bengal - Ganga Delta,73.6,31.6,74.2,272.7,4.64,171.4,Forest,Silt,801.0,0,0,0
Madhya Pradesh - Chambal Basin,464.5,32.0,79.8,398.1,2.13,515.5,Agricultural,Clay,811.5,0,1,1
Madhya Pradesh - Chambal Basin,900.0,32.0,57.5,163.1,1.35,35.8,Agricultural,Loam,1349.7,1,1,1
Odisha - Mahanadi Basin,146.7,21.1,91.5,1658.5,6.77,209.7,Agricultural,Sandy,462.0,1,0,0
Gujarat - Narmada Basin,242.3,31.4,73.8,284.5,3.25,301.3,Agricultural,Clay,1118.2,1,1,0
Andhra Pradesh - Krishna Basin,243.6,27.2,96.5,292.9,1.52,484.5,Water Body,Sandy,177.5,0,1,0
Madhya Pradesh - Chambal Basin,315.8,30.3,87.1,439.8,7.0,144.8,Urban,Silt,906.2,0,0,1
Madhya Pradesh - Chambal Basin,122.9,32.0,91.3,326.3,0.48,459.3,Agricultural,Clay,56.6,1,1,0
Tamil Nadu - Cauvery Basin,274.2,25.9,82.5,1279.3,1.45,137.2,Agricultural,Silt,1382.8,1,0,0
Telangana - Godavari Basin,277.7,28.6,63.7,122.1,2.81,71.1,Desert,Clay,330.9,0,0,0
Assam - Brahmaputra Basin,166.6,22.0,62.1,219.7,4.6,109.2,Urban,Loam,608.4,0,0,0
Odisha - Mahanadi Basin,103.4,27.5,81.1,930.3,2.15,331.5,Forest,Silt,525.6,0,0,0
Tamil Nadu - Cauvery Basin,195.9,24.8,87.4,459.7,6.22,202.8,Urban,Clay,1089.4,1,1,0
Andhra Pradesh - Krishna Basin,126.9,34.9,73.8,23.9,2.87,316.1,Desert,Sandy,705.3,0,1,0
Madhya Pradesh - Chambal Basin,287.6,27.1,84.6,595.0,5.06,313.0,Forest,Sandy,727.8,0,0,0
Uttar Pradesh - Ghaghara Basin,96.7,25.9,38.4,35.6,6.52,97.5,Agricultural,Silt,1172.8,0,1,0
Karnataka - Tungabhadra Basin,70.4,15.6,79.1,225.8,2.18,150.1,Agricultural,Silt,1525.0,1,0,0
Madhya Pradesh - Chambal Basin,221.8,26.3,76.2,88.4,2.5,206.7,Forest,Clay,1374.2,0,1,0
Uttar Pradesh - Ghaghara Basin,21.0,23.6,74.4,363.0,2.6,413.9,Agricultural,Clay,432.0,1,0,0
Punjab - Sutlej Basin,323.4,33.3,51.4,110.8,1.07,61.3,Agricultural,Silt,643.1,1,0,0
Gujarat - Narmada Basin,273.7,30.6,84.5,26.7,5.7,26.6,Forest,Clay,866.4,1,0,0
Madhya Pradesh - Chambal Basin,391.9,28.2,69.4,348.2,7.23,142.7,Agricultural,Clay,1576.3,1,0,0
Maharashtra - Godavari Basin,130.1,28.2,88.0,246.4,2.55,253.8,Urban,Sandy,622.3,0,1,0
Assam - Brahmaputra Basin,260.6,22.9,69.3,419.8,2.03,263.4,Agricultural,Sandy,1754.3,1,1,0
Gujarat - Narmada Basin,279.1,24.4,41.8,613.7,5.02,283.7,Desert,Silt,795.0,1,1,0
Madhya Pradesh - Chambal Basin,352.5,24.4,79.1,394.3,3.4,236.8,Urban,Clay,540.8,1,1,0
West Bengal - Ganga Delta,124.7,32.1,61.8,90.2,5.05,223.1,Urban,Clay,3324.1,1,0,0
West Bengal - Ganga Delta,156.5,35.0,84.8,403.4,4.01,37.4,Water Body,Peat,657.8,0,1,1
Maharashtra - Godavari Basin,380.4,23.1,63.3,689.6,5.73,250.8,Forest,Sandy,966.9,1,0,0
Uttar Pradesh - Ghaghara Basin,145.3,24.8,41.9,256.0,3.38,57.2,Agricultural,Silt,189.1,1,1,0
Uttar Pradesh - Ghaghara Basin,173.4,36.7,97.1,793.2,3.72,298.1,Urban,Peat,481.4,1,0,0
Kerala - Periyar Basin,362.9,32.0,49.6,466.2,1.16,397.4,Agricultural,Loam,712.8,0,1,1
Madhya Pradesh - Chambal Basin,156.0,30.1,100.0,81.0,4.81,497.0,Agricultural,Silt,222.7,1,0,0
Madhya Pradesh - Chambal Basin,251.8,32.2,59.2,224.3,3.47,131.1,Agricultural,Loam,560.0,0,1,0
Andhra Pradesh - Krishna Basin,204.5,30.0,37.2,394.3,8.23,198.9,Agricultural,Silt,34.7,1,1,0
Kerala - Periyar Basin,399.8,28.5,58.6,1103.4,2.8,90.0,Agricultural,Sandy,1196.7,1,0,0
Uttar Pradesh - Ghaghara Basin,247.3,31.7,66.4,503.1,2.36,221.5,Forest,Silt,1562.2,0,0,0
Kerala - Periyar Basin,225.1,26.5,70.7,888.3,1.02,138.4,Forest,Loam,853.6,1,1,0
Punjab - Sutlej Basin,175.0,22.7,38.1,546.7,10.32,184.7,Agricultural,Peat,849.1,0,0,0
Gujarat - Narmada Basin,16.7,21.4,73.4,1165.3,2.86,176.0,Urban,Clay,294.0,1,0,0
Karnataka - Tungabhadra Basin,269.6,34.1,73.3,102.0,6.73,85.6,Urban,Loam,226.0,1,1,0
Kerala - Periyar Basin,339.7,26.3,37.3,1060.0,3.52,275.9,Urban,Sandy,797.5,0,0,1
Odisha - Mahanadi Basin,96.5,27.2,62.6,95.4,1.05,583.0,Urban,Peat,130.3,1,0,0
Uttar Pradesh - Ghaghara Basin,427.3,29.3,72.1,960.3,3.31,128.1,Agricultural,Clay,192.3,1,0,0
West Bengal - Ganga Delta,566.0,22.7,80.5,79.2,2.05,153.2,Desert,Silt,258.2,1,1,0
Kerala - Periyar Basin,446.6,26.6,65.0,112.5,4.56,182.9,Agricultural,Silt,190.3,0,1,0
Gujarat - Narmada Basin,383.3,30.2,82.8,244.0,2.72,165.8,Agricultural,Silt,678.2,0,0,0
Uttar Pradesh - Ghaghara Basin,608.6,28.3,74.1,385.8,5.34,247.3,Water Body,Loam,1336.5,0,1,1
Maharashtra - Godavari Basin,253.9,23.4,70.4,1455.3,5.58,277.8,Forest,Silt,451.9,1,1,1
Rajasthan - Luni Basin,467.9,36.0,60.0,588.2,6.17,125.3,Agricultural,Sandy,408.9,1,1,1
Bihar - Kosi Basin,154.3,22.9,57.4,781.3,4.43,124.3,Urban,Loam,582.0,1,0,0
Madhya Pradesh - Chambal Basin,227.1,38.9,91.6,1596.6,2.67,19.6,Urban,Loam,798.7,0,1,1
Karnataka - Tungabhadra Basin,169.3,28.2,93.4,1027.1,2.09,170.0,Agricultural,Silt,383.6,1,0,0
Gujarat - Narmada Basin,125.8,26.4,74.6,185.9,2.47,24.6,Urban,Silt,718.8,0,1,0
Tamil Nadu - Cauvery Basin,314.3,28.1,65.3,121.7,1.99,47.7,Desert,Peat,443.2,0,0,0
Madhya Pradesh - Chambal Basin,195.9,26.7,57.3,897.4,10.74,184.1,Agricultural,Loam,378.9,0,1,1
Odisha - Mahanadi Basin,443.3,30.7,72.0,928.0,2.42,463.5,Agricultural,Clay,489.0,1,0,0
Uttar Pradesh - Ghaghara Basin,302.6,30.2,80.1,634.4,1.74,524.9,Agricultural,Sandy,548.0,0,0,0
Kerala - Periyar Basin,444.7,25.0,89.1,351.5,1.61,124.5,Agricultural,Loam,351.9,1,1,0
Bihar - Kosi Basin,272.8,34.3,77.7,520.8,7.28,324.3,Agricultural,Peat,895.4,1,1,1
Punjab - Sutlej Basin,376.6,24.6,51.4,277.8,7.65,27.2,Urban,Sandy,106.2,1,1,0
Assam - Brahmaputra Basin,98.4,27.5,78.7,1265.4,5.59,139.4,Agricultural,Sandy,246.2,1,1,0
Madhya Pradesh - Chambal Basin,74.7,28.5,69.1,249.6,1.56,441.2,Agricultural,Peat,1303.0,1,0,0
Rajasthan - Luni Basin,159.5,26.6,94.9,27.7,3.68,38.8,Agricultural,Sandy,276.2,1,1,0
Maharashtra - Godavari Basin,315.8,23.2,76.3,434.9,3.56,108.4,Urban,Clay,52.2,0,0,0
Karnataka - Tungabhadra Basin,188.3,29.3,81.8,556.3,1.58,97.6,Agricultural,Silt,695.0,1,0,0
Uttar Pradesh - Ghaghara Basin,288.7,27.7,60.1,206.8,6.08,33.8,Water Body,Clay,1786.7,0,0,1
Rajasthan - Luni Basin,108.9,29.7,44.3,275.0,3.44,79.2,Urban,Silt,2408.2,1,0,0
Assam - Brahmaputra Basin,216.8,34.1,98.8,302.1,2.44,161.6,Agricultural,Clay,1232.5,0,0,0
Madhya Pradesh - Chambal Basin,150.7,23.6,73.2,112.0,8.16,122.9,Water Body,Loam,444.2,1,0,0
Rajasthan - Luni Basin,87.3,33.1,87.9,333.4,4.67,397.2,Agricultural,Peat,276.3,1,0,0
Gujarat - Narmada Basin,520.3,21.5,52.1,239.8,4.64,150.5,Desert,Clay,735.3,0,0,0
Andhra Pradesh - Krishna Basin,55.6,31.9,81.4,425.8,5.42,148.3,Urban,Loam,3042.2,0,0,0
Madhya Pradesh - Chambal Basin,105.1,29.2,79.3,448.9,4.94,262.4,Agricultural,Silt,506.4,0,1,0
Uttar Pradesh - Ghaghara Basin,155.3,28.5,67.9,924.0,2.9,152.9,Agricultural,Clay,559.7,1,0,0
Maharashtra - Godavari Basin,43.3,35.1,76.2,667.4,2.77,417.3,Urban,Loam,933.3,1,0,0
Madhya Pradesh - Chambal Basin,189.9,30.7,78.8,579.3,1.07,317.9,Agricultural,Silt,759.7,1,1,0
Andhra Pradesh - Krishna Basin,44.4,26.4,65.1,244.7,4.8,114.1,Agricultural,Silt,1084.6,0,1,0
Gujarat - Narmada Basin,171.8,27.5,60.4,415.8,1.68,282.3,Urban,Loam,1421.1,1,0,0
Andhra Pradesh - Krishna Basin,186.2,20.6,36.1,308.9,5.93,117.4,Agricultural,Loam,283.2,0,0,0
Bihar - Kosi Basin,114.9,26.7,73.9,306.9,4.84,191.1,Agricultural,Sandy,1510.8,1,0,0
West Bengal - Ganga Delta,420.2,25.7,56.8,238.7,4.67,328.2,Forest,Clay,1496.7,1,0,0
Bihar - Kosi Basin,266.1,27.5,87.1,802.6,2.36,132.9,Agricultural,Sandy,175.6,1,1,0
West Bengal - Ganga Delta,169.1,28.9,50.3,470.7,4.19,95.6,Forest,Loam,1162.8,1,0,0
Assam - Brahmaputra Basin,74.4,32.0,52.5,267.2,10.02,180.3,Forest,Silt,547.7,0,0,0
Bihar - Kosi Basin,100.8,28.1,73.7,436.4,4.44,139.6,Agricultural,Silt,1661.2,0,0,0
Telangana - Godavari Basin,473.3,22.7,63.0,445.3,7.3,278.2,Forest,Loam,1290.6,0,1,1
Kerala - Periyar Basin,96.2,36.1,81.7,340.2,2.96,139.3,Urban,Loam,296.3,0,1,0
West Bengal - Ganga Delta,22.2,27.7,57.5,144.0,9.27,630.7,Agricultural,Sandy,1157.4,1,0,0
Uttar Pradesh - Ghaghara Basin,474.7,25.8,84.2,419.3,2.41,332.2,Forest,Loam,453.8,1,0,0
Karnataka - Tungabhadra Basin,344.0,17.6,85.4,2206.5,2.37,177.3,Urban,Silt,1329.3,1,1,1
Telangana - Godavari Basin,102.1,29.6,67.1,98.0,4.71,273.3,Urban,Silt,1204.3,1,0,0
Andhra Pradesh - Krishna Basin,219.9,25.0,69.4,793.4,3.44,60.3,Forest,Loam,163.3,1,0,0
Bihar - Kosi Basin,146.1,25.5,56.1,220.2,5.73,68.9,Agricultural,Silt,219.6,0,1,1
Uttar Pradesh - Ghaghara Basin,171.6,24.1,71.9,1296.6,3.9,80.0,Urban,Clay,494.6,0,0,1
Uttar Pradesh - Ghaghara Basin,707.4,28.4,86.3,533.7,5.22,38.5,Urban,Peat,551.1,1,1,1
Kerala - Periyar Basin,108.3,31.7,61.6,960.4,7.62,203.2,Urban,Clay,512.2,0,1,1
Maharashtra - Godavari Basin,326.0,15.8,95.5,120.8,10.23,99.5,Urban,Clay,517.8,0,1,1
Andhra Pradesh - Krishna Basin,185.3,28.5,80.7,1085.6,4.88,121.8,Desert,Loam,49.7,1,0,0
Uttar Pradesh - Ghaghara Basin,900.0,25.0,72.2,394.7,2.17,127.6,Urban,Peat,23.5,1,0,0
Uttar Pradesh - Ghaghara Basin,129.0,28.7,92.9,421.6,2.43,81.7,Agricultural,Loam,421.0,1,1,0
Andhra Pradesh - Krishna Basin,38.3,26.5,63.9,699.5,1.48,119.7,Agricultural,Silt,625.4,1,1,0
Assam - Brahmaputra Basin,203.6,28.6,46.3,140.1,6.0,120.5,Agricultural,Clay,94.2,1,0,0
Assam - Brahmaputra Basin,155.7,27.3,60.2,184.4,3.14,120.7,Agricultural,Loam,1299.3,1,1,0
Uttar Pradesh - Ghaghara Basin,361.2,17.5,83.2,772.9,2.42,322.7,Water Body,Loam,1354.5,1,0,0
West Bengal - Ganga Delta,360.6,27.7,72.2,435.5,8.34,105.1,Water Body,Loam,945.4,0,1,1
Andhra Pradesh - Krishna Basin,669.9,22.9,81.0,160.5,2.39,251.5,Forest,Clay,573.1,1,0,0
Madhya Pradesh - Chambal Basin,269.0,20.0,71.5,309.3,3.35,516.1,Forest,Loam,24.4,1,0,0
Punjab - Sutlej Basin,180.7,24.8,45.1,233.7,3.42,187.4,Urban,Sandy,1163.8,0,1,0
Bihar - Kosi Basin,164.2,35.4,79.2,121.1,1.37,324.0,Forest,Sandy,108.2,0,0,0
Maharashtra - Godavari Basin,99.9,25.0,54.7,1015.7,6.08,257.5,Desert,Clay,1307.8,1,0,0
Uttar Pradesh - Ghaghara Basin,478.9,23.3,42.8,111.5,7.86,529.1,Agricultural,Silt,114.5,1,0,0
Gujarat - Narmada Basin,219.1,25.2,69.3,447.4,3.56,98.3,Urban,Peat,300.1,1,0,0
Uttar Pradesh - Ghaghara Basin,356.2,31.8,77.9,608.1,6.71,313.2,Agricultural,Silt,341.2,1,0,0
Odisha - Mahanadi Basin,317.2,24.7,63.7,655.9,6.58,208.0,Agricultural,Loam,2312.4,1,1,1
Bihar - Kosi Basin,68.0,27.2,100.0,189.4,8.34,237.7,Forest,Loam,874.4,0,0,0
Tamil Nadu - Cauvery Basin,178.3,29.7,91.2,1320.5,1.25,321.4,Agricultural,Silt,132.1,1,1,0
Maharashtra - Godavari Basin,469.5,32.2,79.7,393.1,3.03,154.6,Forest,Silt,156.7,0,0,0
Andhra Pradesh - Krishna Basin,574.7,28.2,72.5,689.3,0.73,259.9,Agricultural,Loam,1444.3,1,0,0
Kerala - Periyar Basin,351.9,37.5,100.0,235.2,2.65,80.2,Water Body,Sandy,338.0,1,0,0
Punjab - Sutlej Basin,341.1,30.4,63.3,287.2,8.21,45.0,Desert,Clay,681.6,1,1,0
Andhra Pradesh - Krishna Basin,526.4,24.4,65.3,89.6,1.81,135.3,Desert,Sandy,1167.7,1,0,0
Maharashtra - Godavari Basin,188.5,26.3,63.6,363.8,1.92,83.7,Forest,Sandy,680.6,0,1,0
Gujarat - Narmada Basin,158.6,23.2,83.3,121.3,10.49,223.2,Desert,Silt,832.6,0,0,0
Rajasthan - Luni Basin,254.5,28.5,80.2,602.9,4.22,85.5,Agricultural,Clay,869.6,0,1,1
Maharashtra - Godavari Basin,386.7,30.2,84.3,402.5,2.98,439.3,Forest,Clay,790.5,1,1,0
Telangana - Godavari Basin,49.0,24.5,66.1,783.2,2.91,169.7,Urban,Peat,923.0,1,0,0
Kerala - Periyar Basin,318.6,26.5,98.6,601.5,8.09,76.5,Agricultural,Clay,894.7,0,0,1
Tamil Nadu - Cauvery Basin,32.7,30.0,88.1,1323.8,7.62,92.7,Forest,Loam,803.8,1,0,0
Bihar - Kosi Basin,269.6,31.5,31.6,431.1,4.83,140.6,Agricultural,Clay,795.9,0,0,0
Tamil Nadu - Cauvery Basin,117.6,32.9,75.0,1141.4,3.85,86.2,Forest,Loam,505.4,1,1,0
Maharashtra - Godavari Basin,548.8,26.6,62.7,283.1,9.68,52.7,Agricultural,Loam,416.9,1,1,1
Madhya Pradesh - Chambal Basin,104.0,25.3,56.7,678.5,1.38,158.8,Agricultural,Loam,590.2,1,0,0
Rajasthan - Luni Basin,122.6,30.8,62.2,199.2,7.38,190.3,Urban,Silt,408.1,1,1,0
Kerala - Periyar Basin,202.6,27.4,69.6,418.9,6.77,457.0,Forest,Loam,1006.9,1,0,0
Kerala - Periyar Basin,421.5,23.2,66.2,153.6,3.93,122.9,Forest,Clay,761.4,1,1,0
Odisha - Mahanadi Basin,220.3,28.3,45.4,448.2,3.58,172.6,Desert,Sandy,980.6,0,0,0
Uttar Pradesh - Ghaghara Basin,37.0,28.2,82.2,233.1,2.64,102.5,Agricultural,Loam,429.0,1,0,0
Uttar Pradesh - Ghaghara Basin,157.1,25.7,79.9,54.6,5.81,155.0,Agricultural,Loam,1511.4,1,1,0
Maharashtra - Godavari Basin,271.8,24.6,70.3,541.0,3.26,31.0,Urban,Clay,225.6,0,1,1
Karnataka - Tungabhadra Basin,778.9,24.3,66.5,237.9,7.05,332.9,Urban,Clay,672.9,1,1,1
Punjab - Sutlej Basin,164.3,30.6,64.3,27.8,9.74,53.8,Forest,Clay,65.6,1,0,0
West Bengal - Ganga Delta,233.0,29.9,52.5,615.7,7.1,177.3,Forest,Silt,641.5,1,0,0
Andhra Pradesh - Krishna Basin,34.1,28.7,59.7,37.2,4.19,796.2,Forest,Peat,648.3,1,0,0
Punjab - Sutlej Basin,207.6,20.9,60.1,346.1,3.03,10.6,Agricultural,Sandy,483.2,1,0,0
Telangana - Godavari Basin,352.6,25.1,96.2,574.5,3.15,97.1,Urban,Peat,236.0,1,1,0
Bihar - Kosi Basin,267.2,26.9,63.5,26.1,5.89,177.4,Agricultural,Sandy,124.1,0,0,0
Gujarat - Narmada Basin,192.7,25.8,100.0,388.0,4.88,198.3,Forest,Silt,1839.3,0,1,1
Punjab - Sutlej Basin,176.1,28.7,62.2,664.2,3.45,236.6,Agricultural,Silt,800.6,1,0,0
Telangana - Godavari Basin,317.2,25.3,61.2,327.0,5.14,12.8,Forest,Clay,576.6,1,0,0
Punjab - Sutlej Basin,70.7,37.9,82.1,100.1,5.6,78.2,Agricultural,Sandy,223.8,0,1,0
Assam - Brahmaputra Basin,717.6,24.6,48.8,1336.2,8.65,109.3,Agricultural,Clay,843.1,1,1,1
Telangana - Godavari Basin,110.3,23.3,66.1,238.9,4.41,80.1,Water Body,Sandy,224.9,0,1,0
Punjab - Sutlej Basin,212.3,29.4,68.3,282.5,3.72,176.5,Urban,Sandy,1004.7,1,1,0
Tamil Nadu - Cauvery Basin,94.3,29.6,77.8,434.1,6.67,428.7,Forest,Peat,991.9,1,1,0
West Bengal - Ganga Delta,159.3,25.4,77.1,181.9,5.45,24.4,Agricultural,Silt,1175.6,1,0,0
Uttar Pradesh - Ghaghara Basin,200.3,29.7,59.9,107.8,6.66,65.1,Urban,Clay,181.9,1,1,0
Uttar Pradesh - Ghaghara Basin,198.3,28.1,64.1,749.5,11.07,111.2,Forest,Peat,640.1,0,0,1
Gujarat - Narmada Basin,442.1,24.4,72.8,282.3,2.38,338.2,Agricultural,Clay,1414.9,1,1,0
Rajasthan - Luni Basin,446.3,29.8,85.6,1023.2,5.15,164.4,Forest,Loam,390.8,1,0,0
Telangana - Godavari Basin,405.1,25.0,76.9,469.4,1.52,408.9,Urban,Sandy,343.0,1,1,0
Uttar Pradesh - Ghaghara Basin,183.3,30.2,50.0,268.7,0.97,211.2,Agricultural,Sandy,1430.5,1,0,0
Bihar - Kosi Basin,235.7,25.8,57.2,409.7,7.17,94.7,Agricultural,Silt,324.5,0,1,1
West Bengal - Ganga Delta,54.7,28.0,80.1,194.9,6.02,236.7,Water Body,Silt,713.1,1,0,0
West Bengal - Ganga Delta,77.4,33.2,51.0,399.5,1.55,144.2,Water Body,Loam,1399.6,1,1,0
Uttar Pradesh - Ghaghara Basin,165.6,25.4,68.6,779.8,3.57,151.9,Forest,Silt,274.9,0,1,1
Gujarat - Narmada Basin,495.7,27.0,65.1,193.8,6.3,129.4,Water Body,Silt,1779.8,1,1,1
Karnataka - Tungabhadra Basin,420.4,26.9,78.0,115.8,7.3,176.1,Agricultural,Clay,614.2,1,0,0
Madhya Pradesh - Chambal Basin,229.8,24.8,45.3,492.0,9.15,42.3,Urban,Sandy,915.8,0,1,1
Assam - Brahmaputra Basin,76.6,26.6,85.5,213.7,14.1,178.1,Forest,Sandy,248.0,0,1,0
Karnataka - Tungabhadra Basin,214.3,33.6,60.4,593.9,11.6,94.6,Urban,Sandy,155.5,1,0,0
Rajasthan - Luni Basin,269.7,23.7,73.8,513.5,10.26,33.2,Forest,Peat,662.1,1,1,0
Telangana - Godavari Basin,110.6,27.2,83.3,310.5,4.49,138.0,Agricultural,Clay,404.4,0,1,0
Gujarat - Narmada Basin,51.5,22.8,71.6,1252.8,4.29,27.5,Urban,Clay,989.1,1,1,1
Odisha - Mahanadi Basin,148.8,26.7,68.5,425.4,2.11,83.1,Forest,Peat,159.0,0,1,0
Andhra Pradesh - Krishna Basin,90.1,29.6,72.1,301.5,7.38,745.2,Forest,Clay,880.5,1,0,0
West Bengal - Ganga Delta,504.5,24.9,77.8,535.4,5.81,100.6,Agricultural,Clay,331.4,1,0,0
Punjab - Sutlej Basin,349.0,25.8,77.0,968.2,4.01,149.0,Water Body,Loam,845.8,0,1,1
Punjab - Sutlej Basin,900.0,26.5,63.1,125.8,6.23,84.9,Agricultural,Loam,469.4,1,1,1
West Bengal - Ganga Delta,196.8,32.8,51.8,783.6,4.06,351.6,Forest,Sandy,32.6,0,0,0
Telangana - Godavari Basin,133.9,25.6,48.2,422.3,4.25,25.7,Urban,Silt,834.6,1,1,0
Bihar - Kosi Basin,149.4,27.9,70.0,660.2,5.23,61.7,Desert,Clay,883.9,0,0,0
West Bengal - Ganga Delta,420.5,29.8,70.1,1003.0,6.16,78.6,Agricultural,Silt,505.7,1,1,0
Rajasthan - Luni Basin,429.0,27.9,41.4,508.4,1.88,162.0,Agricultural,Clay,586.0,1,1,0
Punjab - Sutlej Basin,316.8,24.2,62.5,482.7,3.02,105.9,Agricultural,Sandy,407.3,0,0,0
Rajasthan - Luni Basin,108.4,26.6,50.3,931.0,2.18,185.8,Agricultural,Clay,143.9,0,0,0
Telangana - Godavari Basin,562.7,28.9,81.0,1319.1,4.54,273.3,Forest,Loam,356.7,1,1,1
Uttar Pradesh - Ghaghara Basin,312.4,30.1,64.2,274.2,1.93,149.5,Agricultural,Loam,353.0,0,1,1
Assam - Brahmaputra Basin,182.1,25.9,100.0,566.2,4.23,34.4,Agricultural,Clay,438.3,1,0,0
Bihar - Kosi Basin,378.6,29.4,86.9,388.5,2.61,21.7,Forest,Clay,125.9,1,1,0
Kerala - Periyar Basin,289.8,28.9,100.0,281.7,5.15,94.3,Agricultural,Silt,536.5,0,1,0
Maharashtra - Godavari Basin,263.5,24.1,49.3,746.9,3.46,179.5,Desert,Peat,668.7,1,1,0
Karnataka - Tungabhadra Basin,152.4,30.2,66.9,501.3,7.42,208.0,Urban,Silt,818.0,0,0,0
Bihar - Kosi Basin,43.1,28.3,56.6,547.0,3.32,314.6,Urban,Clay,1424.2,0,1,1
Assam - Brahmaputra Basin,198.4,30.5,91.3,439.8,7.22,17.4,Agricultural,Sandy,543.0,0,1,1
West Bengal - Ganga Delta,266.4,24.3,81.7,722.3,4.11,54.9,Forest,Silt,178.6,1,1,0
Madhya Pradesh - Chambal Basin,201.8,29.3,66.5,392.2,2.75,251.7,Agricultural,Silt,412.5,0,1,0
Uttar Pradesh - Ghaghara Basin,249.2,29.9,77.5,177.6,4.62,311.3,Urban,Clay,249.6,1,0,0
Tamil Nadu - Cauvery Basin,330.5,28.8,65.3,75.2,5.46,143.1,Urban,Loam,1189.9,1,0,0
Kerala - Periyar Basin,158.3,31.9,71.2,1097.5,4.65,128.6,Agricultural,Clay,1204.7,1,0,0
Bihar - Kosi Basin,317.5,39.5,81.5,416.3,3.12,203.7,Water Body,Clay,804.5,1,1,0
Tamil Nadu - Cauvery Basin,111.9,26.7,61.5,421.2,3.01,102.8,Urban,Silt,335.1,1,0,0
West Bengal - Ganga Delta,231.5,26.1,58.6,1637.9,3.88,203.9,Urban,Sandy,238.3,0,0,1
Punjab - Sutlej Basin,175.4,34.5,70.5,161.5,2.29,51.8,Agricultural,Clay,988.8,1,1,0
Madhya Pradesh - Chambal Basin,360.5,27.6,83.1,1497.3,1.59,141.0,Urban,Clay,244.0,0,0,1
Karnataka - Tungabhadra Basin,21.6,29.6,73.0,463.0,15.68,185.4,Desert,Loam,354.3,0,0,0
West Bengal - Ganga Delta,114.5,24.6,57.4,549.5,3.57,22.7,Water Body,Clay,343.2,0,1,1
Karnataka - Tungabhadra Basin,92.8,27.4,62.0,350.5,0.49,55.3,Agricultural,Silt,511.2,1,0,0
Kerala - Periyar Basin,75.0,25.6,75.3,149.0,10.68,76.2,Forest,Sandy,993.0,1,0,0
Assam - Brahmaputra Basin,181.2,30.8,67.0,105.7,5.4,108.9,Agricultural,Loam,805.3,1,0,0
Andhra Pradesh - Krishna Basin,176.6,28.8,74.9,155.2,1.46,130.5,Desert,Clay,1502.0,1,1,0
Odisha - Mahanadi Basin,142.5,18.0,79.0,267.6,3.06,59.7,Agricultural,Peat,2000.5,0,0,0
Karnataka - Tungabhadra Basin,341.4,29.5,84.2,1031.8,6.14,277.4,Agricultural,Clay,1153.6,1,1,1
Uttar Pradesh - Ghaghara Basin,287.0,28.7,89.3,430.2,4.76,221.3,Urban,Peat,325.0,1,0,0
Odisha - Mahanadi Basin,282.6,29.7,65.7,983.0,1.78,87.6,Water Body,Silt,493.9,0,0,1
Maharashtra - Godavari Basin,246.4,23.3,46.8,334.0,6.35,28.3,Forest,Silt,2097.4,0,1,1
Madhya Pradesh - Chambal Basin,268.4,24.6,72.6,172.7,3.49,25.8,Agricultural,Clay,1039.5,1,0,0
Rajasthan - Luni Basin,163.5,25.4,58.9,824.0,6.24,125.9,Desert,Loam,558.4,1,0,0
Odisha - Mahanadi Basin,248.1,24.6,68.9,732.9,7.16,138.2,Agricultural,Silt,165.3,1,0,0
Karnataka - Tungabhadra Basin,55.7,28.5,85.7,85.1,6.96,278.3,Agricultural,Peat,696.4,1,1,0
West Bengal - Ganga Delta,333.1,27.6,57.2,934.0,3.58,102.1,Water Body,Clay,914.5,0,1,1
Madhya Pradesh - Chambal Basin,239.3,21.9,64.9,963.2,5.27,304.6,Agricultural,Silt,1400.2,1,1,1
West Bengal - Ganga Delta,224.5,24.5,63.2,131.0,5.06,210.5,Forest,Clay,423.1,0,0,0
Andhra Pradesh - Krishna Basin,142.5,31.3,79.8,145.3,5.07,254.7,Urban,Sandy,325.4,1,0,0
Odisha - Mahanadi Basin,95.3,23.3,43.0,265.5,2.19,61.3,Forest,Loam,837.0,0,0,0
Uttar Pradesh - Ghaghara Basin,504.3,29.2,62.3,868.8,3.57,32.3,Urban,Loam,840.7,1,1,1
Gujarat - Narmada Basin,797.3,32.8,73.0,405.0,9.86,336.2,Agricultural,Silt,646.1,0,0,1
Bihar - Kosi Basin,600.3,28.1,88.7,790.6,4.58,219.4,Forest,Clay,1165.0,1,1,1
Karnataka - Tungabhadra Basin,259.4,36.1,92.0,184.6,2.62,139.5,Agricultural,Clay,562.8,1,1,0
Gujarat - Narmada Basin,234.8,26.8,80.3,112.4,4.81,31.7,Forest,Peat,387.1,1,1,0
Telangana - Godavari Basin,321.9,26.3,70.8,37.3,3.48,79.4,Water Body,Clay,520.2,1,0,0
Rajasthan - Luni Basin,284.2,27.5,61.2,726.4,6.32,131.3,Urban,Sandy,284.1,1,0,0
Gujarat - Narmada Basin,469.5,33.1,75.2,578.3,4.62,95.2,Urban,Silt,309.7,0,1,1
Kerala - Periyar Basin,112.2,25.9,69.4,424.8,2.27,61.4,Forest,Loam,193.1,1,0,0
Punjab - Sutlej Basin,240.0,23.5,78.9,931.1,5.28,61.7,Agricultural,Loam,1316.1,1,0,0
Andhra Pradesh - Krishna Basin,179.3,29.3,72.6,2381.1,1.94,164.6,Agricultural,Silt,719.7,1,1,1
Gujarat - Narmada Basin,181.4,28.1,72.6,355.7,4.02,86.3,Urban,Sandy,315.4,1,1,0
Maharashtra - Godavari Basin,44.2,29.6,48.0,294.1,2.66,93.2,Forest,Sandy,675.7,1,1,0
West Bengal - Ganga Delta,118.9,26.3,92.1,68.0,4.84,107.1,Forest,Clay,374.8,1,0,0
Punjab - Sutlej Basin,275.7,21.0,86.5,691.3,9.35,33.8,Agricultural,Silt,151.8,0,1,1
Odisha - Mahanadi Basin,39.5,27.1,59.7,814.5,6.2,191.3,Urban,Clay,826.0,0,0,0
Madhya Pradesh - Chambal Basin,694.9,30.0,78.8,998.1,3.69,195.7,Desert,Clay,596.9,0,0,1
Madhya Pradesh - Chambal Basin,253.9,26.6,91.8,556.1,6.66,368.8,Agricultural,Clay,426.2,1,0,0
Gujarat - Narmada Basin,354.7,35.1,93.2,773.6,9.36,190.5,Forest,Loam,1852.7,0,0,1
Telangana - Godavari Basin,178.5,24.7,62.9,119.0,1.41,236.2,Urban,Clay,276.3,1,0,0
Tamil Nadu - Cauvery Basin,55.6,31.4,76.0,96.2,2.85,141.6,Desert,Silt,79.0,0,1,0
Karnataka - Tungabhadra Basin,303.7,28.2,80.2,432.1,2.0,83.2,Urban,Silt,2701.1,1,0,0
Uttar Pradesh - Ghaghara Basin,91.9,30.1,56.7,124.4,3.01,269.3,Urban,Loam,119.8,1,1,0
Kerala - Periyar Basin,260.3,28.2,40.3,377.3,6.47,113.2,Forest,Sandy,308.6,0,1,1
Odisha - Mahanadi Basin,234.7,32.9,74.9,894.9,2.3,87.0,Urban,Sandy,95.8,1,0,0
Kerala - Periyar Basin,133.9,26.2,55.7,799.2,7.44,148.5,Agricultural,Loam,1414.4,1,1,0
Karnataka - Tungabhadra Basin,274.6,30.3,81.8,173.6,4.22,104.0,Agricultural,Loam,105.0,0,1,1
Karnataka - Tungabhadra Basin,319.0,25.3,95.3,855.0,2.46,356.7,Agricultural,Clay,142.7,0,0,0
Odisha - Mahanadi Basin,105.6,33.5,66.3,259.7,7.27,118.2,Water Body,Sandy,558.3,1,0,0
Punjab - Sutlej Basin,300.8,28.5,85.0,166.0,9.07,120.3,Forest,Loam,404.7,1,0,0
Madhya Pradesh - Chambal Basin,257.9,27.4,77.2,250.5,6.83,22.1,Forest,Loam,673.5,0,1,0
Gujarat - Narmada Basin,381.6,23.4,82.4,429.5,7.63,126.5,Agricultural,Sandy,707.9,0,1,1
Kerala - Periyar Basin,219.8,30.1,71.5,89.3,4.15,449.4,Forest,Clay,1100.8,0,1,0
Madhya Pradesh - Chambal Basin,37.3,29.9,76.6,1039.5,1.8,274.8,Agricultural,Silt,802.4,1,0,0
Andhra Pradesh - Krishna Basin,308.4,30.3,65.2,83.8,1.18,148.9,Desert,Loam,390.2,1,1,0
Gujarat - Narmada Basin,188.6,32.8,72.5,538.0,1.83,67.2,Urban,Silt,790.5,0,0,0
Assam - Brahmaputra Basin,24.3,30.4,79.2,919.3,4.1,157.2,Agricultural,Loam,768.9,1,0,0
Telangana - Godavari Basin,81.8,28.8,49.3,886.1,6.46,493.6,Agricultural,Sandy,80.4,1,1,0
Rajasthan - Luni Basin,249.3,31.0,55.4,158.2,2.63,132.9,Urban,Clay,150.1,0,0,0
Uttar Pradesh - Ghaghara Basin,329.8,27.5,71.7,340.3,10.82,188.3,Urban,Loam,346.6,0,0,1
Uttar Pradesh - Ghaghara Basin,96.8,29.6,57.9,186.4,2.97,167.4,Agricultural,Clay,817.4,1,1,0
Tamil Nadu - Cauvery Basin,89.5,28.0,69.3,195.2,6.28,247.9,Forest,Loam,25.8,1,1,0
Uttar Pradesh - Ghaghara Basin,155.9,26.2,76.4,1714.1,3.28,101.6,Urban,Silt,1118.1,1,1,1
Andhra Pradesh - Krishna Basin,171.4,23.7,77.7,336.2,7.1,195.5,Water Body,Clay,251.0,0,0,0
Kerala - Periyar Basin,378.5,26.1,50.5,886.6,5.84,22.1,Water Body,Clay,515.5,0,0,1
Karnataka - Tungabhadra Basin,547.2,20.0,59.3,334.7,5.76,85.6,Agricultural,Loam,592.7,1,1,1
Telangana - Godavari Basin,100.1,28.0,66.6,413.4,1.75,97.9,Agricultural,Sandy,317.9,1,0,0
Andhra Pradesh - Krishna Basin,233.5,24.8,77.0,420.6,8.65,92.7,Agricultural,Clay,709.6,1,0,0
Odisha - Mahanadi Basin,270.8,18.7,69.6,311.3,2.49,151.4,Urban,Sandy,1645.5,1,0,0
Bihar - Kosi Basin,143.6,30.4,57.2,329.3,4.14,255.5,Agricultural,Silt,1182.2,0,0,0
Punjab - Sutlej Basin,556.3,29.8,67.0,191.2,3.0,174.8,Urban,Loam,321.2,0,0,1
Bihar - Kosi Basin,60.8,20.9,78.8,159.2,7.05,97.5,Desert,Peat,159.1,0,0,0
Kerala - Periyar Basin,220.8,25.3,77.5,275.6,4.49,53.1,Water Body,Silt,210.4,0,0,0
West Bengal - Ganga Delta,567.7,32.8,71.3,1229.4,1.74,318.2,Water Body,Loam,294.5,1,0,0
Kerala - Periyar Basin,144.6,21.5,89.8,678.6,6.75,851.5,Urban,Sandy,359.3,1,1,0
Assam - Brahmaputra Basin,676.8,36.6,75.7,740.7,5.6,228.7,Agricultural,Silt,306.7,1,0,0
Kerala - Periyar Basin,616.6,38.2,79.5,833.1,6.74,171.4,Urban,Silt,1403.4,1,0,1
Punjab - Sutlej Basin,89.7,27.8,59.9,260.3,7.01,211.4,Forest,Clay,163.4,1,0,0
Maharashtra - Godavari Basin,477.9,27.7,73.4,990.4,10.28,223.7,Desert,Peat,678.6,1,0,1
Punjab - Sutlej Basin,268.2,34.1,80.8,457.2,6.81,43.1,Agricultural,Clay,735.8,0,1,1
Odisha - Mahanadi Basin,235.4,33.1,63.9,97.7,6.28,63.3,Agricultural,Clay,189.2,1,0,0
Kerala - Periyar Basin,74.9,23.8,29.8,487.7,3.57,52.0,Agricultural,Loam,1522.6,1,1,0
Punjab - Sutlej Basin,124.8,29.7,59.3,238.3,2.64,393.6,Agricultural,Peat,532.5,1,0,0
Maharashtra - Godavari Basin,183.0,24.2,67.3,505.0,5.02,11.8,Urban,Loam,539.2,1,1,0
Rajasthan - Luni Basin,507.6,26.8,75.4,379.6,1.99,138.7,Urban,Loam,125.3,1,0,0
Uttar Pradesh - Ghaghara Basin,78.6,25.0,61.2,543.9,3.16,105.7,Urban,Clay,477.8,0,1,0
Maharashtra - Godavari Basin,300.4,26.6,64.5,114.7,2.03,139.2,Forest,Peat,376.1,1,0,0
Odisha - Mahanadi Basin,194.4,28.1,84.8,374.6,1.81,183.1,Forest,Clay,755.2,1,0,0
Assam - Brahmaputra Basin,162.3,25.8,70.2,487.7,4.43,135.6,Agricultural,Silt,1201.5,1,0,0
Bihar - Kosi Basin,286.7,33.2,67.6,167.2,2.5,184.0,Agricultural,Loam,608.2,1,1,0
Rajasthan - Luni Basin,273.7,28.1,72.0,421.0,5.18,64.9,Forest,Loam,371.2,1,1,0
Telangana - Godavari Basin,29.5,24.5,95.3,1009.7,6.67,196.7,Agricultural,Silt,1059.6,0,0,1
Gujarat - Narmada Basin,242.5,24.1,47.1,1146.5,1.75,70.4,Agricultural,Clay,464.1,0,1,0
Bihar - Kosi Basin,259.9,33.0,84.4,411.7,2.37,308.9,Agricultural,Loam,171.1,0,1,0
Kerala - Periyar Basin,746.9,32.2,100.0,854.4,3.07,59.2,Forest,Peat,620.0,1,0,1
Bihar - Kosi Basin,186.2,25.7,91.5,196.7,2.13,138.5,Forest,Sandy,1935.1,1,1,0
Bihar - Kosi Basin,196.5,25.8,36.7,635.7,1.31,88.7,Agricultural,Sandy,2274.1,0,0,0
Assam - Brahmaputra Basin,64.1,29.8,68.5,421.9,10.86,72.1,Agricultural,Sandy,585.3,0,1,1
Punjab - Sutlej Basin,184.9,27.2,66.2,362.7,4.51,195.2,Water Body,Peat,252.7,0,1,1
Karnataka - Tungabhadra Basin,386.5,22.9,62.0,79.9,4.59,215.2,Agricultural,Peat,524.3,0,1,0
Rajasthan - Luni Basin,285.7,25.2,80.7,51.4,3.59,23.5,Forest,Clay,670.1,0,0,0
Maharashtra - Godavari Basin,244.1,28.0,77.6,268.0,1.61,24.1,Agricultural,Clay,1488.8,1,1,0
Bihar - Kosi Basin,19.9,27.0,41.6,114.3,2.03,157.0,Forest,Clay,303.1,1,1,0
Madhya Pradesh - Chambal Basin,132.3,30.2,83.8,202.8,1.15,176.9,Agricultural,Clay,2076.3,0,1,0
Odisha - Mahanadi Basin,208.7,30.0,71.1,761.6,1.1,54.4,Agricultural,Loam,828.8,1,0,0
Bihar - Kosi Basin,683.0,25.7,100.0,765.1,4.66,158.2,Agricultural,Loam,815.7,1,0,0
Assam - Brahmaputra Basin,448.5,24.9,81.7,91.6,0.62,56.5,Desert,Sandy,1471.3,0,0,0
Odisha - Mahanadi Basin,237.9,23.5,71.7,612.3,6.43,179.4,Desert,Sandy,1098.9,0,1,1
Karnataka - Tungabhadra Basin,233.7,31.4,69.5,93.8,8.99,71.1,Forest,Silt,818.4,1,1,0
Madhya Pradesh - Chambal Basin,84.4,25.6,88.7,91.0,9.34,109.5,Urban,Loam,493.7,1,1,0
Odisha - Mahanadi Basin,52.7,22.3,87.7,224.5,4.88,71.4,Water Body,Sandy,489.5,0,0,0
Andhra Pradesh - Krishna Basin,400.9,27.2,62.1,209.0,2.11,68.7,Agricultural,Sandy,2097.4,0,0,0
Tamil Nadu - Cauvery Basin,528.3,29.2,56.3,309.2,2.28,313.2,Urban,Clay,332.4,1,1,0
Rajasthan - Luni Basin,185.9,30.6,80.0,54.4,1.43,160.2,Agricultural,Clay,145.3,0,0,0
Punjab - Sutlej Basin,32.8,32.6,74.4,415.0,1.18,91.9,Urban,Clay,522.5,0,1,1
Assam - Brahmaputra Basin,116.4,27.1,100.0,552.9,7.03,40.7,Forest,Silt,318.0,0,0,0
Rajasthan - Luni Basin,54.5,32.0,72.3,207.2,2.0,51.6,Urban,Loam,363.9,1,1,0
Gujarat - Narmada Basin,494.0,27.7,78.4,131.0,5.23,98.0,Desert,Sandy,1014.2,0,1,1
Rajasthan - Luni Basin,136.9,30.0,61.9,375.2,6.98,128.1,Agricultural,Silt,913.6,0,1,1
Karnataka - Tungabhadra Basin,54.2,27.9,65.7,268.8,8.77,37.6,Agricultural,Loam,466.5,1,1,0
Madhya Pradesh - Chambal Basin,196.4,27.1,76.9,799.0,4.54,53.2,Desert,Clay,696.2,1,0,0
Maharashtra - Godavari Basin,235.4,26.5,54.8,7.2,1.92,115.9,Forest,Sandy,470.4,0,0,0
Rajasthan - Luni Basin,677.1,36.7,68.2,340.8,5.96,152.5,Forest,Loam,1387.1,0,0,1
Karnataka - Tungabhadra Basin,213.5,33.0,53.7,228.3,7.3,322.0,Water Body,Clay,946.2,0,0,1
Odisha - Mahanadi Basin,531.4,26.8,64.6,893.8,3.2,20.3,Agricultural,Loam,2196.2,1,0,0
West Bengal - Ganga Delta,507.8,24.0,67.9,565.0,1.53,295.7,Agricultural,Silt,514.2,0,1,1
West Bengal - Ganga Delta,293.9,34.6,79.8,332.5,9.44,264.0,Water Body,Sandy,294.0,0,1,1
Maharashtra - Godavari Basin,192.5,29.3,60.3,25.0,0.88,107.0,Agricultural,Loam,155.0,0,1,0
Punjab - Sutlej Basin,105.3,32.4,62.9,313.0,9.39,201.4,Agricultural,Sandy,1598.8,1,0,0
Rajasthan - Luni Basin,100.0,24.5,54.4,346.7,6.7,221.5,Water Body,Clay,215.2,0,1,0
Kerala - Periyar Basin,134.4,37.5,38.6,278.6,4.45,228.8,Urban,Sandy,224.2,0,1,0
Telangana - Godavari Basin,459.7,30.0,29.2,106.8,3.46,39.6,Urban,Silt,367.1,0,1,1
Telangana - Godavari Basin,83.8,26.5,86.4,422.1,4.94,215.9,Water Body,Silt,919.7,1,0,0
Gujarat - Narmada Basin,178.0,31.8,47.9,283.6,2.06,98.2,Agricultural,Sandy,326.9,0,0,0
Bihar - Kosi Basin,182.8,29.2,64.4,245.1,2.59,161.4,Forest,Silt,1305.3,1,1,0
Bihar - Kosi Basin,369.5,27.0,67.6,186.5,4.3,251.4,Forest,Loam,760.1,1,1,0
Rajasthan - Luni Basin,104.0,21.3,82.9,1148.1,1.77,85.2,Agricultural,Clay,909.2,0,0,0
Odisha - Mahanadi Basin,468.7,31.2,76.4,572.2,1.92,30.5,Forest,Clay,292.9,0,0,0
Madhya Pradesh - Chambal Basin,152.2,29.2,68.9,143.9,8.0,432.0,Forest,Peat,1629.6,0,1,0
Andhra Pradesh - Krishna Basin,591.2,29.3,72.2,677.9,0.58,604.8,Water Body,Silt,443.1,1,0,1
Uttar Pradesh - Ghaghara Basin,188.5,36.2,71.7,136.9,3.36,317.5,Urban,Peat,1211.8,0,1,1
Uttar Pradesh - Ghaghara Basin,265.5,29.2,56.1,1032.6,9.73,194.9,Forest,Clay,303.3,0,0,0
Maharashtra - Godavari Basin,75.3,27.9,73.7,571.2,1.76,100.2,Desert,Loam,289.6,0,0,0
Kerala - Periyar Basin,232.4,32.6,100.0,303.2,8.59,140.5,Agricultural,Peat,1569.6,0,1,1
Bihar - Kosi Basin,178.7,30.4,77.6,176.4,4.02,170.9,Urban,Silt,912.7,0,1,1
Uttar Pradesh - Ghaghara Basin,336.7,36.0,58.5,1007.6,4.97,45.5,Agricultural,Loam,578.9,1,1,0
Karnataka - Tungabhadra Basin,245.2,23.6,50.6,49.7,4.68,106.2,Agricultural,Clay,1708.5,0,1,1
Telangana - Godavari Basin,87.5,33.2,37.8,1041.9,1.09,103.3,Urban,Silt,709.0,1,1,0
Rajasthan - Luni Basin,83.3,29.6,74.3,472.6,2.01,48.1,Desert,Sandy,707.2,1,1,0
Uttar Pradesh - Ghaghara Basin,81.3,20.6,97.0,319.9,3.74,220.5,Water Body,Sandy,620.2,0,0,0
Madhya Pradesh - Chambal Basin,164.7,32.7,93.2,222.1,2.38,95.1,Urban,Loam,1810.8,0,1,0
Uttar Pradesh - Ghaghara Basin,116.6,32.1,73.8,282.3,0.72,331.3,Agricultural,Silt,411.2,0,1,0
Odisha - Mahanadi Basin,169.2,32.5,45.7,339.2,7.82,83.4,Water Body,Loam,2231.3,1,0,0
Karnataka - Tungabhadra Basin,182.2,27.3,92.1,1033.0,3.79,38.3,Forest,Loam,223.1,1,1,0
Gujarat - Narmada Basin,373.0,33.0,85.6,208.6,2.48,183.5,Water Body,Clay,182.4,0,0,0
Rajasthan - Luni Basin,146.0,28.3,85.5,916.8,3.71,220.1,Forest,Silt,422.3,1,0,0
Madhya Pradesh - Chambal Basin,291.1,29.3,62.7,105.7,6.54,121.8,Urban,Clay,1220.4,1,1,0
Assam - Brahmaputra Basin,193.8,34.7,84.1,461.4,4.27,95.5,Forest,Sandy,906.8,1,0,0
Madhya Pradesh - Chambal Basin,187.7,25.4,49.2,605.6,14.79,73.1,Forest,Clay,517.5,1,1,0
Punjab - Sutlej Basin,270.1,27.1,62.5,304.9,6.53,64.3,Forest,Sandy,562.3,1,0,0
West Bengal - Ganga Delta,120.6,24.5,56.3,463.9,1.07,252.4,Forest,Clay,919.9,1,0,0
Madhya Pradesh - Chambal Basin,333.2,34.0,76.3,1598.6,4.02,375.6,Agricultural,Sandy,733.2,1,1,1
Odisha - Mahanadi Basin,581.5,25.9,90.6,203.2,8.63,12.6,Urban,Sandy,878.2,1,0,0
Rajasthan - Luni Basin,356.6,18.5,65.8,312.4,2.66,318.5,Urban,Sandy,584.2,1,0,0
Punjab - Sutlej Basin,140.0,37.4,63.3,660.8,2.98,97.4,Urban,Loam,718.2,1,1,0
Andhra Pradesh - Krishna Basin,426.6,27.4,46.9,202.3,4.06,106.6,Agricultural,Loam,165.3,0,1,0
Telangana - Godavari Basin,324.5,34.1,51.5,593.0,3.25,103.9,Urban,Loam,2564.7,1,0,0
Andhra Pradesh - Krishna Basin,58.9,28.3,79.6,421.7,7.62,253.8,Urban,Peat,1410.3,1,0,0
West Bengal - Ganga Delta,389.9,23.5,85.7,119.7,6.71,235.2,Urban,Clay,91.1,1,1,0
Telangana - Godavari Basin,35.2,29.7,74.0,553.6,2.44,211.3,Forest,Clay,632.6,1,0,0
Gujarat - Narmada Basin,43.2,28.8,75.1,398.3,4.19,130.9,Water Body,Clay,394.9,0,0,1
Karnataka - Tungabhadra Basin,78.3,30.3,76.6,1256.7,1.63,61.1,Forest,Clay,235.7,1,1,0
Assam - Brahmaputra Basin,300.9,33.1,65.7,546.3,3.01,206.2,Urban,Loam,519.5,0,0,0
Assam - Brahmaputra Basin,327.9,24.7,33.8,677.6,1.82,202.7,Forest,Loam,978.9,0,1,1
Uttar Pradesh - Ghaghara Basin,99.6,25.0,71.9,539.4,4.09,301.7,Water Body,Clay,1074.2,0,0,0
Tamil Nadu - Cauvery Basin,331.2,23.2,52.3,121.8,4.98,34.0,Forest,Loam,591.2,0,0,0
Andhra Pradesh - Krishna Basin,331.1,27.2,82.5,411.9,0.37,127.6,Desert,Loam,1457.9,1,0,0
Punjab - Sutlej Basin,267.8,30.2,61.6,257.9,6.12,16.5,Agricultural,Loam,549.7,1,1,0
Assam - Brahmaputra Basin,342.4,25.8,69.4,291.9,3.94,133.7,Forest,Silt,628.4,1,1,0
Telangana - Godavari Basin,148.4,25.2,79.3,507.9,3.27,402.9,Forest,Clay,1021.6,0,0,0
Telangana - Godavari Basin,534.3,31.0,70.6,787.2,4.78,8.2,Agricultural,Sandy,424.8,0,1,1
Odisha - Mahanadi Basin,123.7,27.5,80.3,94.1,0.2,240.3,Urban,Peat,167.0,1,1,0
Punjab - Sutlej Basin,240.3,24.2,77.5,98.4,11.25,98.2,Agricultural,Silt,58.0,1,0,0
West Bengal - Ganga Delta,71.1,29.1,77.1,238.0,1.12,429.9,Forest,Sandy,373.5,1,1,0
Bihar - Kosi Basin,229.2,23.2,71.9,1009.1,1.52,171.0,Agricultural,Clay,62.8,0,0,0
Bihar - Kosi Basin,219.8,22.3,83.1,296.0,0.16,333.9,Urban,Clay,492.7,0,0,0
Odisha - Mahanadi Basin,192.9,31.5,57.0,949.0,0.63,173.8,Agricultural,Clay,302.1,1,0,0
Telangana - Godavari Basin,24.2,25.8,76.6,289.9,5.1,209.6,Urban,Silt,177.4,1,1,0
Maharashtra - Godavari Basin,14.4,24.0,58.3,113.0,3.88,286.7,Water Body,Clay,737.4,1,1,0
Punjab - Sutlej Basin,114.3,24.6,62.0,107.9,2.83,148.2,Water Body,Peat,465.3,1,0,0
Maharashtra - Godavari Basin,586.1,37.0,77.3,230.1,10.06,203.6,Agricultural,Clay,399.8,1,0,1
Maharashtra - Godavari Basin,475.1,27.8,54.8,260.1,5.51,333.6,Forest,Loam,250.0,0,1,0
Uttar Pradesh - Ghaghara Basin,330.1,22.8,82.9,750.4,0.99,310.3,Agricultural,Clay,489.4,0,1,1
Rajasthan - Luni Basin,237.1,22.4,90.9,293.6,11.89,321.9,Water Body,Silt,893.2,1,0,0
Karnataka - Tungabhadra Basin,266.4,20.9,77.9,1435.7,8.4,192.4,Urban,Silt,1654.0,1,1,1
Odisha - Mahanadi Basin,120.6,27.4,61.2,727.8,5.89,149.1,Water Body,Clay,771.4,0,0,1
Maharashtra - Godavari Basin,197.1,32.5,86.4,50.8,8.7,536.4,Forest,Silt,348.9,1,1,0
Maharashtra - Godavari Basin,242.2,25.6,82.1,599.0,6.02,348.3,Agricultural,Clay,247.2,1,0,0
Karnataka - Tungabhadra Basin,677.2,29.3,56.9,130.7,11.34,65.7,Water Body,Loam,123.5,1,1,1
Bihar - Kosi Basin,265.9,31.9,49.2,247.8,5.33,214.3,Urban,Loam,2085.5,1,0,0
Uttar Pradesh - Ghaghara Basin,127.9,37.2,84.4,391.9,0.96,189.0,Forest,Silt,707.6,1,0,0
Karnataka - Tungabhadra Basin,286.8,32.0,55.7,562.3,1.89,247.6,Water Body,Sandy,649.2,1,0,0
Tamil Nadu - Cauvery Basin,147.4,34.6,59.1,290.1,5.43,113.5,Desert,Clay,874.2,0,0,0
Madhya Pradesh - Chambal Basin,438.4,30.2,74.2,319.7,5.45,65.3,Agricultural,Silt,203.1,0,1,1
Uttar Pradesh - Ghaghara Basin,55.9,33.3,86.4,265.3,2.99,170.7,Urban,Silt,1557.6,1,1,0
Odisha - Mahanadi Basin,226.6,26.0,68.8,280.5,2.71,272.9,Agricultural,Silt,1599.2,1,0,0
Tamil Nadu - Cauvery Basin,158.8,33.6,90.8,237.7,3.15,151.3,Desert,Clay,725.6,1,0,0
Tamil Nadu - Cauvery Basin,150.5,28.9,64.8,534.2,4.26,154.0,Agricultural,Silt,751.8,0,0,0
Maharashtra - Godavari Basin,493.6,25.6,61.0,654.8,3.11,102.7,Forest,Sandy,597.9,0,0,1
Bihar - Kosi Basin,359.1,31.6,47.2,437.5,3.29,118.4,Urban,Peat,529.9,1,1,0
Tamil Nadu - Cauvery Basin,470.4,34.2,58.8,239.1,6.57,69.7,Agricultural,Clay,803.3,1,0,0
West Bengal - Ganga Delta,385.1,27.7,57.6,114.2,5.12,186.7,Agricultural,Sandy,1860.2,0,0,0
Karnataka - Tungabhadra Basin,233.4,25.5,51.6,141.4,2.62,71.9,Agricultural,Loam,1024.9,1,0,0
Odisha - Mahanadi Basin,315.8,29.4,66.3,140.4,5.8,91.6,Agricultural,Clay,2033.4,0,1,1
Tamil Nadu - Cauvery Basin,134.1,33.0,50.2,148.0,3.16,210.4,Agricultural,Sandy,121.5,0,0,0
Uttar Pradesh - Ghaghara Basin,182.0,30.3,68.5,131.5,1.36,23.5,Forest,Clay,171.1,0,1,0
Assam - Brahmaputra Basin,73.3,24.5,57.4,1183.1,4.47,207.8,Agricultural,Silt,485.9,1,0,0
West Bengal - Ganga Delta,47.4,26.3,74.0,299.6,2.9,145.1,Agricultural,Loam,392.3,0,1,0
Andhra Pradesh - Krishna Basin,377.1,29.3,64.6,475.3,2.7,281.7,Desert,Loam,472.7,1,1,0
Punjab - Sutlej Basin,300.9,29.9,83.4,212.5,5.52,153.6,Agricultural,Sandy,954.8,1,1,0
Maharashtra - Godavari Basin,231.3,27.5,62.5,121.2,5.8,117.6,Forest,Sandy,350.9,1,1,0
Punjab - Sutlej Basin,355.2,19.8,72.2,251.8,2.7,64.3,Agricultural,Silt,128.5,0,0,0
Punjab - Sutlej Basin,348.6,30.4,100.0,266.8,2.4,51.0,Urban,Sandy,750.5,1,0,0
Bihar - Kosi Basin,21.3,25.2,74.7,711.9,1.1,23.3,Urban,Loam,840.6,1,0,0
Andhra Pradesh - Krishna Basin,198.9,25.5,52.3,582.7,6.59,50.9,Urban,Clay,532.6,0,0,1
Karnataka - Tungabhadra Basin,380.8,26.0,71.4,555.7,1.73,224.3,Urban,Loam,293.1,0,0,0
Odisha - Mahanadi Basin,138.0,25.7,45.8,1103.3,9.01,29.1,Desert,Sandy,577.3,1,1,0
Telangana - Godavari Basin,537.3,26.6,58.9,1159.8,0.26,370.6,Forest,Silt,709.0,1,0,0
Kerala - Periyar Basin,336.1,27.9,96.2,316.3,6.88,63.6,Agricultural,Clay,508.4,0,1,1
Madhya Pradesh - Chambal Basin,555.1,32.3,64.1,682.2,0.99,420.0,Agricultural,Silt,927.6,0,1,1
West Bengal - Ganga Delta,599.3,28.4,65.5,197.0,5.18,79.0,Agricultural,Loam,680.8,0,1,1
Assam - Brahmaputra Basin,153.6,35.6,68.8,240.3,7.38,150.9,Forest,Loam,592.8,0,1,1
Gujarat - Narmada Basin,279.9,30.5,85.1,235.2,5.09,316.1,Agricultural,Loam,277.4,0,0,0
Assam - Brahmaputra Basin,208.0,30.0,53.1,1531.4,3.63,76.8,Forest,Loam,578.3,0,1,1
Madhya Pradesh - Chambal Basin,439.5,32.7,65.4,632.8,7.79,325.3,Urban,Clay,393.6,0,0,1
Punjab - Sutlej Basin,306.4,27.4,80.0,344.4,2.15,361.4,Agricultural,Sandy,570.6,1,0,0
Punjab - Sutlej Basin,136.5,19.9,73.6,354.5,3.69,57.2,Agricultural,Clay,1137.6,1,0,0
Andhra Pradesh - Krishna Basin,59.2,22.4,89.1,919.3,0.64,165.9,Water Body,Clay,285.0,0,0,0
Karnataka - Tungabhadra Basin,540.0,23.7,54.6,316.1,3.99,117.9,Forest,Sandy,1170.1,1,1,0
Madhya Pradesh - Chambal Basin,328.9,27.2,90.4,420.1,1.86,103.4,Agricultural,Sandy,415.9,0,1,1
Assam - Brahmaputra Basin,296.4,31.6,45.6,416.8,1.88,52.3,Water Body,Loam,201.5,0,0,0
Maharashtra - Godavari Basin,164.7,38.2,66.3,256.7,4.35,134.0,Forest,Clay,306.0,0,0,0
Madhya Pradesh - Chambal Basin,294.3,17.9,68.7,222.3,5.18,168.7,Agricultural,Loam,133.2,1,0,0
Gujarat - Narmada Basin,269.2,21.1,73.1,889.5,2.01,50.8,Urban,Silt,1018.2,0,0,1
Kerala - Periyar Basin,225.5,23.4,56.0,520.5,1.8,74.3,Agricultural,Silt,2171.1,0,0,0
Madhya Pradesh - Chambal Basin,240.2,33.7,39.9,369.5,3.62,55.8,Forest,Loam,515.6,1,0,0
Maharashtra - Godavari Basin,105.5,23.1,73.3,1705.0,5.4,120.0,Water Body,Loam,389.6,0,0,1
Andhra Pradesh - Krishna Basin,229.3,35.9,82.6,72.5,2.71,31.1,Agricultural,Silt,986.7,0,0,0
Odisha - Mahanadi Basin,326.5,23.9,54.1,564.5,1.82,163.4,Forest,Silt,1048.7,0,1,1
Rajasthan - Luni Basin,159.3,23.7,88.4,1103.6,6.07,180.3,Agricultural,Sandy,501.5,1,1,0
Maharashtra - Godavari Basin,235.3,30.5,74.8,515.9,5.04,92.3,Forest,Sandy,328.1,0,1,0
Rajasthan - Luni Basin,710.5,29.5,70.7,589.0,2.9,111.1,Agricultural,Loam,1161.4,1,0,0
Maharashtra - Godavari Basin,418.9,27.1,84.2,348.7,2.91,43.8,Agricultural,Sandy,1412.9,0,1,0
Maharashtra - Godavari Basin,119.7,28.8,89.7,90.3,0.39,231.3,Desert,Loam,431.0,1,1,0
Punjab - Sutlej Basin,405.2,29.2,87.3,246.7,6.75,330.4,Agricultural,Silt,537.3,1,1,0
Rajasthan - Luni Basin,199.1,35.7,48.4,555.7,13.48,39.9,Agricultural,Sandy,422.1,1,0,0
Odisha - Mahanadi Basin,122.8,28.5,71.4,877.2,1.03,78.8,Agricultural,Loam,1842.0,1,0,0
Telangana - Godavari Basin,406.2,26.9,76.1,365.8,3.72,72.8,Urban,Clay,417.1,1,0,0
Rajasthan - Luni Basin,330.0,29.1,80.1,334.3,4.81,123.3,Agricultural,Silt,489.7,0,1,1
Karnataka - Tungabhadra Basin,166.4,27.1,73.5,548.1,1.97,19.4,Agricultural,Silt,370.1,0,1,0
Odisha - Mahanadi Basin,94.9,22.7,61.9,259.4,8.26,197.7,Forest,Loam,1072.2,1,1,0
Gujarat - Narmada Basin,443.9,27.0,93.9,253.4,2.31,96.7,Agricultural,Loam,1687.1,0,0,1
Bihar - Kosi Basin,166.2,29.1,67.2,629.3,2.97,277.2,Urban,Silt,531.9,1,0,0
Andhra Pradesh - Krishna Basin,91.2,26.2,63.8,440.6,5.0,67.0,Agricultural,Loam,1128.3,1,1,0
Rajasthan - Luni Basin,380.6,28.5,57.6,620.8,7.95,205.3,Agricultural,Peat,840.4,0,1,1
Rajasthan - Luni Basin,276.1,30.2,97.0,285.8,2.27,19.0,Agricultural,Loam,488.6,1,1,0
Kerala - Periyar Basin,351.0,24.0,26.3,1024.1,1.65,407.7,Water Body,Clay,187.6,0,1,1
Assam - Brahmaputra Basin,229.7,23.9,53.0,581.7,7.59,128.4,Forest,Clay,252.4,1,0,0
West Bengal - Ganga Delta,202.6,28.9,80.2,1168.2,4.21,260.3,Urban,Clay,563.3,0,0,1
West Bengal - Ganga Delta,304.6,26.6,71.1,559.8,9.88,3.6,Agricultural,Sandy,531.1,1,0,0
Andhra Pradesh - Krishna Basin,312.5,30.8,63.3,263.7,0.8,62.0,Urban,Silt,614.9,1,1,0
Kerala - Periyar Basin,265.0,32.2,82.9,743.9,0.98,118.7,Urban,Clay,232.5,1,0,0
Punjab - Sutlej Basin,60.5,32.0,76.2,411.1,4.38,255.0,Agricultural,Loam,916.7,1,1,0
Gujarat - Narmada Basin,618.2,26.1,62.9,314.7,2.27,173.0,Agricultural,Silt,1025.9,1,1,0
Karnataka - Tungabhadra Basin,29.7,27.5,80.2,706.0,4.53,42.7,Agricultural,Sandy,960.7,1,1,0
Odisha - Mahanadi Basin,358.9,21.5,51.9,481.6,3.21,220.3,Agricultural,Silt,1665.1,1,0,0
Bihar - Kosi Basin,235.7,27.5,66.7,49.1,11.19,337.8,Agricultural,Silt,746.3,1,1,0
Karnataka - Tungabhadra Basin,352.7,29.4,52.4,708.4,0.43,150.4,Forest,Peat,1074.3,1,0,0
Rajasthan - Luni Basin,111.5,28.3,45.9,324.8,1.93,107.8,Water Body,Clay,624.3,1,1,0
Rajasthan - Luni Basin,163.0,30.5,40.5,321.5,9.53,87.4,Desert,Sandy,164.0,1,1,0
Rajasthan - Luni Basin,167.0,38.9,100.0,484.1,1.32,128.8,Urban,Sandy,604.4,1,0,0
Andhra Pradesh - Krishna Basin,175.4,30.6,56.1,336.6,3.49,87.6,Forest,Clay,458.0,0,1,0
Punjab - Sutlej Basin,70.0,25.2,80.6,847.6,2.41,189.1,Agricultural,Sandy,1079.5,1,1,0
Bihar - Kosi Basin,504.2,23.5,70.2,112.8,2.41,128.8,Forest,Loam,285.8,1,1,0
Maharashtra - Godavari Basin,204.2,29.4,85.6,1144.8,2.85,238.6,Agricultural,Sandy,547.2,0,0,0
Gujarat - Narmada Basin,353.3,32.5,60.2,283.6,1.89,75.3,Urban,Silt,1262.0,1,1,0
Maharashtra - Godavari Basin,48.0,30.1,62.1,1043.5,5.88,156.6,Agricultural,Peat,535.6,0,1,1
Karnataka - Tungabhadra Basin,66.0,31.3,76.7,1216.1,3.14,325.7,Agricultural,Loam,355.0,1,0,0
Rajasthan - Luni Basin,158.5,25.8,67.8,437.4,6.06,163.5,Agricultural,Silt,658.0,0,1,1
Kerala - Periyar Basin,638.2,25.3,71.1,416.9,4.38,158.5,Urban,Sandy,549.2,1,0,0
Kerala - Periyar Basin,212.2,29.4,79.8,124.8,2.71,287.5,Urban,Silt,675.0,0,1,0
Punjab - Sutlej Basin,170.3,35.6,77.3,918.9,12.02,293.9,Urban,Silt,1281.7,1,0,1
Karnataka - Tungabhadra Basin,171.5,26.9,67.7,123.3,3.27,71.1,Forest,Loam,568.3,0,0,0
Karnataka - Tungabhadra Basin,37.9,35.5,83.2,488.2,4.64,59.5,Urban,Peat,379.9,1,1,0
Telangana - Godavari Basin,277.7,26.1,69.3,148.0,0.68,291.5,Urban,Peat,1332.9,0,0,0
West Bengal - Ganga Delta,484.5,30.8,70.6,540.4,6.49,71.9,Forest,Clay,103.2,0,0,0
West Bengal - Ganga Delta,191.1,27.0,79.8,1002.2,3.94,275.9,Agricultural,Peat,1163.6,0,0,1
Gujarat - Narmada Basin,81.7,27.9,56.2,1670.2,4.76,151.2,Urban,Loam,520.3,1,1,1
Karnataka - Tungabhadra Basin,73.5,35.5,69.2,822.1,1.21,325.3,Forest,Loam,459.6,1,1,0
Madhya Pradesh - Chambal Basin,295.7,23.0,65.3,170.7,1.76,199.0,Urban,Sandy,254.3,1,0,0
Telangana - Godavari Basin,185.6,30.2,73.1,1889.4,9.79,380.4,Agricultural,Peat,855.1,0,0,1
Tamil Nadu - Cauvery Basin,259.8,25.7,62.1,239.8,1.43,204.8,Urban,Loam,759.4,1,0,0
Gujarat - Narmada Basin,214.8,27.2,31.5,363.3,7.86,46.6,Agricultural,Sandy,888.1,1,0,0
Tamil Nadu - Cauvery Basin,381.8,21.7,65.3,441.9,2.71,175.2,Forest,Loam,724.1,0,1,1
Odisha - Mahanadi Basin,330.3,25.3,33.0,198.7,16.72,282.3,Urban,Silt,421.5,0,0,1
Karnataka - Tungabhadra Basin,185.0,28.2,68.5,987.9,6.04,172.3,Urban,Clay,219.7,1,0,1
Maharashtra - Godavari Basin,164.0,26.8,86.2,280.2,5.62,294.9,Water Body,Sandy,207.3,1,0,0
Assam - Brahmaputra Basin,181.6,30.7,90.2,203.3,3.11,393.1,Urban,Loam,564.3,1,0,0
Andhra Pradesh - Krishna Basin,203.8,25.9,60.7,582.0,5.88,88.1,Agricultural,Loam,617.5,1,0,0
Punjab - Sutlej Basin,142.8,30.2,67.8,370.2,6.12,482.7,Urban,Sandy,628.5,1,0,0
Gujarat - Narmada Basin,38.9,30.5,69.3,640.4,5.09,78.2,Forest,Loam,885.8,0,1,0
Andhra Pradesh - Krishna Basin,492.6,22.8,75.5,953.3,3.21,135.2,Forest,Sandy,921.7,1,0,0
Punjab - Sutlej Basin,132.9,31.2,57.7,1048.6,7.65,278.3,Agricultural,Clay,528.8,1,0,0
Bihar - Kosi Basin,238.7,27.8,75.5,522.8,3.62,63.1,Agricultural,Silt,1228.2,0,1,1
Odisha - Mahanadi Basin,292.3,25.0,92.0,1390.8,5.23,201.3,Water Body,Clay,933.0,0,0,1
Rajasthan - Luni Basin,153.8,21.7,88.9,432.9,0.77,169.4,Agricultural,Sandy,1146.1,0,1,0
Maharashtra - Godavari Basin,323.5,28.5,83.3,252.6,2.0,189.5,Forest,Sandy,275.0,0,0,0
West Bengal - Ganga Delta,66.1,26.0,78.9,852.7,5.44,317.4,Agricultural,Loam,568.9,1,1,0
Punjab - Sutlej Basin,218.9,34.1,66.0,200.4,2.13,156.1,Water Body,Loam,499.7,0,1,0
West Bengal - Ganga Delta,427.1,26.7,100.0,135.2,2.37,415.2,Urban,Sandy,41.1,1,0,0
Telangana - Godavari Basin,93.9,32.4,98.7,66.3,7.75,323.6,Agricultural,Sandy,741.3,1,0,0
Madhya Pradesh - Chambal Basin,282.1,22.1,49.6,165.6,2.93,161.4,Agricultural,Clay,299.9,1,1,0
Punjab - Sutlej Basin,106.8,22.0,78.7,152.8,15.75,140.7,Agricultural,Peat,385.6,0,1,1
Tamil Nadu - Cauvery Basin,126.4,28.1,53.4,270.7,9.14,285.5,Agricultural,Loam,306.4,1,0,0
Karnataka - Tungabhadra Basin,150.2,30.1,92.1,869.1,4.43,332.7,Forest,Clay,1359.8,0,0,0
Telangana - Godavari Basin,474.9,30.6,75.1,384.4,5.83,262.5,Forest,Sandy,535.4,1,1,0
Punjab - Sutlej Basin,200.1,26.8,83.0,263.5,4.69,264.0,Forest,Sandy,760.7,0,0,0
Assam - Brahmaputra Basin,38.8,24.0,42.8,108.4,3.73,358.5,Urban,Clay,320.7,1,1,0
Telangana - Godavari Basin,310.1,23.8,71.6,190.1,3.85,447.5,Agricultural,Clay,1070.4,0,0,0
Assam - Brahmaputra Basin,293.5,21.5,59.2,590.1,3.41,318.2,Forest,Sandy,545.0,1,0,0
Odisha - Mahanadi Basin,305.6,28.3,64.1,328.7,2.97,98.9,Agricultural,Loam,657.4,1,0,0
Punjab - Sutlej Basin,132.0,22.0,56.7,490.6,3.27,288.2,Agricultural,Clay,660.1,0,1,0
West Bengal - Ganga Delta,786.1,29.1,38.6,198.6,1.89,81.2,Urban,Clay,2359.2,1,1,1
Punjab - Sutlej Basin,134.3,27.4,74.1,207.6,4.55,43.9,Urban,Clay,696.4,0,1,1
Rajasthan - Luni Basin,80.3,26.9,69.6,126.0,2.15,162.9,Forest,Loam,717.2,1,1,0
Punjab - Sutlej Basin,267.1,26.3,95.8,707.5,2.59,541.2,Agricultural,Sandy,659.1,1,0,0
Karnataka - Tungabhadra Basin,337.3,22.3,66.7,769.4,1.84,137.9,Desert,Peat,387.1,1,0,0
Telangana - Godavari Basin,213.0,39.5,94.9,75.4,3.2,462.6,Agricultural,Peat,118.0,1,1,0
Punjab - Sutlej Basin,350.8,32.3,75.8,782.5,2.78,226.4,Water Body,Loam,342.0,0,0,1
Gujarat - Narmada Basin,147.3,29.3,78.3,554.2,2.56,169.1,Urban,Silt,517.4,1,1,0
Karnataka - Tungabhadra Basin,294.2,27.5,58.7,859.3,3.67,314.5,Forest,Loam,990.9,1,1,0
Punjab - Sutlej Basin,283.3,25.3,84.2,96.8,1.95,136.1,Agricultural,Sandy,2814.2,1,1,0
Karnataka - Tungabhadra Basin,578.2,25.0,90.3,384.3,1.72,110.7,Urban,Clay,273.6,0,0,0
Telangana - Godavari Basin,187.7,25.2,55.4,519.3,1.41,113.7,Water Body,Loam,201.4,1,0,0
Bihar - Kosi Basin,267.0,38.9,100.0,823.0,10.96,41.4,Forest,Clay,514.1,1,0,0
Madhya Pradesh - Chambal Basin,209.0,24.0,86.7,263.2,2.76,398.0,Agricultural,Loam,1717.9,1,1,0
Assam - Brahmaputra Basin,189.6,27.5,82.6,880.1,3.53,184.1,Forest,Clay,471.4,0,0,0
Andhra Pradesh - Krishna Basin,301.6,30.4,57.0,945.0,2.96,296.9,Urban,Loam,305.4,1,1,1
Andhra Pradesh - Krishna Basin,60.2,32.2,91.2,556.0,3.34,108.8,Urban,Peat,325.5,1,1,0
Kerala - Periyar Basin,156.9,33.6,60.2,490.3,2.83,125.7,Agricultural,Loam,274.2,0,1,0
Gujarat - Narmada Basin,81.9,33.2,62.9,103.7,5.38,82.8,Desert,Sandy,557.1,0,1,0
Assam - Brahmaputra Basin,194.6,25.9,36.0,550.0,2.69,66.2,Agricultural,Loam,91.7,1,0,0
Andhra Pradesh - Krishna Basin,283.5,25.9,33.8,119.4,9.99,36.5,Urban,Clay,882.3,1,0,0
Karnataka - Tungabhadra Basin,32.6,29.0,54.0,734.7,5.97,233.6,Urban,Silt,78.3,1,0,0
Tamil Nadu - Cauvery Basin,150.9,23.4,79.8,1186.5,2.27,90.3,Agricultural,Loam,2006.7,0,1,1
Rajasthan - Luni Basin,103.9,28.8,75.6,539.3,4.26,19.2,Water Body,Loam,530.1,1,0,0
Uttar Pradesh - Ghaghara Basin,74.6,27.2,84.5,464.8,5.05,115.9,Forest,Loam,764.0,1,0,0
Assam - Brahmaputra Basin,97.5,26.0,51.7,587.3,3.08,199.4,Agricultural,Clay,643.4,1,1,0
Gujarat - Narmada Basin,282.9,25.1,73.9,376.9,1.28,108.7,Forest,Peat,945.6,0,1,0
Bihar - Kosi Basin,264.3,27.1,35.3,69.1,2.44,104.7,Desert,Silt,175.0,1,1,0
Odisha - Mahanadi Basin,126.6,28.8,79.1,459.3,2.12,74.1,Water Body,Sandy,204.7,0,1,0
West Bengal - Ganga Delta,293.0,28.5,88.5,327.2,1.33,404.2,Agricultural,Loam,1199.0,1,0,0
Karnataka - Tungabhadra Basin,879.3,25.9,67.1,113.5,1.25,120.2,Desert,Sandy,1875.3,1,1,1
Kerala - Periyar Basin,384.2,32.0,83.8,502.4,5.17,171.2,Desert,Loam,712.3,1,1,0
Kerala - Periyar Basin,31.9,33.6,75.8,104.0,5.1,154.5,Urban,Clay,754.6,1,1,0
Karnataka - Tungabhadra Basin,301.5,30.1,58.7,693.9,2.03,55.9,Urban,Silt,467.8,0,0,1
Telangana - Godavari Basin,87.0,33.6,81.1,75.7,1.64,220.4,Desert,Sandy,1183.8,1,0,0
Maharashtra - Godavari Basin,314.3,23.3,74.6,713.4,3.67,104.3,Urban,Sandy,202.3,1,0,0
Telangana - Godavari Basin,275.8,32.6,66.9,232.4,3.38,82.0,Urban,Clay,194.9,1,0,0
Assam - Brahmaputra Basin,37.2,31.4,38.7,727.6,3.69,49.2,Water Body,Clay,1141.3,0,1,1
Telangana - Godavari Basin,70.1,29.1,82.2,751.7,2.72,106.7,Agricultural,Peat,467.8,1,1,0
Telangana - Godavari Basin,469.3,31.1,88.8,536.3,7.95,46.7,Urban,Clay,844.3,1,0,0
Telangana - Godavari Basin,130.1,32.4,83.3,737.7,5.86,74.9,Urban,Silt,2227.9,1,1,0
Assam - Brahmaputra Basin,529.8,26.3,41.8,65.3,0.54,50.0,Agricultural,Loam,1209.8,1,1,0
West Bengal - Ganga Delta,210.6,31.7,84.5,238.3,7.79,87.2,Water Body,Loam,378.6,1,1,0
Uttar Pradesh - Ghaghara Basin,276.4,31.9,37.2,466.6,3.11,233.0,Forest,Sandy,409.5,1,1,0
Maharashtra - Godavari Basin,466.7,25.7,57.4,711.6,3.67,150.8,Agricultural,Peat,169.3,1,1,0
Assam - Brahmaputra Basin,214.1,32.3,71.8,1002.7,4.87,52.4,Urban,Silt,989.0,0,1,1
Tamil Nadu - Cauvery Basin,185.6,30.8,85.9,1178.3,2.41,85.7,Agricultural,Sandy,777.1,1,0,0
Rajasthan - Luni Basin,237.6,26.7,66.8,229.9,8.46,446.4,Agricultural,Loam,2474.3,1,1,0
Punjab - Sutlej Basin,482.6,34.2,39.1,330.0,3.06,176.4,Urban,Sandy,404.2,1,1,0
West Bengal - Ganga Delta,63.0,25.8,85.1,303.6,6.94,195.0,Urban,Peat,527.0,1,0,0
Kerala - Periyar Basin,241.3,30.0,52.9,428.4,2.14,44.0,Urban,Clay,341.4,1,1,0
Bihar - Kosi Basin,271.9,31.2,75.2,312.8,1.52,358.2,Agricultural,Sandy,138.8,0,0,0
West Bengal - Ganga Delta,88.5,28.4,53.8,474.7,1.35,122.8,Urban,Loam,1054.4,1,0,0
Telangana - Godavari Basin,307.6,30.1,78.3,384.9,7.67,236.2,Water Body,Loam,492.3,0,1,1
Bihar - Kosi Basin,56.2,30.1,66.6,1534.4,9.12,40.9,Urban,Loam,303.0,1,1,1
Odisha - Mahanadi Basin,25.8,20.8,70.7,620.2,4.1,51.0,Desert,Sandy,817.3,1,1,0
Kerala - Periyar Basin,289.1,25.5,63.3,525.8,4.54,107.7,Desert,Clay,603.5,0,0,0
Madhya Pradesh - Chambal Basin,22.3,26.6,100.0,643.2,9.18,167.3,Water Body,Loam,123.0,0,0,0
Maharashtra - Godavari Basin,421.1,37.9,56.5,560.4,6.14,56.2,Urban,Loam,1042.4,1,0,0
Rajasthan - Luni Basin,350.9,19.6,61.7,282.4,2.62,274.3,Agricultural,Peat,290.2,1,1,0
Bihar - Kosi Basin,150.3,27.5,90.8,961.7,1.4,262.6,Water Body,Sandy,407.4,1,1,0
Telangana - Godavari Basin,638.2,25.9,75.7,68.3,5.72,104.5,Urban,Sandy,118.2,1,1,0
Andhra Pradesh - Krishna Basin,346.1,35.6,66.3,539.6,1.52,136.7,Agricultural,Clay,1114.3,0,0,0
Assam - Brahmaputra Basin,379.2,31.1,36.3,853.0,9.12,224.6,Forest,Silt,224.5,1,0,0
Andhra Pradesh - Krishna Basin,267.3,28.7,87.8,716.9,0.95,119.9,Urban,Clay,422.3,1,0,0
Bihar - Kosi Basin,321.2,28.7,82.5,1272.5,6.58,159.1,Water Body,Clay,980.4,0,1,1
Punjab - Sutlej Basin,166.2,33.2,69.5,236.1,6.95,130.5,Forest,Silt,241.0,1,1,0
Kerala - Periyar Basin,328.8,29.7,89.0,343.3,6.65,25.6,Urban,Clay,161.4,1,1,0
Madhya Pradesh - Chambal Basin,60.9,22.7,76.4,256.3,6.7,66.2,Agricultural,Sandy,573.5,1,0,0
Assam - Brahmaputra Basin,243.6,28.8,54.7,1251.0,8.34,131.4,Urban,Clay,262.8,0,0,1
Telangana - Godavari Basin,322.6,22.0,73.6,536.9,4.27,251.4,Urban,Clay,289.3,1,0,0
Tamil Nadu - Cauvery Basin,232.9,15.5,67.4,1603.0,6.28,363.8,Urban,Silt,260.0,0,0,1
West Bengal - Ganga Delta,235.1,27.3,63.1,417.9,14.9,228.2,Urban,Loam,469.2,0,1,1
Rajasthan - Luni Basin,123.7,29.2,66.6,406.2,1.4,251.6,Urban,Silt,903.3,1,0,0
Andhra Pradesh - Krishna Basin,362.4,28.0,93.3,218.5,1.34,146.3,Forest,Clay,472.8,1,1,0
Andhra Pradesh - Krishna Basin,56.3,28.7,69.2,192.5,4.18,225.0,Water Body,Clay,889.5,0,0,0
Madhya Pradesh - Chambal Basin,74.0,29.5,71.3,816.1,2.83,47.7,Forest,Silt,412.3,1,1,0
Uttar Pradesh - Ghaghara Basin,252.8,24.0,100.0,182.0,1.3,63.1,Forest,Clay,672.6,1,0,0
Gujarat - Narmada Basin,95.3,24.8,40.9,436.3,2.16,168.8,Urban,Silt,899.2,0,1,1
Odisha - Mahanadi Basin,85.4,29.8,79.5,436.1,0.93,95.1,Urban,Sandy,294.5,1,1,0
Telangana - Godavari Basin,227.2,28.1,84.9,765.5,8.25,188.5,Forest,Loam,958.1,0,0,0
Uttar Pradesh - Ghaghara Basin,512.5,30.1,79.3,195.4,3.24,362.1,Agricultural,Clay,124.2,1,1,0
Punjab - Sutlej Basin,239.4,25.4,62.0,1021.0,2.73,655.7,Agricultural,Peat,1746.6,0,0,0
Bihar - Kosi Basin,117.2,35.3,56.8,715.8,3.95,159.3,Urban,Loam,750.9,1,0,0
Punjab - Sutlej Basin,268.7,28.9,44.5,83.6,4.25,122.0,Urban,Loam,906.9,1,0,0
Assam - Brahmaputra Basin,90.1,27.5,73.9,302.7,0.75,28.5,Urban,Loam,264.1,0,0,0
Gujarat - Narmada Basin,88.6,22.0,65.0,168.7,6.16,42.4,Forest,Peat,168.9,0,1,0
Odisha - Mahanadi Basin,180.9,29.6,63.1,175.1,5.79,374.1,Forest,Clay,171.4,1,0,0
Bihar - Kosi Basin,37.3,29.7,66.6,301.7,5.27,181.1,Urban,Silt,1244.3,0,0,0
Madhya Pradesh - Chambal Basin,606.7,23.2,56.2,1005.0,2.93,89.9,Forest,Sandy,949.0,0,0,1
Gujarat - Narmada Basin,357.4,24.6,54.4,1120.6,4.77,521.1,Desert,Loam,1107.7,1,1,0
Rajasthan - Luni Basin,217.3,32.5,86.3,26.2,1.89,170.0,Agricultural,Silt,735.5,1,1,0
Telangana - Godavari Basin,752.5,26.7,27.0,707.7,2.51,179.4,Agricultural,Sandy,605.3,0,0,0
Madhya Pradesh - Chambal Basin,247.0,33.5,63.2,365.0,4.29,30.0,Agricultural,Silt,521.1,1,0,0
Karnataka - Tungabhadra Basin,255.8,23.5,60.7,306.2,3.17,322.0,Desert,Loam,742.8,0,0,0
Maharashtra - Godavari Basin,59.9,35.6,51.6,549.0,5.98,407.9,Agricultural,Loam,624.4,1,0,0
Gujarat - Narmada Basin,227.8,24.3,59.8,434.7,9.8,243.4,Forest,Clay,2631.2,1,0,0
Odisha - Mahanadi Basin,362.0,18.0,54.2,1502.6,1.57,24.0,Desert,Peat,633.6,0,1,1
Odisha - Mahanadi Basin,91.9,28.1,78.0,318.4,3.74,43.6,Desert,Loam,541.2,0,1,0
Bihar - Kosi Basin,184.6,25.7,61.7,907.3,4.49,120.0,Agricultural,Silt,447.7,0,0,0
Karnataka - Tungabhadra Basin,280.0,31.5,74.0,481.6,3.08,58.7,Agricultural,Silt,366.1,1,0,0
Kerala - Periyar Basin,209.7,30.1,36.6,1559.0,8.21,108.6,Agricultural,Clay,200.0,0,1,1
Rajasthan - Luni Basin,243.9,27.1,80.1,175.9,2.37,130.1,Urban,Sandy,658.1,1,0,0
Madhya Pradesh - Chambal Basin,494.1,32.6,88.1,180.5,3.48,151.4,Agricultural,Clay,1011.1,1,1,0
Odisha - Mahanadi Basin,166.3,33.9,81.1,233.7,1.76,101.1,Agricultural,Sandy,246.1,1,1,0
Bihar - Kosi Basin,745.5,28.5,76.4,203.9,5.97,147.2,Urban,Peat,240.3,1,1,1
Bihar - Kosi Basin,119.9,29.6,54.6,235.8,3.67,62.5,Agricultural,Sandy,597.4,0,0,0
Telangana - Godavari Basin,120.5,34.1,95.2,279.0,7.02,383.5,Agricultural,Sandy,725.9,1,1,0
Kerala - Periyar Basin,113.6,26.0,100.0,264.1,3.36,94.3,Agricultural,Clay,141.0,0,0,0
Gujarat - Narmada Basin,274.4,34.5,63.9,329.2,6.92,47.1,Desert,Peat,781.4,1,1,0
Karnataka - Tungabhadra Basin,89.4,28.1,87.8,164.2,1.8,134.3,Agricultural,Silt,958.9,1,0,0
Andhra Pradesh - Krishna Basin,866.2,30.9,66.4,424.6,2.78,133.2,Urban,Sandy,454.7,1,1,1
Rajasthan - Luni Basin,174.1,24.0,65.4,341.7,6.15,362.5,Desert,Sandy,668.8,1,1,0
West Bengal - Ganga Delta,18.2,25.1,80.4,124.8,2.68,83.5,Agricultural,Silt,530.3,1,0,0
Andhra Pradesh - Krishna Basin,184.5,31.6,79.5,887.6,6.62,212.2,Agricultural,Silt,1290.1,0,0,1
Gujarat - Narmada Basin,109.3,28.3,78.7,971.7,3.63,262.8,Agricultural,Sandy,2267.9,1,0,0
Uttar Pradesh - Ghaghara Basin,613.4,25.7,56.5,205.4,3.21,258.2,Urban,Loam,721.6,0,1,1
Gujarat - Narmada Basin,137.4,29.8,74.8,1615.2,11.01,46.8,Agricultural,Clay,903.4,0,1,1
West Bengal - Ganga Delta,206.0,26.6,80.5,293.6,3.48,284.0,Desert,Silt,1008.0,1,0,0
Rajasthan - Luni Basin,351.0,31.2,81.5,502.3,2.72,130.9,Forest,Sandy,1043.9,1,0,0
Andhra Pradesh - Krishna Basin,36.5,31.6,54.9,589.5,9.12,101.7,Forest,Clay,925.4,0,0,0
Punjab - Sutlej Basin,227.5,28.2,68.6,89.4,2.33,35.6,Desert,Loam,201.4,1,1,0
Rajasthan - Luni Basin,184.5,31.2,94.8,246.3,6.56,305.6,Desert,Clay,559.4,0,0,0
Assam - Brahmaputra Basin,176.4,28.3,87.3,952.8,5.02,546.7,Water Body,Silt,1193.3,0,0,1
Karnataka - Tungabhadra Basin,305.8,28.4,58.1,530.7,7.39,408.3,Agricultural,Sandy,201.3,1,0,0
Tamil Nadu - Cauvery Basin,57.9,31.3,63.5,463.7,0.64,170.2,Forest,Silt,626.2,0,1,0
Punjab - Sutlej Basin,198.4,17.7,83.3,982.1,1.58,36.7,Forest,Silt,270.2,0,1,1
Madhya Pradesh - Chambal Basin,225.0,36.8,79.6,1411.6,7.67,90.8,Urban,Silt,98.9,1,0,0
Tamil Nadu - Cauvery Basin,183.3,24.2,84.3,127.1,8.04,147.7,Urban,Silt,493.9,0,1,1
Kerala - Periyar Basin,74.9,26.7,54.9,707.1,3.22,31.8,Water Body,Loam,1190.4,1,0,0
Uttar Pradesh - Ghaghara Basin,168.9,27.6,45.2,641.7,3.47,102.4,Forest,Loam,289.9,1,0,0
Tamil Nadu - Cauvery Basin,276.1,23.1,58.0,910.6,4.6,223.8,Agricultural,Sandy,610.5,1,0,0
Bihar - Kosi Basin,154.1,24.1,78.9,153.6,6.25,90.0,Water Body,Loam,363.8,1,1,0
Telangana - Godavari Basin,197.2,34.2,89.2,1232.1,5.24,179.5,Forest,Peat,1455.7,1,0,0
West Bengal - Ganga Delta,135.8,27.4,61.4,712.8,1.25,273.6,Urban,Loam,975.7,0,1,0
Kerala - Periyar Basin,400.1,24.1,58.3,218.9,1.94,232.9,Agricultural,Clay,349.2,1,1,0
Punjab - Sutlej Basin,178.7,30.0,82.6,326.1,4.6,262.3,Agricultural,Clay,293.4,1,0,0
Madhya Pradesh - Chambal Basin,168.6,26.5,54.1,957.4,1.46,135.7,Water Body,Sandy,1686.5,1,0,0
Telangana - Godavari Basin,148.6,24.5,78.9,530.8,9.82,69.2,Urban,Silt,729.1,0,1,1
Tamil Nadu - Cauvery Basin,177.6,28.7,75.1,807.3,2.72,458.5,Urban,Sandy,1894.7,0,0,1
Gujarat - Narmada Basin,121.1,30.1,77.6,940.8,1.47,243.7,Urban,Loam,27.4,0,0,0
Maharashtra - Godavari Basin,612.1,30.5,34.5,131.4,3.23,685.7,Water Body,Silt,95.8,0,0,0
West Bengal - Ganga Delta,138.5,27.9,83.3,160.3,8.7,295.6,Agricultural,Sandy,258.7,1,0,0
Bihar - Kosi Basin,272.0,26.4,58.2,2406.3,5.74,93.3,Forest,Loam,431.1,1,0,1
Telangana - Godavari Basin,357.1,25.2,51.7,150.1,4.79,87.3,Agricultural,Clay,417.9,1,0,0
Karnataka - Tungabhadra Basin,97.4,24.6,59.1,315.2,1.83,438.1,Forest,Silt,571.4,0,0,0
Kerala - Periyar Basin,454.5,31.4,82.2,323.8,10.11,153.4,Agricultural,Clay,1011.8,0,0,1
Assam - Brahmaputra Basin,329.1,22.3,63.3,106.7,4.54,370.2,Agricultural,Peat,726.5,1,1,0
Karnataka - Tungabhadra Basin,251.8,31.1,57.2,211.4,5.42,36.2,Urban,Silt,178.9,1,1,0
Karnataka - Tungabhadra Basin,126.1,34.6,77.9,799.2,1.54,136.5,Urban,Clay,455.1,1,1,0
Punjab - Sutlej Basin,89.5,26.0,64.2,622.0,16.53,63.6,Forest,Silt,1775.9,1,0,0
Gujarat - Narmada Basin,390.7,28.2,52.4,171.4,5.58,22.5,Agricultural,Clay,1116.7,1,0,0
Telangana - Godavari Basin,611.9,24.9,79.1,496.8,9.87,246.2,Agricultural,Loam,1021.0,1,1,1
Uttar Pradesh - Ghaghara Basin,390.9,32.5,64.7,881.7,17.63,180.7,Agricultural,Silt,208.7,1,0,1
West Bengal - Ganga Delta,34.8,33.7,52.4,521.9,3.04,25.1,Agricultural,Clay,414.9,0,1,0
Uttar Pradesh - Ghaghara Basin,150.5,24.3,78.6,152.7,3.36,345.1,Desert,Loam,141.2,1,0,0
Kerala - Periyar Basin,86.4,32.5,54.1,611.4,3.45,299.6,Forest,Loam,924.2,0,1,0
Madhya Pradesh - Chambal Basin,15.8,27.0,77.3,416.0,2.97,328.3,Forest,Clay,756.5,0,0,0
Kerala - Periyar Basin,86.4,35.2,84.1,407.7,6.94,162.2,Forest,Loam,303.4,1,0,0
Gujarat - Narmada Basin,170.0,33.6,69.0,454.1,1.49,26.0,Water Body,Loam,1725.6,1,1,0
Odisha - Mahanadi Basin,391.6,33.9,56.1,610.4,3.9,95.9,Forest,Peat,348.9,0,1,1
Gujarat - Narmada Basin,290.0,27.1,76.4,397.3,1.75,111.0,Forest,Peat,1094.7,1,0,0
Assam - Brahmaputra Basin,132.7,31.5,89.4,723.9,4.29,126.9,Agricultural,Clay,350.2,1,0,0
Uttar Pradesh - Ghaghara Basin,123.5,34.0,45.4,271.9,2.87,244.1,Forest,Loam,1999.2,1,1,0
Kerala - Periyar Basin,541.1,27.7,71.1,197.5,4.24,93.0,Urban,Sandy,881.1,1,1,0
Maharashtra - Godavari Basin,210.4,26.1,77.8,399.3,5.22,98.3,Urban,Peat,377.2,0,0,0
Gujarat - Narmada Basin,161.5,29.6,66.3,421.4,6.25,180.6,Water Body,Silt,1492.1,1,0,0
Madhya Pradesh - Chambal Basin,85.5,26.8,84.6,136.7,0.47,281.3,Forest,Clay,283.9,1,0,0
Andhra Pradesh - Krishna Basin,388.9,33.0,69.1,545.9,0.21,52.1,Forest,Loam,440.9,1,1,0
Odisha - Mahanadi Basin,22.1,23.0,82.0,217.9,3.13,203.4,Desert,Loam,213.4,0,1,0
Kerala - Periyar Basin,272.3,19.9,48.1,261.2,3.56,219.4,Agricultural,Loam,1594.1,0,0,0
Odisha - Mahanadi Basin,227.3,23.2,81.4,468.0,4.83,158.3,Urban,Clay,479.7,1,0,0
Rajasthan - Luni Basin,300.9,31.4,63.9,205.7,8.01,209.0,Desert,Peat,123.7,1,0,0
Bihar - Kosi Basin,279.9,28.6,41.4,1442.5,10.49,278.8,Agricultural,Loam,760.5,0,1,1
Assam - Brahmaputra Basin,381.4,26.3,41.3,329.7,7.64,491.5,Forest,Silt,166.5,1,1,0
Odisha - Mahanadi Basin,120.9,36.3,99.5,89.0,2.87,166.1,Agricultural,Clay,1380.6,1,1,0
West Bengal - Ganga Delta,156.8,28.7,96.9,736.0,0.69,54.2,Agricultural,Clay,137.3,1,0,0
Telangana - Godavari Basin,398.4,27.1,57.7,652.2,14.21,59.9,Agricultural,Loam,561.8,1,0,0
Karnataka - Tungabhadra Basin,196.0,22.4,63.9,269.1,4.97,418.6,Forest,Sandy,1134.0,1,1,0
Maharashtra - Godavari Basin,159.0,25.7,70.9,227.9,3.11,102.7,Agricultural,Clay,676.7,1,0,0
Kerala - Periyar Basin,561.1,33.9,86.1,206.5,3.65,334.5,Agricultural,Loam,422.9,1,0,0
West Bengal - Ganga Delta,153.9,35.0,50.4,1032.2,6.39,220.7,Agricultural,Clay,147.0,0,0,1
Telangana - Godavari Basin,167.3,28.4,70.4,619.1,2.78,92.4,Urban,Loam,842.3,1,1,0
Telangana - Godavari Basin,203.3,20.0,65.8,233.6,9.38,148.6,Desert,Silt,739.9,1,0,0
Telangana - Godavari Basin,174.4,30.0,76.8,394.0,0.78,41.0,Desert,Silt,738.9,0,0,0
West Bengal - Ganga Delta,340.0,25.9,78.6,260.6,4.1,50.8,Urban,Sandy,283.2,1,0,0
Uttar Pradesh - Ghaghara Basin,161.7,29.7,83.0,650.5,2.49,75.8,Agricultural,Silt,173.6,0,0,0
Telangana - Godavari Basin,258.5,23.6,85.0,611.9,2.99,255.5,Forest,Sandy,637.2,1,0,0
Telangana - Godavari Basin,130.4,22.5,43.5,801.0,3.08,178.4,Urban,Silt,584.6,1,0,0
Uttar Pradesh - Ghaghara Basin,129.9,32.0,69.0,757.3,5.21,251.9,Agricultural,Clay,191.5,1,0,0
Rajasthan - Luni Basin,169.4,25.2,50.4,243.4,5.13,140.5,Urban,Loam,946.5,0,1,1
Madhya Pradesh - Chambal Basin,379.2,34.0,60.4,1227.3,2.62,111.2,Agricultural,Loam,714.8,1,1,1
Karnataka - Tungabhadra Basin,193.1,27.3,56.2,242.6,2.74,42.2,Forest,Clay,794.0,1,1,0
Punjab - Sutlej Basin,498.1,22.1,75.5,333.0,4.58,45.6,Urban,Clay,169.6,1,0,0
Maharashtra - Godavari Basin,252.6,28.5,64.7,1313.2,6.66,26.7,Agricultural,Loam,147.6,1,0,0
Andhra Pradesh - Krishna Basin,262.5,23.4,74.0,821.2,6.63,288.0,Urban,Loam,937.7,0,1,1
Bihar - Kosi Basin,292.7,29.1,66.8,1133.6,10.84,22.6,Forest,Clay,225.3,1,0,0
Kerala - Periyar Basin,217.2,28.6,75.3,813.9,3.74,252.2,Forest,Sandy,362.1,0,1,0
Tamil Nadu - Cauvery Basin,141.5,23.4,67.8,397.3,4.36,44.7,Water Body,Loam,468.9,1,0,0
Telangana - Godavari Basin,159.3,29.6,66.1,221.8,4.9,134.3,Urban,Loam,1537.9,1,1,0
Tamil Nadu - Cauvery Basin,142.7,23.6,69.3,124.0,2.79,136.2,Water Body,Silt,811.1,0,0,0
Odisha - Mahanadi Basin,409.5,20.8,82.3,471.9,1.23,181.5,Forest,Sandy,555.1,0,1,0
Madhya Pradesh - Chambal Basin,148.4,28.3,89.6,715.5,4.78,202.8,Agricultural,Silt,511.8,1,0,0
Bihar - Kosi Basin,271.6,32.6,69.7,1369.8,1.87,145.1,Urban,Clay,58.0,1,1,0
Rajasthan - Luni Basin,391.5,23.9,50.5,881.4,4.45,88.5,Forest,Silt,1547.8,1,1,1
Uttar Pradesh - Ghaghara Basin,132.9,31.2,82.9,557.2,5.03,117.9,Urban,Sandy,138.5,1,1,0
West Bengal - Ganga Delta,333.2,29.6,80.5,469.3,2.78,266.0,Urban,Clay,560.2,1,1,0
Telangana - Godavari Basin,438.9,28.3,94.7,814.4,1.04,340.1,Agricultural,Sandy,562.6,0,0,1
Uttar Pradesh - Ghaghara Basin,39.0,27.2,57.5,1331.9,4.18,520.6,Agricultural,Sandy,2555.1,1,1,1
Tamil Nadu - Cauvery Basin,262.6,25.7,80.3,197.9,6.77,190.0,Urban,Sandy,44.4,1,0,0
Odisha - Mahanadi Basin,114.9,28.6,72.6,45.7,3.73,284.8,Urban,Clay,869.6,1,0,0
Bihar - Kosi Basin,483.8,24.2,88.9,229.8,3.81,151.6,Agricultural,Loam,1947.5,1,0,0
Tamil Nadu - Cauvery Basin,603.9,26.5,70.5,1060.4,4.31,36.0,Forest,Loam,63.7,1,1,1
Bihar - Kosi Basin,307.5,24.1,98.4,364.6,2.87,526.4,Urban,Clay,1172.1,0,1,0
Uttar Pradesh - Ghaghara Basin,282.6,32.3,73.7,561.4,1.42,121.5,Forest,Loam,297.9,1,0,0
Madhya Pradesh - Chambal Basin,421.3,35.6,80.4,546.5,7.96,118.0,Forest,Silt,131.4,0,0,0
Madhya Pradesh - Chambal Basin,294.1,27.1,63.4,50.0,5.46,196.4,Forest,Sandy,1047.2,0,0,0
Madhya Pradesh - Chambal Basin,182.9,25.9,83.9,217.7,4.97,252.0,Urban,Loam,597.1,0,0,0
Odisha - Mahanadi Basin,306.9,35.4,100.0,166.6,5.33,215.7,Forest,Clay,365.6,1,0,0
Maharashtra - Godavari Basin,168.8,28.3,36.1,1085.8,4.99,135.8,Urban,Loam,1744.7,1,0,0
Karnataka - Tungabhadra Basin,132.4,31.0,79.0,19.2,4.02,90.8,Desert,Silt,710.9,1,0,0
Bihar - Kosi Basin,382.7,27.9,77.3,404.8,5.04,416.6,Urban,Sandy,1083.5,1,1,1
Uttar Pradesh - Ghaghara Basin,188.9,23.2,92.8,286.8,1.71,149.7,Forest,Silt,767.2,1,0,0
Assam - Brahmaputra Basin,186.9,21.5,63.4,512.1,0.3,120.6,Agricultural,Sandy,213.3,1,0,0
Andhra Pradesh - Krishna Basin,37.7,23.8,82.5,256.4,2.18,59.8,Water Body,Sandy,499.5,0,0,0
Telangana - Godavari Basin,176.1,31.4,67.6,241.5,6.53,55.0,Desert,Clay,1128.1,1,0,0
Maharashtra - Godavari Basin,221.5,29.7,72.7,288.1,4.2,182.1,Forest,Silt,413.0,1,0,0
Gujarat - Narmada Basin,295.9,24.3,42.1,1313.0,1.56,225.5,Urban,Sandy,1038.2,1,0,0
Rajasthan - Luni Basin,454.7,27.3,72.4,89.9,4.93,252.3,Urban,Sandy,682.0,0,0,1
Andhra Pradesh - Krishna Basin,103.6,27.3,66.4,499.8,8.22,107.2,Forest,Loam,531.5,1,0,0
Punjab - Sutlej Basin,78.1,31.1,69.9,294.6,4.39,95.8,Desert,Loam,396.4,0,1,0
Tamil Nadu - Cauvery Basin,118.4,21.6,85.0,587.6,2.36,72.4,Urban,Clay,179.3,0,1,0
Uttar Pradesh - Ghaghara Basin,94.8,30.0,79.5,716.1,5.92,111.3,Agricultural,Loam,959.4,0,0,1
Maharashtra - Godavari Basin,260.8,26.2,80.4,1024.8,6.6,393.9,Agricultural,Clay,186.4,1,0,0
Rajasthan - Luni Basin,494.3,29.9,86.5,41.3,5.69,144.3,Urban,Sandy,306.3,1,0,0
Odisha - Mahanadi Basin,361.4,24.8,56.4,253.9,3.21,277.4,Water Body,Clay,1219.2,0,1,1
Uttar Pradesh - Ghaghara Basin,239.6,34.1,61.1,269.4,6.18,455.5,Agricultural,Clay,1107.8,0,1,1
Punjab - Sutlej Basin,294.9,33.8,81.6,586.1,2.31,45.8,Agricultural,Silt,251.4,1,1,0
Bihar - Kosi Basin,69.9,29.0,78.8,809.9,6.31,132.3,Water Body,Peat,139.8,0,0,0
Kerala - Periyar Basin,244.0,30.2,64.6,163.5,6.49,513.7,Agricultural,Sandy,211.2,1,1,0
Punjab - Sutlej Basin,418.5,26.7,69.9,249.6,7.94,283.4,Urban,Sandy,281.9,0,0,1
Madhya Pradesh - Chambal Basin,122.2,29.2,74.3,104.4,5.87,19.7,Urban,Sandy,1104.5,0,0,0
Assam - Brahmaputra Basin,410.9,26.5,68.8,66.2,3.84,77.2,Desert,Clay,714.8,1,0,0
Maharashtra - Godavari Basin,325.6,27.3,64.2,370.7,8.31,93.6,Water Body,Sandy,235.7,1,1,1
Bihar - Kosi Basin,5.5,24.4,72.7,16.5,2.16,223.0,Agricultural,Loam,339.8,1,0,0
Telangana - Godavari Basin,41.8,29.4,92.1,373.0,0.67,91.4,Agricultural,Silt,450.9,0,1,0
Rajasthan - Luni Basin,74.6,23.4,63.6,521.3,4.58,83.1,Urban,Silt,461.2,1,0,0
Punjab - Sutlej Basin,186.5,27.6,91.2,49.8,3.96,89.6,Agricultural,Clay,847.5,1,0,0
Tamil Nadu - Cauvery Basin,259.1,22.2,61.8,235.9,13.45,203.3,Forest,Silt,385.7,0,1,1
Bihar - Kosi Basin,898.0,23.6,45.4,515.1,4.78,175.3,Forest,Clay,999.5,1,1,1
Karnataka - Tungabhadra Basin,190.0,25.9,91.1,106.7,3.4,43.0,Agricultural,Clay,305.1,1,0,0
Tamil Nadu - Cauvery Basin,186.0,27.0,100.0,912.5,11.39,116.6,Agricultural,Peat,308.1,1,0,0
Bihar - Kosi Basin,36.4,34.2,58.7,1767.7,1.08,20.8,Water Body,Clay,107.3,1,1,0
Madhya Pradesh - Chambal Basin,252.4,32.2,63.7,500.0,1.66,91.5,Agricultural,Clay,752.2,1,1,0
Karnataka - Tungabhadra Basin,63.7,24.2,93.0,396.2,1.58,58.2,Forest,Silt,654.2,1,0,0
Punjab - Sutlej Basin,581.8,26.1,73.4,592.8,2.19,100.9,Forest,Clay,346.7,1,1,0
Telangana - Godavari Basin,326.5,29.6,84.0,569.7,0.81,129.3,Urban,Sandy,571.1,1,0,0
Bihar - Kosi Basin,259.8,27.6,92.7,1106.1,1.64,24.2,Agricultural,Silt,878.5,1,1,1
Gujarat - Narmada Basin,364.7,28.2,51.3,79.0,7.79,39.2,Urban,Sandy,101.5,0,0,1
Punjab - Sutlej Basin,48.0,33.9,81.3,164.3,1.71,352.9,Urban,Peat,1794.3,1,1,0
Maharashtra - Godavari Basin,125.2,26.8,96.6,230.6,3.79,330.7,Urban,Silt,363.1,0,0,0
Odisha - Mahanadi Basin,567.5,34.7,78.4,834.4,1.94,206.7,Desert,Silt,991.2,1,0,0
Odisha - Mahanadi Basin,217.6,28.8,79.5,321.2,4.92,88.2,Water Body,Loam,112.7,0,1,1
Punjab - Sutlej Basin,225.3,28.8,80.8,159.6,2.09,134.9,Urban,Loam,774.2,1,1,0
Gujarat - Narmada Basin,168.3,25.9,45.7,251.0,5.36,62.4,Urban,Sandy,582.1,0,0,0
Gujarat - Narmada Basin,344.2,30.2,71.1,129.7,7.37,107.0,Urban,Loam,1108.6,1,0,0
Uttar Pradesh - Ghaghara Basin,564.8,27.1,55.9,405.6,3.7,226.2,Agricultural,Silt,801.5,1,0,0
Karnataka - Tungabhadra Basin,257.8,23.3,50.6,711.4,2.92,156.0,Water Body,Loam,1124.7,0,0,1
Assam - Brahmaputra Basin,369.7,33.9,100.0,560.8,6.88,299.7,Forest,Loam,332.2,1,1,0
West Bengal - Ganga Delta,356.3,29.9,43.2,550.4,1.17,270.6,Forest,Peat,192.7,0,0,0
Bihar - Kosi Basin,145.5,27.2,79.5,287.6,7.98,186.0,Agricultural,Loam,1582.1,0,0,0
Kerala - Periyar Basin,122.5,29.4,38.9,325.9,3.88,359.9,Urban,Sandy,1019.5,0,0,0
Maharashtra - Godavari Basin,464.5,26.7,81.9,156.0,3.65,73.6,Forest,Clay,191.6,1,0,0
Bihar - Kosi Basin,199.6,25.5,63.1,316.4,5.16,245.6,Water Body,Clay,630.4,0,0,0
Uttar Pradesh - Ghaghara Basin,421.1,24.5,73.3,664.6,4.08,141.0,Urban,Loam,559.0,1,0,1
Maharashtra - Godavari Basin,50.9,27.8,57.8,2176.0,4.23,96.3,Urban,Loam,989.4,0,0,1
Telangana - Godavari Basin,21.1,28.4,79.7,451.6,2.92,97.8,Agricultural,Clay,586.5,1,0,0
Gujarat - Narmada Basin,355.1,27.4,75.1,1736.6,5.5,347.6,Water Body,Sandy,1009.8,0,1,1
Uttar Pradesh - Ghaghara Basin,203.8,21.9,74.4,259.8,5.93,172.6,Agricultural,Silt,7.4,1,1,0
Madhya Pradesh - Chambal Basin,142.0,28.9,78.6,156.2,1.61,187.1,Forest,Silt,608.4,0,1,0
Kerala - Periyar Basin,101.8,24.5,75.4,228.7,4.78,155.5,Agricultural,Peat,299.5,1,0,0
Andhra Pradesh - Krishna Basin,75.9,23.6,61.9,702.7,5.66,100.3,Forest,Silt,294.0,1,0,0
West Bengal - Ganga Delta,153.5,29.2,84.1,225.0,2.25,233.0,Agricultural,Silt,560.2,0,0,0
Odisha - Mahanadi Basin,607.6,19.5,55.3,111.1,3.98,193.5,Desert,Sandy,548.6,0,0,0
Uttar Pradesh - Ghaghara Basin,144.1,31.0,61.4,396.6,4.64,164.9,Desert,Loam,1994.6,1,0,0
Assam - Brahmaputra Basin,251.4,36.9,76.1,200.5,3.29,261.2,Forest,Sandy,295.7,0,0,0
Maharashtra - Godavari Basin,336.0,31.5,45.4,1524.1,7.23,85.0,Urban,Silt,224.2,0,0,1
Punjab - Sutlej Basin,289.3,22.5,54.5,424.6,11.15,257.4,Urban,Sandy,168.6,0,1,1
Bihar - Kosi Basin,142.0,27.0,65.9,1239.1,1.72,300.8,Agricultural,Clay,752.2,0,1,1
Uttar Pradesh - Ghaghara Basin,148.0,34.2,93.6,531.3,4.69,30.8,Forest,Peat,232.2,0,0,0
Rajasthan - Luni Basin,453.2,34.3,88.2,126.5,4.55,136.6,Urban,Clay,422.7,1,1,0
Madhya Pradesh - Chambal Basin,210.9,26.7,43.3,390.5,4.2,51.0,Forest,Clay,547.3,1,1,0
Maharashtra - Godavari Basin,181.6,25.7,54.5,536.9,8.34,241.8,Forest,Silt,574.8,0,0,0
Punjab - Sutlej Basin,254.4,19.9,47.1,1960.8,11.23,96.7,Desert,Silt,365.3,1,1,1
Odisha - Mahanadi Basin,211.8,31.2,59.5,1076.7,6.09,240.3,Forest,Silt,693.4,0,0,0
Andhra Pradesh - Krishna Basin,174.0,27.6,84.6,824.6,3.12,348.5,Urban,Clay,778.1,1,1,0
Tamil Nadu - Cauvery Basin,80.2,21.6,90.1,1099.7,1.65,75.0,Urban,Sandy,840.9,0,0,0
Kerala - Periyar Basin,284.7,30.8,72.8,317.6,2.0,277.3,Forest,Clay,133.3,1,0,0
Karnataka - Tungabhadra Basin,75.1,23.1,83.3,750.3,2.5,111.5,Desert,Sandy,514.9,0,0,0
Tamil Nadu - Cauvery Basin,109.1,31.1,56.5,426.6,13.69,465.8,Forest,Sandy,264.3,0,0,0
Tamil Nadu - Cauvery Basin,144.1,24.8,63.1,496.3,1.01,460.1,Forest,Silt,949.8,1,0,0
Gujarat - Narmada Basin,362.5,23.6,100.0,301.3,10.9,90.2,Agricultural,Loam,1203.0,0,1,1
Bihar - Kosi Basin,352.5,28.2,72.7,386.6,6.42,190.8,Urban,Clay,210.0,0,0,0
Kerala - Periyar Basin,102.4,30.7,52.9,743.7,0.59,261.2,Agricultural,Loam,761.3,0,0,0
Kerala - Periyar Basin,395.0,26.0,48.1,69.7,3.2,238.9,Forest,Clay,317.4,0,1,0
Kerala - Periyar Basin,212.3,24.5,67.3,675.5,3.97,216.0,Agricultural,Silt,645.9,0,0,0
West Bengal - Ganga Delta,180.4,33.3,56.1,785.6,1.69,275.6,Forest,Loam,111.8,0,0,0
Kerala - Periyar Basin,268.9,26.6,45.3,206.8,4.7,413.7,Urban,Peat,1822.7,0,1,1
West Bengal - Ganga Delta,140.5,35.3,83.5,574.8,6.77,79.4,Forest,Sandy,2348.6,0,0,1
West Bengal - Ganga Delta,219.6,32.0,49.0,263.3,7.52,40.0,Urban,Loam,372.1,0,1,1
Kerala - Periyar Basin,358.3,27.9,82.2,20.7,1.77,343.3,Agricultural,Silt,1174.6,1,0,0
Andhra Pradesh - Krishna Basin,243.7,32.2,78.9,373.8,1.42,217.6,Urban,Loam,711.5,0,1,0
Tamil Nadu - Cauvery Basin,83.7,27.6,86.1,591.7,2.36,96.3,Water Body,Sandy,1574.9,1,1,0
Karnataka - Tungabhadra Basin,329.9,31.4,91.7,503.2,1.31,398.6,Agricultural,Sandy,526.6,1,0,0
Punjab - Sutlej Basin,178.1,31.0,90.1,386.9,3.04,140.4,Urban,Clay,1211.4,0,0,1
Gujarat - Narmada Basin,106.6,27.0,79.2,389.3,4.48,275.5,Forest,Loam,587.5,1,0,0
Tamil Nadu - Cauvery Basin,537.0,29.1,64.0,440.1,2.87,135.8,Forest,Loam,1817.9,0,0,0
Madhya Pradesh - Chambal Basin,135.7,28.8,73.1,178.7,5.6,142.3,Agricultural,Silt,864.6,0,0,0
Telangana - Godavari Basin,675.8,29.0,61.9,1150.6,2.77,256.0,Forest,Loam,200.7,1,0,0
Odisha - Mahanadi Basin,229.9,25.1,80.6,336.7,14.22,64.8,Agricultural,Loam,1724.3,0,0,1
West Bengal - Ganga Delta,255.3,23.2,93.2,116.4,2.58,303.4,Urban,Clay,403.2,1,0,0
Uttar Pradesh - Ghaghara Basin,318.5,26.2,58.0,109.9,2.58,113.0,Agricultural,Peat,744.1,0,1,0
Gujarat - Narmada Basin,175.1,34.0,53.7,623.4,5.48,14.4,Urban,Sandy,733.5,1,1,0
Telangana - Godavari Basin,226.4,30.0,55.4,460.6,3.93,769.5,Water Body,Clay,1744.9,0,0,0
Tamil Nadu - Cauvery Basin,153.3,20.9,77.4,386.6,5.79,93.3,Forest,Silt,325.6,1,0,0
West Bengal - Ganga Delta,161.2,29.0,77.3,444.0,6.37,322.9,Forest,Sandy,484.2,0,1,0
Assam - Brahmaputra Basin,433.8,30.2,65.0,879.7,4.09,40.4,Agricultural,Silt,974.2,1,0,0
Gujarat - Narmada Basin,138.3,34.6,94.4,321.4,1.18,50.6,Urban,Clay,2398.7,1,0,0
Gujarat - Narmada Basin,178.1,25.9,89.8,409.9,2.07,95.9,Agricultural,Sandy,365.8,1,1,0
Madhya Pradesh - Chambal Basin,21.7,25.3,76.2,199.9,5.24,315.6,Water Body,Loam,2523.6,1,0,0
Kerala - Periyar Basin,143.9,27.1,78.0,245.5,7.51,55.4,Urban,Sandy,461.6,1,0,0
Telangana - Godavari Basin,82.0,31.0,92.7,503.1,6.52,166.9,Forest,Clay,486.2,1,1,0
Andhra Pradesh - Krishna Basin,93.2,28.3,68.9,1104.2,9.96,161.6,Forest,Loam,225.0,1,0,0
Rajasthan - Luni Basin,122.0,33.4,51.3,984.1,3.33,411.1,Urban,Loam,1051.5,1,1,0
Assam - Brahmaputra Basin,80.4,22.6,30.8,207.3,5.37,121.4,Forest,Silt,172.0,0,0,0
Kerala - Periyar Basin,120.8,27.4,73.7,439.6,6.18,166.5,Agricultural,Loam,661.9,1,0,0
Karnataka - Tungabhadra Basin,117.4,30.4,65.0,117.5,3.39,130.2,Agricultural,Peat,1162.5,0,0,0
Uttar Pradesh - Ghaghara Basin,53.3,28.9,81.2,422.0,2.85,82.4,Water Body,Sandy,752.1,1,0,0
Uttar Pradesh - Ghaghara Basin,239.9,28.9,100.0,139.5,5.2,368.4,Urban,Loam,1928.9,0,0,0
Madhya Pradesh - Chambal Basin,77.6,34.7,78.1,1031.1,4.24,39.1,Agricultural,Sandy,1210.9,0,0,0
Rajasthan - Luni Basin,32.9,29.8,89.0,1130.5,1.45,137.3,Urban,Clay,1469.5,1,0,0
Assam - Brahmaputra Basin,667.2,32.2,50.2,131.4,3.09,190.0,Agricultural,Clay,1947.2,1,1,1
Tamil Nadu - Cauvery Basin,164.2,29.2,72.9,268.7,4.48,117.3,Agricultural,Sandy,905.8,1,1,0
Tamil Nadu - Cauvery Basin,305.8,30.1,73.2,372.8,8.93,126.6,Urban,Sandy,617.6,0,1,1
Odisha - Mahanadi Basin,696.7,25.8,77.8,274.2,5.17,51.0,Forest,Loam,384.0,1,1,0
West Bengal - Ganga Delta,130.7,28.6,75.8,111.8,5.33,243.9,Urban,Clay,56.0,1,0,0
Rajasthan - Luni Basin,276.5,30.0,85.0,360.9,3.41,149.9,Forest,Sandy,136.8,0,0,0
Kerala - Periyar Basin,131.2,24.6,59.3,101.3,4.26,110.8,Forest,Sandy,126.0,0,1,0
Odisha - Mahanadi Basin,613.7,28.1,83.2,673.5,3.91,97.3,Agricultural,Sandy,1983.1,0,1,1
Odisha - Mahanadi Basin,182.7,24.3,89.7,262.0,2.52,224.4,Forest,Loam,1219.5,0,1,0
Assam - Brahmaputra Basin,332.2,31.7,81.0,142.1,8.5,111.0,Forest,Loam,323.8,0,1,1
Rajasthan - Luni Basin,184.9,25.2,89.6,224.0,4.6,168.6,Urban,Sandy,348.0,1,0,0
Gujarat - Narmada Basin,203.0,28.5,78.6,174.2,0.69,418.5,Agricultural,Clay,148.8,0,0,0
Tamil Nadu - Cauvery Basin,190.9,22.9,65.3,255.6,1.1,246.1,Urban,Clay,894.9,1,1,0
Andhra Pradesh - Krishna Basin,565.8,29.7,93.9,752.0,1.93,178.5,Agricultural,Silt,1141.8,1,0,0
Rajasthan - Luni Basin,71.7,31.8,63.4,24.3,3.05,33.7,Forest,Sandy,337.9,0,0,0
Bihar - Kosi Basin,333.1,21.3,70.2,1211.3,1.69,156.6,Forest,Loam,1411.2,1,0,0
Kerala - Periyar Basin,50.3,25.8,70.4,1101.2,7.71,387.5,Urban,Silt,378.0,1,1,1
Bihar - Kosi Basin,70.8,27.4,69.7,804.0,11.2,263.0,Desert,Loam,477.1,1,1,0
Andhra Pradesh - Krishna Basin,278.9,27.1,96.1,1108.8,1.84,214.0,Forest,Silt,1165.1,0,0,0
Odisha - Mahanadi Basin,275.9,20.3,85.4,1062.0,5.97,115.6,Agricultural,Clay,359.9,1,1,1
Assam - Brahmaputra Basin,388.8,25.3,83.3,417.4,1.78,199.6,Forest,Clay,307.6,0,0,0
Rajasthan - Luni Basin,194.5,35.7,90.7,133.2,1.05,258.3,Agricultural,Silt,437.4,0,0,0
Punjab - Sutlej Basin,180.4,25.8,86.5,509.1,4.3,37.4,Urban,Peat,808.2,1,0,0
Maharashtra - Godavari Basin,104.7,29.2,53.5,63.5,2.98,99.7,Urban,Loam,217.6,1,0,0
Odisha - Mahanadi Basin,421.7,30.4,56.4,289.7,3.37,56.6,Agricultural,Sandy,1195.7,1,1,0
Kerala - Periyar Basin,633.2,27.5,92.6,490.0,1.1,330.9,Agricultural,Loam,588.0,0,0,0
Uttar Pradesh - Ghaghara Basin,598.6,30.7,61.3,233.7,4.39,26.1,Agricultural,Loam,954.2,1,1,0
Assam - Brahmaputra Basin,334.9,28.4,64.4,371.8,4.88,225.1,Desert,Clay,668.6,1,0,0
Uttar Pradesh - Ghaghara Basin,132.8,27.1,47.9,170.2,5.05,318.7,Agricultural,Clay,248.0,1,0,0
Telangana - Godavari Basin,458.1,30.7,60.0,592.1,6.51,43.0,Agricultural,Peat,474.7,1,0,0
Andhra Pradesh - Krishna Basin,106.2,28.1,62.1,78.4,3.53,174.4,Urban,Sandy,666.2,1,0,0
Odisha - Mahanadi Basin,134.4,27.7,79.4,178.0,5.05,138.5,Urban,Clay,1236.8,0,0,0
Telangana - Godavari Basin,718.8,29.7,68.1,536.5,1.71,135.6,Agricultural,Loam,342.8,0,0,1
Maharashtra - Godavari Basin,231.4,30.4,71.7,41.1,2.89,175.6,Forest,Clay,331.4,1,1,0
Madhya Pradesh - Chambal Basin,271.0,27.3,67.9,1641.4,5.42,250.3,Forest,Sandy,305.9,1,0,0
Punjab - Sutlej Basin,185.4,23.4,81.5,431.0,3.53,71.6,Agricultural,Clay,755.8,0,1,0
Tamil Nadu - Cauvery Basin,382.7,23.0,86.6,656.5,5.83,132.0,Desert,Sandy,637.0,1,0,0
Assam - Brahmaputra Basin,146.3,31.5,77.9,688.6,8.43,83.6,Water Body,Loam,310.4,1,1,0
Odisha - Mahanadi Basin,240.4,30.0,63.4,530.5,5.29,395.0,Urban,Silt,736.4,1,0,0
Andhra Pradesh - Krishna Basin,74.2,33.0,61.6,209.2,8.43,28.5,Water Body,Silt,1106.7,1,0,0
Assam - Brahmaputra Basin,240.2,22.0,78.0,879.8,2.3,194.4,Agricultural,Loam,233.4,1,0,0
Assam - Brahmaputra Basin,495.4,31.5,56.8,114.5,6.66,213.3,Forest,Loam,49.3,1,0,0
Assam - Brahmaputra Basin,251.5,24.9,98.4,115.4,5.12,44.2,Agricultural,Silt,637.1,0,0,0
Assam - Brahmaputra Basin,156.1,29.4,59.3,254.2,5.02,241.8,Forest,Silt,347.0,0,1,0
Kerala - Periyar Basin,142.8,27.4,56.6,545.2,1.4,214.3,Forest,Peat,410.9,0,0,0
Rajasthan - Luni Basin,209.1,33.6,80.9,292.5,2.36,28.3,Agricultural,Loam,479.8,1,0,0
Rajasthan - Luni Basin,736.7,14.3,62.4,178.4,5.84,46.2,Forest,Clay,270.3,1,0,0
Odisha - Mahanadi Basin,253.4,32.1,42.5,325.4,2.14,183.3,Agricultural,Clay,1185.7,1,0,0
Karnataka - Tungabhadra Basin,397.5,26.9,86.9,2372.3,1.97,180.8,Water Body,Loam,884.9,0,0,1
Odisha - Mahanadi Basin,398.9,29.6,57.5,268.9,3.62,58.8,Agricultural,Clay,606.8,1,0,0
Punjab - Sutlej Basin,171.6,29.6,60.0,670.9,6.14,248.1,Desert,Loam,834.8,0,0,0
Uttar Pradesh - Ghaghara Basin,277.2,26.1,61.4,41.4,7.56,54.9,Urban,Sandy,610.7,1,1,0
Bihar - Kosi Basin,445.3,31.2,85.0,442.7,0.86,375.2,Agricultural,Silt,402.1,1,0,0
Punjab - Sutlej Basin,438.6,28.1,85.9,971.7,4.6,120.4,Forest,Loam,1333.4,1,0,0
Telangana - Godavari Basin,334.1,23.7,54.5,210.9,5.89,124.9,Agricultural,Silt,636.3,1,0,0
Rajasthan - Luni Basin,148.0,31.9,66.5,408.8,4.65,96.0,Agricultural,Sandy,422.5,1,0,0
Gujarat - Narmada Basin,215.1,27.6,78.2,175.4,4.21,150.0,Urban,Silt,1810.6,0,0,0
Tamil Nadu - Cauvery Basin,524.4,34.8,55.2,1601.4,2.03,42.4,Forest,Silt,495.0,0,0,1
Telangana - Godavari Basin,87.5,27.9,64.6,261.2,6.77,62.6,Urban,Peat,121.0,0,1,1
Madhya Pradesh - Chambal Basin,107.2,26.9,79.4,588.5,3.6,51.1,Urban,Silt,949.0,0,1,1
Telangana - Godavari Basin,348.8,25.7,76.7,165.3,2.17,115.5,Urban,Sandy,529.7,0,1,1
Rajasthan - Luni Basin,27.1,29.9,84.7,685.0,1.41,192.3,Agricultural,Clay,1203.7,1,0,0
Punjab - Sutlej Basin,35.3,36.4,77.6,950.2,2.03,55.1,Agricultural,Sandy,637.7,1,0,0
Karnataka - Tungabhadra Basin,364.2,32.8,54.7,551.4,3.17,124.5,Water Body,Silt,350.9,1,0,0
Karnataka - Tungabhadra Basin,125.0,31.8,100.0,204.4,0.86,129.0,Agricultural,Sandy,120.8,1,0,0
Andhra Pradesh - Krishna Basin,69.7,28.6,80.8,1734.7,2.88,150.7,Forest,Clay,353.9,1,0,0
Maharashtra - Godavari Basin,153.9,33.2,89.4,589.5,5.91,185.1,Agricultural,Clay,107.4,0,0,0
Uttar Pradesh - Ghaghara Basin,198.6,29.1,89.4,136.6,1.25,217.3,Forest,Clay,17.4,1,1,0
Bihar - Kosi Basin,20.2,24.5,50.0,553.2,6.11,324.5,Urban,Clay,146.7,1,0,0
Punjab - Sutlej Basin,137.2,27.1,48.3,159.4,2.14,142.1,Agricultural,Loam,428.5,1,0,0
Odisha - Mahanadi Basin,455.5,28.5,90.0,524.1,5.92,120.6,Forest,Clay,487.4,1,0,0
Andhra Pradesh - Krishna Basin,489.9,25.7,97.1,313.4,1.29,297.9,Water Body,Clay,824.7,0,0,0
Madhya Pradesh - Chambal Basin,151.4,33.3,59.8,1317.6,3.28,23.0,Urban,Sandy,860.8,1,0,0
Odisha - Mahanadi Basin,457.8,28.7,92.1,181.6,0.89,150.3,Agricultural,Loam,163.0,1,1,0
Kerala - Periyar Basin,250.8,30.0,80.1,172.0,1.21,418.0,Desert,Loam,386.0,1,0,0
Telangana - Godavari Basin,17.4,23.6,82.3,148.7,3.75,174.8,Forest,Loam,1793.3,0,0,0
Assam - Brahmaputra Basin,502.1,26.8,46.9,311.3,12.01,106.7,Forest,Clay,199.4,1,1,0
Punjab - Sutlej Basin,54.9,24.5,86.9,133.0,2.34,133.8,Agricultural,Clay,624.5,1,0,0
Odisha - Mahanadi Basin,200.1,36.2,74.3,186.5,2.15,150.5,Agricultural,Sandy,109.5,1,0,0
Gujarat - Narmada Basin,174.6,34.2,66.7,417.6,4.0,273.2,Urban,Silt,1303.1,0,0,1
Uttar Pradesh - Ghaghara Basin,377.0,29.8,76.0,255.6,7.45,98.7,Agricultural,Clay,905.1,1,0,0
Telangana - Godavari Basin,183.0,32.7,78.9,32.3,1.17,512.6,Urban,Sandy,565.2,0,1,0
Madhya Pradesh - Chambal Basin,339.6,40.0,65.4,296.3,3.12,318.4,Agricultural,Sandy,613.1,1,1,0
Tamil Nadu - Cauvery Basin,282.3,28.8,87.8,498.0,4.3,231.0,Agricultural,Sandy,953.7,0,1,0
Karnataka - Tungabhadra Basin,514.0,29.3,72.0,804.8,4.08,138.2,Urban,Silt,1922.9,1,0,1
Kerala - Periyar Basin,522.6,28.9,73.8,35.1,1.62,237.3,Forest,Clay,167.0,1,1,0
Bihar - Kosi Basin,667.3,23.8,59.0,270.2,6.79,391.9,Agricultural,Silt,1545.8,1,1,1
Gujarat - Narmada Basin,131.6,34.5,76.8,392.4,3.78,241.9,Agricultural,Clay,213.6,1,0,0
West Bengal - Ganga Delta,201.5,28.5,42.6,311.5,3.03,124.6,Desert,Sandy,767.0,1,0,0
Bihar - Kosi Basin,766.5,24.4,67.6,464.6,2.79,243.1,Agricultural,Sandy,423.9,1,0,0
Karnataka - Tungabhadra Basin,17.4,22.8,57.7,807.7,5.32,159.8,Urban,Loam,665.1,1,1,0
Rajasthan - Luni Basin,438.1,21.9,62.4,639.8,1.28,84.4,Urban,Clay,1119.8,1,1,1
Maharashtra - Godavari Basin,182.6,24.9,62.6,652.6,4.22,75.7,Desert,Sandy,323.2,1,0,0
Punjab - Sutlej Basin,44.9,27.8,64.9,277.7,3.02,367.9,Agricultural,Peat,512.5,0,0,0
Odisha - Mahanadi Basin,262.4,29.6,67.6,622.8,3.03,174.8,Forest,Silt,263.1,0,0,0
Telangana - Godavari Basin,310.8,24.0,45.5,521.8,2.37,87.6,Urban,Silt,1239.7,0,1,1
Maharashtra - Godavari Basin,783.3,34.7,77.2,297.5,12.11,191.7,Urban,Clay,1158.9,0,1,1
Assam - Brahmaputra Basin,40.7,21.5,84.2,513.9,3.33,304.7,Forest,Peat,739.6,1,0,0
Telangana - Godavari Basin,154.5,26.9,77.7,287.0,2.66,214.7,Urban,Silt,328.8,1,1,0
Assam - Brahmaputra Basin,297.4,24.6,48.9,429.1,5.36,88.1,Desert,Clay,389.4,1,0,0
Assam - Brahmaputra Basin,485.6,26.2,79.0,529.6,4.81,111.6,Forest,Sandy,427.0,0,1,1
Odisha - Mahanadi Basin,709.2,24.9,84.3,302.0,0.46,365.9,Forest,Clay,528.6,1,1,0
Bihar - Kosi Basin,197.5,24.7,41.9,558.3,0.76,322.5,Forest,Clay,526.5,1,1,0
Gujarat - Narmada Basin,110.3,25.7,47.6,596.7,3.37,46.7,Urban,Peat,41.6,1,0,0
Punjab - Sutlej Basin,530.1,23.4,82.3,471.4,5.64,23.2,Urban,Silt,1123.3,1,0,0
Gujarat - Narmada Basin,147.0,25.9,95.7,149.6,4.12,278.5,Urban,Sandy,90.7,1,1,0
Assam - Brahmaputra Basin,225.9,24.1,56.9,559.1,5.5,235.6,Agricultural,Loam,173.4,1,0,0
Punjab - Sutlej Basin,264.8,26.9,81.3,371.5,3.48,283.9,Urban,Clay,82.3,1,0,0
Tamil Nadu - Cauvery Basin,276.3,23.2,80.2,55.6,6.28,114.4,Forest,Peat,902.0,1,1,0
Kerala - Periyar Basin,145.8,31.3,58.1,1035.5,6.03,93.6,Water Body,Peat,1353.0,1,1,1
Odisha - Mahanadi Basin,147.9,31.5,43.5,301.2,1.31,300.9,Agricultural,Peat,163.0,1,1,0
Maharashtra - Godavari Basin,326.4,20.4,79.9,615.5,6.63,377.9,Urban,Loam,415.7,1,0,0
Tamil Nadu - Cauvery Basin,94.9,27.6,86.3,309.5,3.91,142.9,Agricultural,Sandy,744.7,1,0,0
Tamil Nadu - Cauvery Basin,88.9,31.2,98.3,707.8,8.22,517.3,Desert,Silt,66.3,1,1,0
Bihar - Kosi Basin,273.8,35.4,65.6,598.2,5.0,40.0,Desert,Clay,578.5,1,1,0
Odisha - Mahanadi Basin,182.5,23.1,91.8,280.4,3.63,212.2,Urban,Clay,1498.5,1,0,0
Odisha - Mahanadi Basin,66.4,23.7,89.0,446.4,2.39,365.0,Agricultural,Sandy,904.6,0,1,0
Maharashtra - Godavari Basin,200.7,33.8,70.1,141.9,1.81,122.8,Agricultural,Clay,590.9,1,1,0
Odisha - Mahanadi Basin,60.0,34.4,63.2,2146.4,2.01,640.6,Water Body,Silt,890.1,1,0,1
Rajasthan - Luni Basin,845.9,22.5,81.4,379.5,6.48,168.7,Urban,Clay,1098.8,1,0,1
Odisha - Mahanadi Basin,205.7,23.6,69.9,194.6,4.3,228.9,Urban,Loam,1156.7,0,1,1
Kerala - Periyar Basin,129.4,32.3,46.0,285.5,5.85,60.4,Forest,Peat,745.9,1,0,0
Bihar - Kosi Basin,202.3,20.8,41.1,238.6,0.92,52.6,Forest,Loam,851.8,1,0,0
Bihar - Kosi Basin,271.2,23.2,61.9,484.3,2.99,174.0,Desert,Sandy,318.0,1,0,0
Tamil Nadu - Cauvery Basin,476.4,23.5,70.5,254.0,1.85,246.5,Agricultural,Clay,698.5,1,0,0
Punjab - Sutlej Basin,174.4,24.7,94.1,1018.0,10.98,237.9,Water Body,Sandy,119.4,0,0,1
Kerala - Periyar Basin,81.8,26.0,82.4,724.2,3.47,287.8,Desert,Clay,589.4,0,1,0
Kerala - Periyar Basin,158.1,28.8,48.4,749.8,10.85,163.3,Water Body,Clay,399.9,1,0,0
Maharashtra - Godavari Basin,276.5,23.9,51.2,306.1,8.82,240.5,Agricultural,Clay,610.3,1,1,0
Madhya Pradesh - Chambal Basin,443.9,25.9,48.1,395.9,2.44,297.9,Urban,Sandy,1130.2,0,0,0
West Bengal - Ganga Delta,215.6,26.5,66.8,357.0,9.98,132.2,Agricultural,Clay,869.0,0,0,0
Kerala - Periyar Basin,166.9,16.7,59.1,216.8,1.4,212.7,Urban,Sandy,490.9,0,1,0
Maharashtra - Godavari Basin,532.0,25.5,80.1,677.9,1.46,88.5,Agricultural,Sandy,331.7,1,0,0
Karnataka - Tungabhadra Basin,238.3,25.1,81.0,1050.0,2.38,177.7,Water Body,Sandy,434.2,0,1,1
Bihar - Kosi Basin,468.4,30.5,68.2,165.5,2.63,241.3,Urban,Silt,738.5,1,1,1
Rajasthan - Luni Basin,143.4,23.1,46.4,160.5,6.78,423.2,Forest,Clay,540.5,0,1,0
Maharashtra - Godavari Basin,332.2,26.8,52.1,183.1,6.83,226.8,Urban,Clay,1726.0,1,1,1
Karnataka - Tungabhadra Basin,900.0,30.0,67.3,97.9,1.3,293.7,Urban,Loam,384.9,1,0,0
Bihar - Kosi Basin,485.7,32.7,77.6,209.7,5.25,309.4,Forest,Sandy,1188.8,0,1,0
Maharashtra - Godavari Basin,116.9,25.6,82.1,803.3,6.24,182.4,Agricultural,Loam,1013.9,1,1,0
Rajasthan - Luni Basin,579.2,30.0,67.4,822.9,6.75,162.7,Forest,Clay,123.0,1,1,1
Gujarat - Narmada Basin,225.2,37.6,73.9,190.8,5.66,105.8,Agricultural,Loam,506.3,1,1,0
Madhya Pradesh - Chambal Basin,108.2,27.6,93.9,78.6,1.4,69.3,Urban,Sandy,521.1,0,1,0
Bihar - Kosi Basin,164.2,28.5,89.0,513.5,7.8,104.3,Urban,Clay,661.7,1,1,1
Tamil Nadu - Cauvery Basin,199.6,30.8,87.8,440.5,1.41,319.9,Agricultural,Loam,1304.8,1,1,0
Rajasthan - Luni Basin,80.9,28.2,71.5,632.2,5.24,44.2,Agricultural,Silt,892.7,1,1,0
Assam - Brahmaputra Basin,122.8,27.4,64.6,193.5,3.52,106.8,Urban,Loam,319.5,1,1,0
Madhya Pradesh - Chambal Basin,658.9,29.9,55.0,630.0,0.73,349.4,Agricultural,Loam,51.6,1,1,0
Maharashtra - Godavari Basin,81.0,21.1,67.9,277.0,6.5,312.6,Forest,Clay,155.6,0,1,0
Rajasthan - Luni Basin,137.2,29.1,69.6,481.7,3.57,341.7,Desert,Loam,481.1,0,1,0
Kerala - Periyar Basin,114.8,28.3,92.4,434.1,1.81,272.9,Urban,Loam,288.3,0,1,0
Telangana - Godavari Basin,155.3,19.9,83.9,159.3,4.82,245.8,Urban,Clay,710.2,1,1,0
Punjab - Sutlej Basin,299.6,29.1,62.2,684.9,6.9,35.4,Urban,Loam,546.1,0,0,1
Tamil Nadu - Cauvery Basin,105.3,31.3,67.4,648.4,6.52,61.2,Forest,Silt,287.8,1,1,0
Maharashtra - Godavari Basin,153.0,29.8,79.4,368.0,0.29,128.6,Agricultural,Clay,550.1,0,0,0
Madhya Pradesh - Chambal Basin,45.4,22.9,72.9,552.1,6.66,296.6,Agricultural,Sandy,855.1,1,0,0
Andhra Pradesh - Krishna Basin,112.5,29.2,94.8,284.4,3.23,224.2,Agricultural,Clay,1118.5,0,0,0
Tamil Nadu - Cauvery Basin,356.0,31.4,52.5,177.3,4.09,117.6,Desert,Peat,390.9,1,1,0
Uttar Pradesh - Ghaghara Basin,225.9,29.4,59.8,394.4,7.46,77.8,Agricultural,Clay,728.2,1,1,0
Assam - Brahmaputra Basin,81.0,31.7,86.6,685.7,6.33,321.1,Urban,Loam,451.3,0,0,0
Odisha - Mahanadi Basin,342.4,28.7,73.2,401.3,1.26,352.4,Urban,Clay,1243.4,1,1,0
Punjab - Sutlej Basin,83.5,34.6,70.0,355.5,1.17,62.6,Agricultural,Clay,363.6,0,0,0
Assam - Brahmaputra Basin,44.4,33.6,70.7,157.9,10.03,187.0,Water Body,Silt,1145.3,0,1,1
West Bengal - Ganga Delta,204.4,31.5,68.7,244.2,2.5,159.3,Agricultural,Clay,109.6,1,1,0
Odisha - Mahanadi Basin,80.5,37.4,68.5,509.6,3.7,41.4,Urban,Clay,239.0,1,1,0
Bihar - Kosi Basin,193.5,26.6,76.1,554.3,10.08,131.3,Water Body,Loam,688.3,1,0,0
Telangana - Godavari Basin,148.5,25.9,92.2,577.8,7.92,10.0,Urban,Clay,389.2,1,1,0
Kerala - Periyar Basin,878.1,31.3,63.8,66.1,2.98,3.2,Urban,Clay,170.6,1,1,1
Uttar Pradesh - Ghaghara Basin,199.3,31.0,84.4,161.2,6.5,168.6,Forest,Sandy,497.1,0,0,0
Tamil Nadu - Cauvery Basin,148.8,26.3,56.0,425.7,3.71,215.7,Agricultural,Clay,855.6,1,1,0
Uttar Pradesh - Ghaghara Basin,317.6,25.1,63.7,339.0,4.2,522.8,Agricultural,Loam,660.3,1,1,0
Kerala - Periyar Basin,172.6,29.0,47.4,841.2,6.29,156.3,Urban,Sandy,489.5,1,0,0
Rajasthan - Luni Basin,299.4,31.6,76.1,973.3,2.75,329.4,Forest,Clay,499.4,0,1,1
Kerala - Periyar Basin,229.6,22.5,40.3,91.7,6.07,89.5,Urban,Loam,65.0,0,1,0
Telangana - Godavari Basin,29.0,29.7,86.7,867.1,2.38,319.2,Water Body,Peat,187.0,0,1,0
Assam - Brahmaputra Basin,64.9,28.0,69.0,469.8,6.79,98.9,Agricultural,Peat,957.7,0,0,0
Madhya Pradesh - Chambal Basin,174.6,29.1,74.8,1022.2,9.75,192.8,Desert,Loam,587.6,1,0,0
Rajasthan - Luni Basin,264.5,24.8,67.1,1251.6,4.32,135.5,Agricultural,Clay,279.8,0,1,1
Tamil Nadu - Cauvery Basin,310.6,26.1,68.2,176.1,4.16,301.8,Agricultural,Clay,1492.2,1,1,0
West Bengal - Ganga Delta,129.5,25.8,86.7,151.6,2.31,144.6,Forest,Clay,1017.8,1,0,0
Maharashtra - Godavari Basin,435.1,30.0,81.4,649.9,1.86,166.5,Water Body,Sandy,375.7,0,0,1
Telangana - Godavari Basin,59.1,31.9,72.0,197.2,4.35,130.2,Urban,Silt,88.4,1,1,0
Karnataka - Tungabhadra Basin,371.2,28.2,26.0,647.0,4.9,75.7,Desert,Silt,1389.2,0,1,1
Rajasthan - Luni Basin,326.5,31.2,83.9,58.8,5.46,142.8,Urban,Loam,412.2,1,0,0
Rajasthan - Luni Basin,21.1,22.7,61.7,1246.0,15.97,192.0,Agricultural,Sandy,1231.7,0,1,1
Bihar - Kosi Basin,307.6,31.3,70.6,963.9,3.79,223.6,Urban,Silt,566.2,0,0,1
Rajasthan - Luni Basin,49.9,23.2,40.7,218.5,9.82,66.1,Forest,Peat,498.3,0,1,1
Telangana - Godavari Basin,274.6,32.2,71.9,1176.8,2.37,154.1,Forest,Silt,972.2,1,0,0
Gujarat - Narmada Basin,254.3,26.8,90.5,540.7,7.37,64.2,Urban,Sandy,635.5,0,0,1
Tamil Nadu - Cauvery Basin,135.2,25.7,73.4,288.9,2.31,194.2,Forest,Loam,2262.9,1,0,0
Karnataka - Tungabhadra Basin,371.0,30.8,61.4,168.7,5.71,213.1,Agricultural,Silt,202.0,0,1,1
Assam - Brahmaputra Basin,320.5,23.7,80.7,403.5,5.49,252.2,Agricultural,Silt,773.3,1,0,0
Maharashtra - Godavari Basin,511.9,27.5,100.0,532.6,7.76,186.2,Desert,Loam,247.6,0,0,1
Madhya Pradesh - Chambal Basin,308.8,22.7,100.0,231.2,5.87,26.3,Agricultural,Clay,398.3,0,1,1
Assam - Brahmaputra Basin,127.5,28.7,46.6,183.0,3.9,563.1,Water Body,Clay,1230.3,1,0,0
Assam - Brahmaputra Basin,226.2,31.9,69.2,622.7,4.51,336.1,Agricultural,Loam,971.3,1,1,0
Karnataka - Tungabhadra Basin,159.8,22.4,67.2,388.1,4.06,174.3,Agricultural,Silt,652.1,0,1,0
Assam - Brahmaputra Basin,174.4,23.5,89.8,47.1,5.02,114.9,Agricultural,Loam,226.2,1,0,0
Madhya Pradesh - Chambal Basin,224.0,32.1,78.9,102.0,3.23,309.7,Agricultural,Clay,1968.2,0,0,0
Uttar Pradesh - Ghaghara Basin,143.3,34.1,44.2,255.9,6.68,199.7,Forest,Peat,1213.2,0,0,0
Punjab - Sutlej Basin,130.0,20.4,95.0,645.7,11.65,128.0,Forest,Loam,137.3,0,0,0
Rajasthan - Luni Basin,308.1,26.8,79.9,337.0,1.83,133.3,Agricultural,Sandy,1690.0,1,1,0
Karnataka - Tungabhadra Basin,361.0,27.7,97.3,824.0,1.16,287.1,Water Body,Clay,603.0,0,1,1
Bihar - Kosi Basin,613.5,26.6,57.9,225.8,3.71,329.8,Urban,Clay,51.9,1,0,0
Andhra Pradesh - Krishna Basin,421.7,33.8,61.4,514.8,4.12,138.4,Agricultural,Loam,1493.4,0,1,1
Maharashtra - Godavari Basin,138.5,26.3,61.7,473.1,2.93,24.2,Urban,Clay,1016.2,1,0,0
Assam - Brahmaputra Basin,22.3,20.1,73.0,189.3,9.15,175.1,Forest,Clay,202.9,1,1,0
Tamil Nadu - Cauvery Basin,35.4,26.3,73.8,273.0,3.69,28.2,Agricultural,Loam,2106.9,0,1,0
Kerala - Periyar Basin,420.8,20.5,76.3,484.6,4.57,182.1,Water Body,Silt,492.4,1,0,0
Karnataka - Tungabhadra Basin,37.1,31.7,52.8,23.9,3.47,261.9,Desert,Silt,1926.3,0,0,0
Gujarat - Narmada Basin,51.3,23.6,77.1,771.9,3.1,197.7,Agricultural,Loam,293.4,1,1,0
Bihar - Kosi Basin,166.0,27.4,90.6,212.9,2.77,10.1,Forest,Clay,547.1,0,1,0
Assam - Brahmaputra Basin,122.6,30.2,100.0,238.9,3.64,58.4,Urban,Silt,1696.1,1,1,0
Tamil Nadu - Cauvery Basin,185.2,27.9,45.8,619.1,2.05,302.2,Agricultural,Clay,399.5,0,0,0
Gujarat - Narmada Basin,352.4,25.7,62.5,425.4,3.02,324.4,Agricultural,Loam,1127.0,0,0,0
Telangana - Godavari Basin,133.7,27.4,75.5,260.4,3.14,95.1,Agricultural,Clay,371.5,0,1,0
West Bengal - Ganga Delta,251.7,29.1,55.9,152.8,3.74,435.4,Urban,Loam,2286.2,1,1,0
Gujarat - Narmada Basin,67.0,22.3,91.1,67.5,7.46,380.9,Urban,Sandy,884.4,0,1,1
Andhra Pradesh - Krishna Basin,125.8,31.5,88.9,351.1,0.59,252.8,Agricultural,Loam,1456.7,0,1,0
Andhra Pradesh - Krishna Basin,31.5,25.7,53.1,329.2,5.88,856.1,Forest,Sandy,599.0,1,1,0
Assam - Brahmaputra Basin,177.2,26.5,78.5,684.3,3.48,114.1,Agricultural,Loam,971.1,0,1,0
Tamil Nadu - Cauvery Basin,303.2,28.0,64.8,719.9,3.83,130.8,Desert,Sandy,727.6,1,0,0
Tamil Nadu - Cauvery Basin,218.5,22.3,31.4,480.6,2.94,42.1,Agricultural,Sandy,1524.3,1,0,0
Madhya Pradesh - Chambal Basin,280.7,29.4,54.4,484.4,2.33,431.3,Urban,Clay,418.3,1,0,0
Rajasthan - Luni Basin,293.9,33.1,58.2,233.7,4.54,196.1,Urban,Clay,329.7,1,0,0
Bihar - Kosi Basin,140.5,26.4,62.0,152.3,2.68,180.1,Water Body,Peat,1221.2,0,1,1
Uttar Pradesh - Ghaghara Basin,118.8,33.3,73.6,205.3,3.16,39.8,Forest,Sandy,802.1,1,1,0
Telangana - Godavari Basin,219.2,27.0,91.3,115.0,0.43,234.2,Agricultural,Clay,699.0,0,0,0
Punjab - Sutlej Basin,255.4,24.1,89.0,549.8,10.12,209.0,Desert,Sandy,137.8,0,1,1
Assam - Brahmaputra Basin,91.5,26.9,52.4,959.9,4.35,193.6,Agricultural,Sandy,83.6,1,1,0
Madhya Pradesh - Chambal Basin,154.7,24.8,82.1,164.9,1.9,440.6,Water Body,Silt,1223.5,0,0,0
Telangana - Godavari Basin,171.9,26.8,80.4,246.8,4.72,114.1,Urban,Silt,115.7,1,1,0
Uttar Pradesh - Ghaghara Basin,264.3,28.9,47.2,550.9,4.43,217.6,Agricultural,Clay,298.1,0,1,1
Rajasthan - Luni Basin,240.1,27.5,100.0,769.2,1.52,289.3,Water Body,Peat,875.8,1,1,0
West Bengal - Ganga Delta,136.4,21.5,98.0,580.2,1.95,41.8,Forest,Silt,606.0,0,0,0
Gujarat - Narmada Basin,424.1,35.8,73.3,608.9,4.96,137.3,Forest,Silt,1246.4,0,1,1
Karnataka - Tungabhadra Basin,30.6,26.6,61.1,366.1,1.49,190.4,Agricultural,Loam,757.6,0,1,0
Rajasthan - Luni Basin,243.7,30.8,62.8,771.9,16.5,58.6,Urban,Sandy,334.2,1,0,1
Karnataka - Tungabhadra Basin,65.4,26.7,50.6,234.9,4.61,435.2,Agricultural,Loam,3101.4,1,0,0
Gujarat - Narmada Basin,174.4,33.5,91.2,125.5,5.9,69.8,Water Body,Sandy,653.1,1,1,0
Karnataka - Tungabhadra Basin,260.8,27.8,94.9,44.5,2.8,52.6,Forest,Sandy,481.7,0,0,0
Odisha - Mahanadi Basin,307.4,33.5,52.6,416.3,2.23,273.6,Forest,Loam,550.2,0,1,0
Uttar Pradesh - Ghaghara Basin,107.6,32.8,52.8,1089.9,2.25,175.1,Urban,Peat,701.9,1,0,0
Gujarat - Narmada Basin,75.7,22.1,65.7,387.3,6.02,38.4,Desert,Sandy,584.0,1,1,0
Punjab - Sutlej Basin,132.2,37.0,62.3,1052.8,3.72,141.5,Agricultural,Peat,473.2,0,1,1
Uttar Pradesh - Ghaghara Basin,554.0,23.6,54.1,1515.0,9.29,6.7,Forest,Peat,308.6,1,0,1
Bihar - Kosi Basin,406.5,24.0,78.6,455.8,5.46,193.9,Forest,Loam,210.4,1,0,0
Andhra Pradesh - Krishna Basin,102.6,30.4,79.2,261.9,2.54,7.4,Agricultural,Loam,576.3,0,1,0
Karnataka - Tungabhadra Basin,226.0,30.3,69.0,180.8,2.48,563.0,Urban,Silt,621.2,0,0,0
Gujarat - Narmada Basin,246.2,27.3,63.5,482.3,9.7,121.6,Agricultural,Loam,286.1,1,0,0
Punjab - Sutlej Basin,44.6,27.0,78.2,382.9,6.35,258.4,Agricultural,Loam,828.0,1,0,0
Assam - Brahmaputra Basin,139.9,30.8,63.3,122.0,2.87,255.4,Forest,Loam,395.9,1,0,0
Andhra Pradesh - Krishna Basin,243.2,22.0,76.2,546.2,3.02,128.9,Forest,Loam,194.6,0,0,0
Telangana - Godavari Basin,182.3,26.6,92.5,557.4,3.47,21.2,Desert,Silt,446.9,0,1,1
Bihar - Kosi Basin,148.7,31.2,88.8,414.7,3.67,355.3,Water Body,Clay,609.2,1,0,0
Kerala - Periyar Basin,42.4,31.4,76.4,112.0,14.08,210.3,Urban,Sandy,917.7,1,0,0
Maharashtra - Godavari Basin,136.8,24.8,81.6,244.1,10.4,216.3,Agricultural,Clay,592.9,1,1,0
Kerala - Periyar Basin,204.1,23.2,65.4,234.9,8.42,82.3,Water Body,Clay,649.3,1,0,0
Telangana - Godavari Basin,500.1,28.9,58.3,122.3,4.66,30.8,Forest,Loam,470.0,0,0,0
West Bengal - Ganga Delta,219.6,22.9,49.3,451.5,3.09,69.9,Forest,Silt,209.0,1,1,0
Madhya Pradesh - Chambal Basin,154.2,30.4,57.8,225.3,3.4,439.8,Agricultural,Peat,1021.4,1,0,0
Gujarat - Narmada Basin,93.8,31.8,68.3,729.4,2.45,83.0,Desert,Sandy,429.7,1,1,0
Assam - Brahmaputra Basin,226.8,30.3,74.9,356.3,6.16,119.2,Forest,Loam,1403.3,0,1,0
Bihar - Kosi Basin,89.8,30.0,73.1,189.5,1.56,590.7,Agricultural,Peat,546.0,0,0,0
Rajasthan - Luni Basin,57.8,30.7,51.1,252.5,1.01,43.4,Desert,Sandy,839.9,1,1,0
Telangana - Godavari Basin,176.4,27.9,84.9,181.5,5.87,88.7,Agricultural,Clay,391.1,0,0,0
Bihar - Kosi Basin,231.4,24.3,78.0,1099.6,1.86,108.9,Urban,Loam,287.8,0,0,0
Maharashtra - Godavari Basin,388.6,33.1,78.1,186.2,1.77,224.6,Forest,Peat,698.5,0,0,0
Uttar Pradesh - Ghaghara Basin,234.1,24.0,66.1,545.9,8.38,212.6,Agricultural,Sandy,413.1,1,0,0
Madhya Pradesh - Chambal Basin,143.6,24.2,72.1,874.3,3.21,148.6,Agricultural,Sandy,344.7,0,1,1
Punjab - Sutlej Basin,109.2,33.7,60.5,638.4,2.89,53.0,Agricultural,Sandy,538.3,0,1,1
Bihar - Kosi Basin,248.2,31.2,76.3,306.8,5.48,97.9,Urban,Silt,779.1,1,1,0
Punjab - Sutlej Basin,631.1,32.1,51.7,383.5,3.22,28.3,Water Body,Clay,491.4,1,0,1
Bihar - Kosi Basin,63.1,23.5,48.5,334.4,2.67,265.9,Agricultural,Clay,458.0,1,0,0
Andhra Pradesh - Krishna Basin,271.0,29.5,81.3,356.1,5.14,5.9,Forest,Peat,1041.3,1,0,0
West Bengal - Ganga Delta,305.0,23.9,65.1,1620.3,6.24,292.6,Urban,Sandy,918.7,1,0,1
Uttar Pradesh - Ghaghara Basin,350.9,33.8,73.3,848.0,2.35,82.0,Water Body,Sandy,417.7,0,1,1
West Bengal - Ganga Delta,267.6,25.8,84.5,671.5,1.97,99.7,Desert,Silt,1611.6,1,0,0
Odisha - Mahanadi Basin,338.4,31.0,52.1,597.7,4.3,343.4,Agricultural,Peat,501.9,0,1,1
Kerala - Periyar Basin,190.3,27.6,61.5,509.0,5.52,183.1,Urban,Sandy,180.6,0,1,1
West Bengal - Ganga Delta,275.3,30.3,41.5,773.4,1.76,106.9,Agricultural,Silt,813.4,1,1,0
Punjab - Sutlej Basin,529.2,28.2,99.2,667.0,6.36,446.3,Desert,Sandy,263.2,1,1,0
Madhya Pradesh - Chambal Basin,508.7,23.2,68.9,94.5,3.41,281.9,Agricultural,Silt,1011.7,0,1,0
Madhya Pradesh - Chambal Basin,408.0,26.5,100.0,658.8,1.25,11.1,Forest,Silt,581.1,1,0,0
Punjab - Sutlej Basin,53.7,33.9,65.8,343.9,1.34,40.3,Forest,Sandy,397.0,1,1,0
Rajasthan - Luni Basin,25.3,20.3,78.9,693.9,4.25,155.8,Urban,Clay,92.6,1,0,0
Maharashtra - Godavari Basin,799.2,29.6,85.8,954.6,5.66,177.9,Forest,Silt,679.9,1,0,1
Odisha - Mahanadi Basin,550.0,30.8,76.8,511.2,1.04,163.9,Agricultural,Loam,381.3,1,0,0
Uttar Pradesh - Ghaghara Basin,119.8,31.0,96.3,67.7,1.26,304.1,Agricultural,Silt,503.9,1,1,0
West Bengal - Ganga Delta,116.5,30.2,77.1,219.8,2.52,50.1,Desert,Loam,547.7,0,1,1
Odisha - Mahanadi Basin,783.6,29.0,79.2,1182.9,6.37,101.5,Agricultural,Peat,1275.8,1,1,1
Tamil Nadu - Cauvery Basin,149.5,26.5,67.1,493.3,10.18,266.4,Urban,Clay,340.1,1,0,0
West Bengal - Ganga Delta,805.4,25.0,70.5,168.7,6.3,67.4,Forest,Silt,430.7,1,0,0
Bihar - Kosi Basin,80.4,28.4,96.5,1015.2,5.55,413.7,Urban,Loam,829.4,1,1,0
Andhra Pradesh - Krishna Basin,128.5,29.3,70.0,235.3,7.86,38.1,Forest,Clay,270.8,1,1,0
Maharashtra - Godavari Basin,37.7,39.2,95.1,517.5,6.01,280.6,Urban,Clay,571.3,1,0,0
Punjab - Sutlej Basin,245.9,25.3,70.2,195.5,0.73,507.8,Urban,Silt,658.9,1,0,0
Uttar Pradesh - Ghaghara Basin,182.2,27.9,67.6,656.2,2.55,376.8,Agricultural,Loam,649.1,1,1,0
West Bengal - Ganga Delta,140.3,29.9,73.9,347.5,10.39,52.2,Agricultural,Clay,191.1,1,0,0
Uttar Pradesh - Ghaghara Basin,166.1,26.1,71.4,83.9,0.6,73.7,Agricultural,Loam,547.1,0,1,1
Bihar - Kosi Basin,68.8,26.3,81.7,633.4,9.97,63.5,Urban,Sandy,814.8,1,0,0
Madhya Pradesh - Chambal Basin,115.0,33.2,77.6,343.6,0.82,152.2,Forest,Sandy,239.4,0,0,0
Gujarat - Narmada Basin,160.6,31.2,76.6,612.6,6.12,169.1,Urban,Clay,192.1,1,0,0
Gujarat - Narmada Basin,172.1,32.7,69.8,900.9,5.42,134.5,Agricultural,Sandy,434.5,1,0,0
West Bengal - Ganga Delta,246.1,33.6,65.6,631.3,7.71,140.0,Agricultural,Loam,663.4,1,0,0
Punjab - Sutlej Basin,241.8,31.8,54.3,439.9,8.82,219.1,Urban,Peat,400.3,1,1,0
West Bengal - Ganga Delta,245.9,29.5,41.5,531.9,14.25,316.0,Urban,Loam,1942.9,0,0,1
Rajasthan - Luni Basin,243.2,27.9,71.1,281.0,1.2,145.7,Urban,Sandy,608.1,1,1,0
Odisha - Mahanadi Basin,14.7,24.9,91.5,346.0,5.39,597.5,Agricultural,Peat,44.3,0,0,0
Uttar Pradesh - Ghaghara Basin,234.0,31.9,84.5,1087.3,3.05,220.8,Agricultural,Clay,803.7,0,1,1
Karnataka - Tungabhadra Basin,259.2,27.8,77.5,601.2,2.99,54.5,Urban,Sandy,400.3,0,0,0
Uttar Pradesh - Ghaghara Basin,418.7,30.3,100.0,571.7,2.07,78.5,Agricultural,Loam,274.7,1,1,0
Uttar Pradesh - Ghaghara Basin,76.8,30.9,89.0,343.9,0.65,43.4,Forest,Loam,121.5,1,1,0
Gujarat - Narmada Basin,66.4,31.4,64.6,125.3,4.64,163.4,Forest,Sandy,1132.3,1,1,0
Gujarat - Narmada Basin,557.0,30.5,54.1,304.4,8.1,133.0,Agricultural,Loam,1218.1,0,0,1
Telangana - Godavari Basin,207.6,26.3,87.2,292.1,13.12,87.5,Agricultural,Clay,430.3,1,0,0
Karnataka - Tungabhadra Basin,418.9,29.1,63.9,1289.1,6.07,110.9,Desert,Clay,441.9,1,1,1
Punjab - Sutlej Basin,509.5,28.9,85.5,483.3,15.87,532.8,Urban,Clay,626.8,1,1,1
Uttar Pradesh - Ghaghara Basin,259.5,27.2,60.8,299.1,8.97,97.7,Forest,Silt,1032.5,1,0,0
Telangana - Godavari Basin,57.7,23.4,67.4,344.8,5.82,61.6,Urban,Silt,1161.7,0,0,0
Odisha - Mahanadi Basin,148.3,22.6,73.0,216.0,6.49,59.6,Agricultural,Peat,1165.1,0,1,0
Telangana - Godavari Basin,124.7,26.2,74.1,104.6,4.5,69.5,Forest,Loam,530.6,0,1,0
Kerala - Periyar Basin,68.8,26.9,68.8,271.3,2.05,404.8,Agricultural,Peat,469.6,1,0,0
Gujarat - Narmada Basin,484.1,28.8,83.9,124.3,4.29,84.5,Urban,Loam,571.3,0,1,1
Tamil Nadu - Cauvery Basin,886.8,28.7,49.8,628.0,6.36,81.5,Urban,Loam,613.2,1,1,1
Madhya Pradesh - Chambal Basin,157.6,19.9,38.7,506.6,2.14,141.6,Agricultural,Loam,284.7,1,0,0
Tamil Nadu - Cauvery Basin,15.1,30.6,69.3,583.9,3.44,145.1,Agricultural,Sandy,2014.1,1,0,0
West Bengal - Ganga Delta,114.4,27.9,62.3,232.1,5.79,270.1,Forest,Silt,455.3,0,0,0
Kerala - Periyar Basin,136.0,28.6,83.8,422.3,2.48,76.2,Forest,Loam,265.6,0,0,0
Maharashtra - Godavari Basin,250.6,32.3,56.4,100.5,2.34,325.1,Desert,Silt,892.0,0,0,0
Madhya Pradesh - Chambal Basin,312.5,22.2,70.6,162.0,3.49,60.1,Urban,Sandy,421.4,1,0,0
Tamil Nadu - Cauvery Basin,278.6,22.8,53.7,424.0,2.16,107.6,Urban,Sandy,499.6,0,0,0
Assam - Brahmaputra Basin,373.8,29.2,81.1,712.1,7.56,243.2,Water Body,Silt,1996.5,1,1,1
Assam - Brahmaputra Basin,247.5,29.3,72.7,370.5,2.89,104.9,Forest,Loam,314.3,0,0,0
Madhya Pradesh - Chambal Basin,186.8,20.6,85.3,626.8,15.25,276.5,Agricultural,Sandy,579.0,1,1,1
Karnataka - Tungabhadra Basin,147.7,25.2,77.3,385.9,9.82,122.7,Desert,Peat,153.2,0,1,1
West Bengal - Ganga Delta,102.4,27.2,75.1,1054.2,2.53,114.7,Desert,Clay,277.7,0,1,1
Tamil Nadu - Cauvery Basin,84.5,31.5,60.4,780.3,4.16,260.4,Agricultural,Clay,132.4,1,0,0
Punjab - Sutlej Basin,245.7,30.6,72.4,98.1,4.28,437.1,Agricultural,Loam,974.0,0,1,0
Rajasthan - Luni Basin,415.9,21.9,71.5,74.2,5.86,444.4,Water Body,Loam,1332.9,0,1,1
Maharashtra - Godavari Basin,213.4,26.8,72.0,721.2,5.4,85.4,Urban,Loam,432.4,1,0,0
Gujarat - Narmada Basin,159.3,31.3,64.3,426.3,0.58,115.2,Desert,Peat,425.9,1,1,0
Bihar - Kosi Basin,478.6,27.9,77.1,115.6,6.68,371.8,Agricultural,Clay,126.2,1,0,0
Assam - Brahmaputra Basin,186.9,27.4,74.9,119.8,4.73,280.0,Agricultural,Clay,742.8,0,1,0
Punjab - Sutlej Basin,362.1,22.1,94.3,63.8,5.73,160.2,Desert,Sandy,270.5,1,0,0
Maharashtra - Godavari Basin,300.9,33.8,70.3,908.5,3.65,152.3,Forest,Loam,806.3,1,0,0
Gujarat - Narmada Basin,361.5,27.9,58.4,701.1,9.63,35.6,Water Body,Silt,691.4,1,0,1
Telangana - Godavari Basin,394.9,24.0,79.6,410.3,5.33,333.3,Forest,Clay,476.7,0,1,0
Punjab - Sutlej Basin,453.6,32.9,77.8,309.6,0.79,66.2,Urban,Silt,789.0,1,1,0
Gujarat - Narmada Basin,45.6,18.9,81.2,958.6,6.43,174.1,Agricultural,Clay,1221.6,1,0,0
Assam - Brahmaputra Basin,178.2,28.6,47.7,379.2,4.11,390.1,Forest,Sandy,713.7,1,1,0
Kerala - Periyar Basin,250.1,24.3,66.5,663.3,5.88,328.9,Urban,Silt,783.7,1,0,0
Karnataka - Tungabhadra Basin,196.2,22.6,65.1,1727.7,2.67,153.8,Desert,Sandy,429.9,0,0,1
Assam - Brahmaputra Basin,340.5,27.5,37.5,1267.7,3.14,336.2,Agricultural,Sandy,527.0,0,1,1
Kerala - Periyar Basin,234.7,21.8,85.8,422.7,4.96,313.4,Desert,Sandy,457.4,1,0,0
Andhra Pradesh - Krishna Basin,95.7,31.9,63.5,253.5,4.95,354.5,Forest,Peat,113.8,0,0,0
Tamil Nadu - Cauvery Basin,198.5,33.8,67.2,190.8,5.01,369.0,Agricultural,Clay,254.5,0,1,0
Telangana - Godavari Basin,148.0,23.3,76.3,348.4,5.77,356.0,Urban,Sandy,115.4,0,0,0
Tamil Nadu - Cauvery Basin,116.3,29.8,85.2,396.4,1.81,376.7,Agricultural,Loam,217.7,1,0,0
Odisha - Mahanadi Basin,161.1,29.2,80.7,445.0,2.34,468.6,Urban,Silt,933.7,1,0,0
Kerala - Periyar Basin,101.6,28.8,52.4,133.8,4.72,171.2,Urban,Loam,596.9,0,1,0
Assam - Brahmaputra Basin,330.8,22.8,78.2,145.8,2.64,252.1,Forest,Clay,2141.2,0,0,0
Uttar Pradesh - Ghaghara Basin,117.3,35.8,95.0,539.8,12.98,138.8,Urban,Silt,509.6,1,1,1
Gujarat - Narmada Basin,276.7,24.6,53.1,105.8,5.47,178.5,Urban,Clay,601.9,1,1,0
Gujarat - Narmada Basin,288.8,24.0,62.9,522.0,9.3,199.5,Water Body,Loam,276.8,1,0,0
Andhra Pradesh - Krishna Basin,25.5,22.8,64.8,270.8,1.67,47.7,Agricultural,Silt,783.9,0,1,0
Madhya Pradesh - Chambal Basin,48.3,29.2,71.8,391.7,1.16,97.7,Agricultural,Sandy,79.4,1,0,0
Karnataka - Tungabhadra Basin,146.3,24.1,51.5,183.5,5.02,237.5,Desert,Clay,1073.4,0,1,0
Tamil Nadu - Cauvery Basin,142.5,25.5,69.7,572.3,1.04,163.0,Agricultural,Sandy,461.6,0,0,0
Karnataka - Tungabhadra Basin,346.8,26.7,60.8,119.3,6.3,56.6,Agricultural,Silt,852.0,1,0,0
Tamil Nadu - Cauvery Basin,420.4,17.9,56.1,280.5,1.0,102.2,Agricultural,Loam,1817.2,0,1,0
Odisha - Mahanadi Basin,54.0,22.9,76.5,173.1,1.74,338.5,Agricultural,Sandy,1020.8,1,1,0
West Bengal - Ganga Delta,309.3,27.9,67.0,196.5,5.34,282.7,Forest,Sandy,406.2,1,1,0
West Bengal - Ganga Delta,657.1,24.9,72.0,514.9,1.73,136.6,Forest,Clay,231.0,1,1,0
Karnataka - Tungabhadra Basin,210.5,26.6,74.7,431.2,4.28,5.8,Agricultural,Silt,571.7,0,1,0
Andhra Pradesh - Krishna Basin,370.4,27.7,51.9,281.2,13.27,190.5,Agricultural,Clay,1002.2,1,0,0
Maharashtra - Godavari Basin,504.8,25.8,84.9,540.5,4.44,311.4,Forest,Peat,1210.6,0,0,1
Rajasthan - Luni Basin,160.2,24.4,100.0,556.9,11.59,225.4,Urban,Clay,857.2,0,1,1
Karnataka - Tungabhadra Basin,358.8,26.1,77.6,296.9,3.81,87.9,Urban,Peat,269.8,0,1,1
West Bengal - Ganga Delta,173.3,27.7,87.6,292.6,2.64,337.4,Agricultural,Silt,72.8,0,0,0
Punjab - Sutlej Basin,172.6,33.6,82.4,193.3,2.64,99.0,Forest,Loam,502.7,1,1,0
Bihar - Kosi Basin,200.8,25.9,66.2,990.4,2.54,19.7,Agricultural,Clay,1158.9,1,1,0
Punjab - Sutlej Basin,87.8,29.2,40.5,688.2,6.85,35.8,Urban,Silt,621.2,0,1,1
Odisha - Mahanadi Basin,143.9,20.2,84.6,166.0,0.45,245.6,Urban,Sandy,96.9,0,1,0
Kerala - Periyar Basin,148.1,32.0,59.9,701.6,5.13,52.7,Forest,Silt,1050.7,1,1,0
Maharashtra - Godavari Basin,199.6,26.1,87.6,531.1,3.19,129.0,Agricultural,Peat,1450.7,0,1,1
Karnataka - Tungabhadra Basin,123.1,29.0,73.1,297.3,4.27,108.7,Urban,Loam,118.6,0,0,0
Punjab - Sutlej Basin,110.3,26.8,82.9,156.5,5.6,187.1,Forest,Clay,1300.3,1,0,0
Uttar Pradesh - Ghaghara Basin,196.9,34.7,92.7,262.9,3.55,313.1,Urban,Clay,549.9,0,1,0
Bihar - Kosi Basin,248.7,28.2,63.0,489.9,6.32,230.9,Forest,Loam,761.9,0,1,1
Bihar - Kosi Basin,111.3,20.9,74.8,408.6,3.56,372.7,Desert,Clay,671.4,0,1,0
Kerala - Periyar Basin,275.0,30.9,55.9,377.4,1.23,398.5,Forest,Sandy,321.8,1,1,0
Odisha - Mahanadi Basin,260.2,36.0,79.3,174.7,5.62,140.1,Forest,Loam,1004.5,1,0,0
Andhra Pradesh - Krishna Basin,43.7,28.4,68.0,591.7,0.39,154.3,Forest,Sandy,957.4,1,0,0
Rajasthan - Luni Basin,311.0,23.7,66.3,549.6,2.54,247.4,Urban,Silt,168.6,1,0,0
Rajasthan - Luni Basin,900.0,27.2,90.4,566.5,2.0,291.0,Urban,Clay,1869.7,1,1,1
West Bengal - Ganga Delta,304.3,30.1,66.5,765.5,3.23,902.8,Forest,Clay,764.6,1,0,0
Assam - Brahmaputra Basin,166.7,33.9,51.5,388.7,3.27,257.1,Water Body,Clay,381.6,1,0,0
Tamil Nadu - Cauvery Basin,72.8,27.5,77.2,646.5,2.57,238.2,Forest,Peat,287.9,1,1,0
Punjab - Sutlej Basin,230.3,27.6,53.0,47.5,4.92,191.4,Water Body,Loam,1740.6,1,0,0
Madhya Pradesh - Chambal Basin,370.9,35.3,96.3,161.4,0.84,81.0,Urban,Sandy,789.3,0,1,1
Madhya Pradesh - Chambal Basin,447.7,25.6,76.7,509.8,1.65,243.1,Urban,Clay,530.4,0,0,0
Assam - Brahmaputra Basin,280.4,21.8,80.8,195.3,4.96,156.6,Agricultural,Clay,831.7,1,1,0
Madhya Pradesh - Chambal Basin,158.2,33.8,84.9,265.0,6.16,145.5,Water Body,Loam,1420.7,1,0,0
Punjab - Sutlej Basin,282.3,25.1,73.2,267.9,2.96,270.3,Agricultural,Sandy,2612.6,1,0,0
Andhra Pradesh - Krishna Basin,161.3,37.7,66.5,364.1,3.02,190.4,Agricultural,Clay,194.8,1,0,0
Andhra Pradesh - Krishna Basin,496.8,22.9,54.9,635.5,5.57,229.2,Water Body,Clay,167.6,0,0,0
West Bengal - Ganga Delta,368.9,30.6,70.4,1069.0,4.32,50.9,Desert,Sandy,643.7,1,1,0
Gujarat - Narmada Basin,65.8,33.6,94.1,703.4,2.08,144.8,Urban,Silt,616.8,1,0,0
Madhya Pradesh - Chambal Basin,234.5,31.7,65.5,732.1,2.22,266.9,Urban,Loam,410.7,1,1,0
Telangana - Godavari Basin,158.2,24.8,58.7,394.3,8.1,11.7,Desert,Silt,725.9,0,0,0
Punjab - Sutlej Basin,221.2,34.9,83.2,1017.5,2.35,156.6,Forest,Loam,996.9,0,1,1
West Bengal - Ganga Delta,430.0,26.3,80.4,819.5,8.07,253.2,Forest,Peat,1130.4,0,0,1
Tamil Nadu - Cauvery Basin,291.2,28.4,65.2,200.5,12.12,417.0,Urban,Clay,1085.3,0,0,1
Maharashtra - Godavari Basin,183.2,21.4,81.2,257.5,0.9,398.4,Desert,Clay,165.4,1,1,0
Karnataka - Tungabhadra Basin,44.9,22.2,85.5,251.0,5.3,199.2,Agricultural,Clay,442.0,1,0,0
Rajasthan - Luni Basin,439.7,27.6,70.6,303.1,1.85,134.9,Water Body,Silt,767.8,0,1,1
Uttar Pradesh - Ghaghara Basin,108.4,23.1,67.2,202.0,3.59,207.5,Agricultural,Sandy,344.8,0,0,0
Rajasthan - Luni Basin,381.8,20.4,40.1,193.6,6.74,25.2,Forest,Clay,1138.1,1,0,0
Bihar - Kosi Basin,409.7,26.8,60.5,376.8,5.25,115.2,Urban,Clay,145.4,1,0,0
Odisha - Mahanadi Basin,270.6,25.4,73.6,358.1,1.36,26.3,Agricultural,Silt,734.0,1,0,0
Uttar Pradesh - Ghaghara Basin,216.5,29.4,83.8,824.1,5.41,106.1,Forest,Loam,559.5,1,0,0
Rajasthan - Luni Basin,258.2,22.0,99.0,204.5,5.28,106.2,Agricultural,Clay,306.1,1,0,0
Madhya Pradesh - Chambal Basin,48.4,18.8,68.3,846.4,0.83,20.3,Urban,Silt,646.8,1,0,0
Uttar Pradesh - Ghaghara Basin,264.2,33.1,94.1,434.4,3.17,409.2,Agricultural,Sandy,789.4,1,0,0
Tamil Nadu - Cauvery Basin,530.4,21.8,75.4,187.3,5.39,60.1,Urban,Silt,837.2,0,0,1
Assam - Brahmaputra Basin,403.5,23.5,48.6,761.4,4.84,452.8,Agricultural,Silt,409.3,1,0,0
West Bengal - Ganga Delta,86.9,25.8,73.9,439.5,1.13,83.9,Urban,Silt,1309.0,0,0,0
Odisha - Mahanadi Basin,474.6,25.8,60.2,323.6,11.23,261.0,Desert,Clay,1734.3,0,1,1
Tamil Nadu - Cauvery Basin,41.0,30.3,55.4,870.4,3.4,265.6,Water Body,Silt,1079.1,1,1,1
Punjab - Sutlej Basin,256.2,20.8,54.2,130.5,9.16,169.8,Agricultural,Silt,1015.6,1,1,0
Telangana - Godavari Basin,388.7,28.7,76.6,823.4,3.67,235.0,Forest,Loam,690.2,0,1,1
Rajasthan - Luni Basin,419.8,25.5,56.9,196.5,17.0,53.5,Agricultural,Clay,368.0,0,0,1
Rajasthan - Luni Basin,90.9,25.3,62.1,191.1,2.93,1.8,Urban,Loam,536.7,0,1,0
Odisha - Mahanadi Basin,104.3,24.6,67.6,596.7,4.7,26.9,Agricultural,Peat,1643.1,1,1,0
Rajasthan - Luni Basin,121.6,27.5,59.1,422.5,4.27,52.9,Agricultural,Sandy,331.1,1,1,0
Madhya Pradesh - Chambal Basin,235.9,31.5,77.5,395.7,1.4,321.2,Urban,Clay,1576.4,0,0,0
Bihar - Kosi Basin,109.0,30.0,82.1,417.7,7.26,25.4,Agricultural,Peat,170.5,1,0,0
Punjab - Sutlej Basin,169.7,30.1,63.4,343.5,2.38,51.4,Forest,Peat,533.3,0,1,0
Tamil Nadu - Cauvery Basin,61.0,29.5,54.0,801.9,2.58,103.5,Agricultural,Silt,498.9,1,1,0
Kerala - Periyar Basin,723.0,35.0,91.9,116.1,2.39,106.5,Urban,Loam,812.8,1,0,0
Uttar Pradesh - Ghaghara Basin,173.9,24.9,85.4,1270.8,3.94,217.7,Forest,Sandy,1211.4,1,0,0
Telangana - Godavari Basin,337.0,24.9,54.4,274.8,5.11,212.6,Water Body,Sandy,576.7,0,0,1
Gujarat - Narmada Basin,174.3,34.5,71.9,125.2,2.85,299.3,Agricultural,Loam,313.8,1,0,0
Gujarat - Narmada Basin,457.1,26.0,53.7,2034.4,3.97,17.5,Urban,Sandy,370.5,1,1,1
Gujarat - Narmada Basin,60.3,27.2,71.1,161.0,3.16,254.3,Agricultural,Loam,188.3,0,1,0
Karnataka - Tungabhadra Basin,164.2,26.3,95.5,63.5,8.27,33.1,Agricultural,Clay,1082.2,0,1,1
Telangana - Godavari Basin,193.0,34.1,90.7,1408.7,7.95,302.2,Urban,Silt,703.4,0,0,1
Rajasthan - Luni Basin,99.7,25.3,66.1,215.0,2.79,107.8,Water Body,Peat,867.0,0,0,0
Gujarat - Narmada Basin,58.1,29.6,100.0,771.9,1.5,168.5,Urban,Loam,774.8,0,1,1
Maharashtra - Godavari Basin,102.0,27.9,68.3,119.1,7.02,116.3,Desert,Silt,786.1,1,0,0
Uttar Pradesh - Ghaghara Basin,399.7,28.9,84.4,380.8,4.09,84.2,Urban,Clay,676.8,1,0,0
Uttar Pradesh - Ghaghara Basin,242.0,25.2,47.0,1502.4,8.01,90.6,Forest,Peat,664.1,1,1,1
Odisha - Mahanadi Basin,221.0,26.2,65.3,801.4,7.2,344.2,Agricultural,Clay,363.6,1,0,0
Odisha - Mahanadi Basin,129.9,26.9,65.1,90.8,5.85,122.3,Water Body,Sandy,649.4,0,0,0
West Bengal - Ganga Delta,216.8,25.9,67.0,209.4,3.89,216.7,Forest,Sandy,258.1,1,1,0
Madhya Pradesh - Chambal Basin,262.1,26.2,78.0,367.4,8.93,78.6,Forest,Peat,44.3,0,1,1
Kerala - Periyar Basin,162.3,28.4,57.7,855.9,4.09,66.1,Forest,Peat,1763.6,0,1,1
Uttar Pradesh - Ghaghara Basin,399.1,32.6,92.7,103.4,6.39,222.4,Agricultural,Silt,587.0,0,0,0
Tamil Nadu - Cauvery Basin,175.0,25.5,42.3,40.4,3.31,49.1,Agricultural,Sandy,874.3,0,1,0
Madhya Pradesh - Chambal Basin,667.9,33.0,65.0,774.2,3.39,92.9,Water Body,Silt,1448.0,0,0,1
Madhya Pradesh - Chambal Basin,406.0,24.7,85.8,375.8,2.19,487.6,Desert,Clay,2206.6,0,1,1
Madhya Pradesh - Chambal Basin,347.9,28.2,75.7,604.7,9.9,631.7,Forest,Sandy,160.0,1,0,0
Karnataka - Tungabhadra Basin,418.1,25.7,47.2,774.7,4.23,100.3,Agricultural,Sandy,379.4,1,1,0
Odisha - Mahanadi Basin,317.9,34.4,65.2,1103.3,5.96,201.7,Agricultural,Clay,1103.9,0,1,1
Punjab - Sutlej Basin,220.6,34.1,72.8,728.1,3.87,155.2,Urban,Loam,408.9,0,1,1
Gujarat - Narmada Basin,122.4,36.1,40.8,173.4,7.94,195.4,Urban,Peat,566.0,1,0,0
Odisha - Mahanadi Basin,104.6,27.2,50.1,214.1,2.43,248.6,Forest,Loam,1511.3,0,0,0
Assam - Brahmaputra Basin,147.7,28.1,54.8,219.8,3.73,74.3,Agricultural,Loam,751.2,0,0,0
Karnataka - Tungabhadra Basin,74.1,24.2,76.1,484.0,4.64,234.7,Urban,Silt,203.4,0,0,0
Karnataka - Tungabhadra Basin,228.9,30.3,95.9,369.2,2.29,215.0,Agricultural,Clay,809.1,1,1,0
Uttar Pradesh - Ghaghara Basin,117.6,31.9,79.6,285.6,0.85,320.0,Urban,Silt,697.1,1,1,0
Andhra Pradesh - Krishna Basin,524.5,35.1,74.7,166.8,6.22,61.8,Urban,Loam,1544.8,0,0,0
West Bengal - Ganga Delta,900.0,23.8,88.3,994.4,3.75,299.4,Desert,Peat,1761.4,1,0,1
Maharashtra - Godavari Basin,155.7,32.6,80.3,177.6,4.09,179.3,Forest,Clay,1090.7,1,1,0
Rajasthan - Luni Basin,74.5,29.0,57.8,1307.1,1.06,198.0,Urban,Sandy,1094.8,0,1,1
Madhya Pradesh - Chambal Basin,116.9,22.7,75.0,132.6,3.52,127.1,Urban,Loam,991.7,0,1,1
Uttar Pradesh - Ghaghara Basin,900.0,30.4,62.9,122.0,2.85,307.2,Urban,Silt,1034.1,0,0,1
Odisha - Mahanadi Basin,68.3,30.6,65.9,658.9,1.99,237.4,Agricultural,Silt,151.1,0,0,0
Odisha - Mahanadi Basin,254.0,30.1,81.3,178.8,8.69,59.1,Forest,Loam,453.7,0,0,0
Uttar Pradesh - Ghaghara Basin,202.9,31.5,85.3,480.6,4.69,150.9,Forest,Clay,2370.2,1,0,0
Rajasthan - Luni Basin,572.8,34.4,53.5,580.8,12.4,127.5,Agricultural,Sandy,465.3,1,0,1
Kerala - Periyar Basin,133.7,33.8,71.8,156.0,2.28,357.9,Agricultural,Clay,318.6,1,0,0
Uttar Pradesh - Ghaghara Basin,164.0,31.1,87.4,410.5,1.13,94.3,Urban,Silt,546.6,1,1,0
Maharashtra - Godavari Basin,432.2,28.6,73.4,727.8,2.15,294.5,Urban,Silt,284.8,0,0,0
Uttar Pradesh - Ghaghara Basin,299.5,25.8,86.6,700.8,3.56,35.2,Water Body,Peat,853.6,1,0,0
Kerala - Periyar Basin,27.8,30.5,92.3,771.3,2.91,146.3,Agricultural,Silt,420.1,0,0,0
Telangana - Godavari Basin,219.4,30.3,79.3,485.3,2.71,68.5,Urban,Silt,765.7,1,0,0
Assam - Brahmaputra Basin,352.4,23.0,88.1,714.3,4.1,537.2,Urban,Loam,935.3,1,1,1
Kerala - Periyar Basin,81.7,34.5,66.4,875.4,5.36,213.2,Agricultural,Silt,226.4,1,1,0
Punjab - Sutlej Basin,30.3,27.3,46.5,250.4,3.63,125.4,Urban,Loam,1266.8,0,0,0
Telangana - Godavari Basin,198.8,36.5,78.0,228.0,4.19,134.4,Water Body,Loam,549.8,0,0,0
Andhra Pradesh - Krishna Basin,80.8,28.7,59.7,622.6,5.98,420.4,Desert,Silt,444.1,1,1,0
Rajasthan - Luni Basin,497.8,23.0,71.9,41.3,7.93,158.1,Agricultural,Sandy,1048.9,1,0,0
Gujarat - Narmada Basin,371.0,32.2,75.7,760.5,7.48,209.7,Urban,Sandy,379.6,1,0,0
Assam - Brahmaputra Basin,339.2,22.9,100.0,685.5,5.26,164.0,Desert,Sandy,1013.7,0,0,0
Madhya Pradesh - Chambal Basin,33.6,30.5,86.8,730.4,4.58,224.5,Agricultural,Sandy,200.9,0,0,0
Odisha - Mahanadi Basin,320.1,26.9,74.9,46.4,10.99,182.2,Water Body,Silt,499.0,1,0,0
Assam - Brahmaputra Basin,358.8,31.6,93.2,504.6,0.95,139.6,Agricultural,Silt,753.9,1,0,0
Madhya Pradesh - Chambal Basin,644.2,28.2,58.2,749.6,10.17,282.0,Forest,Clay,134.5,0,0,1
Uttar Pradesh - Ghaghara Basin,140.9,26.0,93.5,63.0,12.09,385.9,Forest,Clay,488.1,0,0,0
Kerala - Periyar Basin,185.1,25.0,73.1,1995.5,8.19,159.7,Agricultural,Sandy,851.6,1,1,1
West Bengal - Ganga Delta,102.1,35.8,91.6,270.7,9.47,197.3,Agricultural,Loam,366.3,1,0,0
Bihar - Kosi Basin,85.8,31.5,64.6,1440.9,6.7,202.0,Desert,Silt,760.2,0,0,0
West Bengal - Ganga Delta,365.8,28.6,59.2,585.9,1.37,56.6,Agricultural,Clay,718.0,0,1,1
Telangana - Godavari Basin,194.0,23.4,61.3,1381.9,2.63,40.1,Urban,Peat,617.1,1,0,0
Madhya Pradesh - Chambal Basin,309.7,27.5,97.5,621.1,4.54,526.7,Urban,Loam,17.3,0,1,1
Maharashtra - Godavari Basin,133.0,27.3,59.6,345.5,5.46,135.5,Water Body,Silt,788.9,1,0,0
Punjab - Sutlej Basin,149.5,25.7,59.5,294.3,5.89,349.1,Agricultural,Clay,419.8,1,1,0
Punjab - Sutlej Basin,85.5,26.6,88.4,365.0,4.84,211.2,Forest,Silt,129.3,1,1,0
Rajasthan - Luni Basin,322.9,32.4,47.1,613.7,7.79,61.1,Agricultural,Loam,1498.6,0,1,1
Assam - Brahmaputra Basin,443.3,25.6,93.6,390.9,1.56,321.7,Urban,Loam,112.9,1,0,0
Uttar Pradesh - Ghaghara Basin,235.3,28.9,56.5,1076.5,11.92,100.7,Desert,Silt,990.4,0,1,1
West Bengal - Ganga Delta,37.1,23.6,93.7,389.1,1.08,307.9,Agricultural,Sandy,864.8,1,0,0
Madhya Pradesh - Chambal Basin,208.5,19.9,84.2,566.9,6.57,16.2,Forest,Loam,1300.6,0,1,1
Uttar Pradesh - Ghaghara Basin,332.4,29.4,92.1,323.6,3.41,82.8,Agricultural,Loam,270.9,0,0,0
Rajasthan - Luni Basin,149.4,26.0,50.5,538.1,4.56,127.4,Forest,Loam,911.5,0,1,1
Andhra Pradesh - Krishna Basin,495.8,32.4,58.5,502.3,7.36,197.3,Forest,Silt,194.9,1,0,0
Maharashtra - Godavari Basin,28.4,29.4,87.2,289.9,3.2,147.8,Agricultural,Sandy,215.0,1,0,0
Maharashtra - Godavari Basin,63.8,35.4,52.6,56.4,2.36,61.6,Forest,Peat,1121.6,1,0,0
Madhya Pradesh - Chambal Basin,77.1,36.7,100.0,258.0,1.96,72.6,Agricultural,Sandy,782.3,1,0,0
Bihar - Kosi Basin,125.0,31.9,78.0,64.1,6.42,242.0,Forest,Loam,908.7,1,0,0
West Bengal - Ganga Delta,248.8,24.7,76.4,664.5,0.76,314.4,Agricultural,Sandy,387.3,0,1,1
West Bengal - Ganga Delta,276.1,27.7,95.6,321.7,4.94,267.9,Urban,Clay,385.1,1,1,0
West Bengal - Ganga Delta,125.3,27.1,83.5,474.7,6.81,331.3,Forest,Clay,142.0,1,0,0
Bihar - Kosi Basin,196.0,27.8,83.9,1026.5,6.77,77.4,Agricultural,Clay,992.3,1,1,0
Andhra Pradesh - Krishna Basin,352.1,29.7,84.1,782.4,1.72,277.6,Desert,Silt,936.5,0,1,1
Odisha - Mahanadi Basin,283.2,25.6,98.9,211.6,9.41,252.0,Urban,Silt,828.5,1,1,1
Bihar - Kosi Basin,184.0,35.3,63.4,656.9,4.75,106.2,Agricultural,Sandy,761.0,0,1,1
Karnataka - Tungabhadra Basin,334.4,19.8,65.2,752.4,3.8,306.9,Forest,Silt,1348.6,1,1,0
Punjab - Sutlej Basin,116.1,22.2,99.9,271.5,9.64,181.4,Urban,Silt,2474.7,0,1,1
Odisha - Mahanadi Basin,685.6,30.5,56.5,1223.3,3.45,233.8,Water Body,Sandy,312.6,0,0,1
Kerala - Periyar Basin,16.3,31.6,63.7,216.0,6.77,84.7,Agricultural,Clay,698.9,1,0,0
Andhra Pradesh - Krishna Basin,35.4,32.8,89.0,241.0,0.96,148.4,Agricultural,Sandy,820.7,1,1,0
West Bengal - Ganga Delta,22.6,28.2,56.0,594.3,4.3,264.3,Urban,Clay,1360.6,0,0,0
Telangana - Godavari Basin,207.1,31.2,46.8,20.9,2.57,146.2,Urban,Loam,354.7,1,1,0
Tamil Nadu - Cauvery Basin,276.1,34.0,67.5,439.8,3.78,36.2,Agricultural,Silt,480.1,1,0,0
Punjab - Sutlej Basin,136.5,20.2,65.5,670.2,5.24,39.6,Agricultural,Clay,445.4,1,0,0
Gujarat - Narmada Basin,354.8,27.0,77.0,565.3,2.48,315.3,Water Body,Loam,324.2,1,0,0
Tamil Nadu - Cauvery Basin,404.0,28.9,44.7,451.2,13.63,469.0,Urban,Silt,979.0,0,1,1
Madhya Pradesh - Chambal Basin,228.1,22.9,61.0,122.3,3.16,36.9,Urban,Silt,674.9,1,1,0
Telangana - Godavari Basin,202.4,28.3,50.1,436.8,3.35,278.6,Forest,Peat,316.5,1,1,0
Assam - Brahmaputra Basin,446.2,27.8,100.0,148.2,6.15,324.1,Water Body,Clay,579.2,1,1,1
Gujarat - Narmada Basin,81.7,27.9,55.9,607.0,4.79,32.9,Agricultural,Sandy,271.8,1,1,0
Madhya Pradesh - Chambal Basin,208.1,30.1,75.5,260.2,4.9,424.5,Forest,Clay,1321.7,1,0,0
Andhra Pradesh - Krishna Basin,115.1,24.6,57.2,579.9,6.49,161.6,Desert,Loam,819.3,0,0,0
Assam - Brahmaputra Basin,105.8,25.6,74.3,204.9,1.97,105.0,Agricultural,Peat,563.6,1,0,0
Assam - Brahmaputra Basin,477.9,23.3,83.2,71.2,8.48,151.1,Urban,Silt,192.1,1,1,1
Andhra Pradesh - Krishna Basin,237.2,21.8,100.0,258.0,5.57,129.2,Agricultural,Sandy,1003.8,0,0,0
Assam - Brahmaputra Basin,142.1,26.0,82.8,564.4,6.8,107.3,Agricultural,Clay,821.0,0,0,0
Bihar - Kosi Basin,90.1,23.8,65.0,460.6,9.96,106.3,Agricultural,Clay,1519.8,0,0,1
Kerala - Periyar Basin,332.6,30.1,86.0,387.0,1.44,45.5,Agricultural,Loam,1718.8,1,0,0
West Bengal - Ganga Delta,225.7,23.1,78.8,789.9,8.52,127.1,Urban,Silt,64.2,0,1,1
Uttar Pradesh - Ghaghara Basin,308.3,26.7,70.6,650.1,2.48,143.8,Agricultural,Loam,1567.0,0,1,0
Uttar Pradesh - Ghaghara Basin,138.2,22.9,75.3,874.3,3.65,119.5,Forest,Sandy,1674.5,0,0,0
Bihar - Kosi Basin,271.0,32.4,71.3,592.5,7.97,176.2,Urban,Loam,1662.6,1,0,0
Madhya Pradesh - Chambal Basin,423.9,30.1,67.8,329.0,1.26,154.8,Desert,Sandy,940.6,0,1,0
Karnataka - Tungabhadra Basin,130.2,23.8,38.9,308.0,3.23,123.8,Urban,Sandy,543.8,0,1,1
Bihar - Kosi Basin,182.9,33.2,90.1,428.8,3.14,123.0,Urban,Clay,362.4,0,1,1
Uttar Pradesh - Ghaghara Basin,192.2,25.9,87.3,486.6,3.96,153.7,Agricultural,Silt,308.4,1,0,0
Tamil Nadu - Cauvery Basin,123.0,33.8,76.0,73.8,8.72,45.3,Forest,Loam,830.9,0,0,0
Andhra Pradesh - Krishna Basin,538.0,37.9,64.9,1377.9,7.7,92.9,Urban,Clay,828.7,1,1,1
Uttar Pradesh - Ghaghara Basin,17.5,31.7,41.4,16.7,1.83,210.6,Forest,Silt,2993.0,1,1,0
Tamil Nadu - Cauvery Basin,233.2,22.3,75.6,709.5,4.63,287.0,Desert,Sandy,1038.5,1,0,0
Madhya Pradesh - Chambal Basin,603.2,28.5,60.3,1768.6,3.73,180.4,Forest,Silt,146.0,0,0,1
Bihar - Kosi Basin,128.7,22.4,74.2,578.4,6.86,155.8,Water Body,Loam,409.7,1,1,0
Andhra Pradesh - Krishna Basin,265.6,29.6,65.1,887.0,5.58,53.4,Forest,Clay,557.4,1,1,0
Karnataka - Tungabhadra Basin,275.4,22.3,88.8,201.0,7.15,199.6,Urban,Clay,1064.5,0,0,0
Andhra Pradesh - Krishna Basin,66.4,37.0,48.3,573.2,2.21,138.3,Forest,Clay,273.6,1,0,0
Uttar Pradesh - Ghaghara Basin,62.2,33.5,39.8,336.2,1.63,301.4,Desert,Loam,1003.5,0,1,0
Kerala - Periyar Basin,428.2,28.3,100.0,926.0,6.37,363.1,Forest,Loam,1591.6,1,0,1
Bihar - Kosi Basin,149.7,31.0,57.2,451.8,2.03,161.6,Forest,Clay,1581.2,1,1,0
Madhya Pradesh - Chambal Basin,164.8,21.1,75.1,227.3,4.36,621.4,Agricultural,Sandy,865.5,1,1,0
Uttar Pradesh - Ghaghara Basin,124.9,23.8,86.1,277.4,1.11,71.6,Forest,Silt,158.0,1,0,0
West Bengal - Ganga Delta,585.1,30.4,77.1,500.9,1.42,198.3,Agricultural,Silt,244.4,0,0,0
Tamil Nadu - Cauvery Basin,216.4,24.3,67.8,500.5,4.32,62.3,Agricultural,Peat,900.1,1,0,0
Assam - Brahmaputra Basin,220.1,23.7,78.0,970.4,1.59,265.6,Urban,Loam,403.0,0,0,1
Madhya Pradesh - Chambal Basin,294.6,29.5,63.9,656.2,1.8,302.3,Forest,Silt,638.8,0,1,1
Andhra Pradesh - Krishna Basin,143.3,27.6,80.5,445.0,4.58,45.1,Agricultural,Clay,521.6,1,1,0
Gujarat - Narmada Basin,588.2,26.5,48.9,108.5,4.18,178.8,Forest,Sandy,380.7,0,0,1
Karnataka - Tungabhadra Basin,720.0,30.1,60.8,245.7,3.92,87.2,Water Body,Clay,187.5,1,0,1
Telangana - Godavari Basin,270.8,30.0,42.4,81.4,2.38,115.1,Forest,Loam,719.7,0,0,0
Uttar Pradesh - Ghaghara Basin,173.6,27.4,56.0,571.9,3.76,361.3,Forest,Loam,417.6,0,0,0
Assam - Brahmaputra Basin,230.6,21.6,69.6,1095.1,3.63,177.4,Agricultural,Clay,1608.3,1,1,0
Telangana - Godavari Basin,387.0,31.4,75.5,302.1,5.32,35.3,Agricultural,Sandy,1031.0,1,0,0
West Bengal - Ganga Delta,210.4,32.5,76.6,522.1,3.46,219.4,Desert,Silt,720.9,1,1,0
Bihar - Kosi Basin,339.2,35.4,62.5,459.9,1.43,383.5,Urban,Loam,1497.5,0,1,1
West Bengal - Ganga Delta,498.1,23.5,68.7,790.6,3.17,489.9,Agricultural,Sandy,307.6,1,1,0
Maharashtra - Godavari Basin,218.7,29.3,78.7,136.6,7.54,66.6,Agricultural,Sandy,179.4,0,0,0
Bihar - Kosi Basin,501.7,29.2,71.9,225.1,4.71,594.6,Urban,Clay,236.5,1,0,0
Bihar - Kosi Basin,508.2,25.0,37.8,893.7,0.84,365.8,Forest,Peat,512.5,0,1,1
Punjab - Sutlej Basin,366.2,33.1,69.3,503.9,1.21,53.1,Agricultural,Clay,436.7,0,0,0
Rajasthan - Luni Basin,122.9,23.3,65.4,246.1,2.09,10.1,Urban,Silt,1191.0,1,0,0
West Bengal - Ganga Delta,305.3,24.0,65.8,402.4,3.09,487.9,Water Body,Loam,694.2,0,0,0
Madhya Pradesh - Chambal Basin,129.6,32.4,68.0,289.2,1.31,275.8,Urban,Clay,1522.5,0,1,1
Gujarat - Narmada Basin,314.2,28.9,56.9,1397.1,0.55,113.1,Agricultural,Sandy,772.4,1,0,0
Assam - Brahmaputra Basin,242.4,26.5,56.4,580.5,2.11,102.6,Forest,Silt,319.6,1,0,0
Maharashtra - Godavari Basin,26.8,21.8,66.5,414.4,4.2,306.6,Urban,Silt,1544.1,1,0,0
Tamil Nadu - Cauvery Basin,28.9,24.6,54.4,533.9,0.56,255.4,Agricultural,Silt,186.0,1,1,0
Rajasthan - Luni Basin,259.4,30.9,65.3,487.9,2.41,142.8,Forest,Peat,1367.7,1,0,0
Karnataka - Tungabhadra Basin,63.1,30.1,68.9,515.0,8.55,96.2,Urban,Sandy,844.3,1,0,0
Gujarat - Narmada Basin,449.0,28.3,61.9,546.4,5.9,93.9,Urban,Loam,391.8,0,1,1
Gujarat - Narmada Basin,270.8,26.4,75.9,83.8,2.95,195.7,Forest,Clay,513.4,1,0,0
Andhra Pradesh - Krishna Basin,412.6,25.5,68.9,292.6,8.55,61.2,Desert,Silt,1811.0,0,1,1
West Bengal - Ganga Delta,236.3,28.9,65.7,986.1,6.04,320.5,Agricultural,Silt,275.8,0,1,1
Odisha - Mahanadi Basin,143.7,21.9,61.4,491.4,13.36,219.8,Water Body,Loam,585.0,0,0,1
Madhya Pradesh - Chambal Basin,229.0,28.4,92.8,37.1,7.64,527.2,Urban,Loam,219.5,1,1,0
Andhra Pradesh - Krishna Basin,99.8,31.2,62.6,40.4,4.82,176.0,Agricultural,Loam,473.4,1,0,0
Tamil Nadu - Cauvery Basin,270.9,24.2,58.4,251.3,0.76,147.0,Forest,Clay,316.8,0,1,0
Maharashtra - Godavari Basin,451.0,31.6,55.0,125.4,5.31,17.1,Water Body,Silt,240.2,0,0,1
Assam - Brahmaputra Basin,264.9,25.7,62.0,406.5,6.97,64.8,Forest,Clay,46.7,1,1,0
Maharashtra - Godavari Basin,331.7,23.2,81.1,141.7,2.76,271.3,Forest,Loam,1937.1,0,1,0
Odisha - Mahanadi Basin,523.2,34.1,76.6,503.1,2.51,79.7,Urban,Sandy,572.8,1,0,0
Madhya Pradesh - Chambal Basin,211.5,32.9,68.7,56.0,1.29,419.8,Agricultural,Clay,839.2,1,1,0
Maharashtra - Godavari Basin,250.7,24.0,76.7,1681.9,2.15,57.5,Agricultural,Loam,631.2,1,1,1
West Bengal - Ganga Delta,96.8,26.9,69.8,549.4,7.43,233.8,Agricultural,Sandy,2251.5,1,0,0
Tamil Nadu - Cauvery Basin,338.4,27.4,34.5,723.7,3.34,119.1,Agricultural,Silt,144.4,1,1,0
Odisha - Mahanadi Basin,156.4,23.1,56.5,566.1,1.48,175.8,Urban,Loam,496.6,1,1,0
Bihar - Kosi Basin,84.4,26.4,51.9,619.8,4.2,414.3,Urban,Silt,556.0,1,0,0
Rajasthan - Luni Basin,465.8,25.2,53.7,341.1,5.09,245.1,Agricultural,Loam,1274.4,1,1,1
Telangana - Godavari Basin,194.1,30.3,74.3,274.4,9.84,174.1,Agricultural,Sandy,420.5,1,1,0
Assam - Brahmaputra Basin,266.8,25.9,61.7,176.3,1.05,91.1,Desert,Peat,385.2,0,1,0
Gujarat - Narmada Basin,192.8,28.5,64.0,193.1,6.77,33.7,Agricultural,Loam,573.0,0,0,0
Kerala - Periyar Basin,326.6,33.2,78.2,707.5,3.21,41.9,Agricultural,Silt,59.3,0,1,1
Gujarat - Narmada Basin,108.1,31.5,34.7,104.4,1.29,321.4,Agricultural,Loam,557.3,1,0,0
Madhya Pradesh - Chambal Basin,285.3,26.0,93.0,1061.2,4.55,120.5,Agricultural,Loam,1574.5,0,0,1
Bihar - Kosi Basin,369.4,28.5,64.7,338.0,2.16,457.8,Urban,Silt,494.9,1,1,0
Rajasthan - Luni Basin,151.9,27.2,81.6,429.1,2.55,118.0,Forest,Sandy,611.5,1,0,0
Odisha - Mahanadi Basin,158.3,27.2,79.0,498.4,4.44,93.2,Agricultural,Silt,997.4,1,1,0
Tamil Nadu - Cauvery Basin,102.4,28.9,68.5,1095.7,6.08,79.4,Water Body,Clay,1814.5,0,0,1
Telangana - Godavari Basin,287.3,28.6,83.6,480.8,4.06,69.8,Forest,Silt,555.3,1,0,0
Uttar Pradesh - Ghaghara Basin,187.8,28.2,55.1,471.2,2.85,82.5,Forest,Clay,610.9,1,1,0
Karnataka - Tungabhadra Basin,267.4,24.5,71.6,544.8,3.52,261.8,Urban,Clay,1133.0,0,1,1
Assam - Brahmaputra Basin,193.2,25.6,70.6,221.3,6.23,594.7,Water Body,Clay,372.3,0,1,0
Andhra Pradesh - Krishna Basin,89.0,29.6,45.6,257.1,6.36,157.3,Desert,Clay,538.1,0,0,0
West Bengal - Ganga Delta,351.6,31.6,81.3,664.1,1.41,211.8,Urban,Loam,1475.7,0,1,1
Gujarat - Narmada Basin,291.0,26.6,45.5,14.3,2.89,444.9,Agricultural,Silt,871.4,0,1,0
Rajasthan - Luni Basin,296.2,29.4,79.9,315.9,1.41,127.2,Urban,Loam,678.7,0,1,1
Kerala - Periyar Basin,213.7,29.7,59.6,593.5,4.61,181.9,Urban,Loam,680.3,0,1,1
Rajasthan - Luni Basin,484.4,24.4,55.9,921.8,5.85,168.2,Agricultural,Sandy,544.5,0,0,1
Assam - Brahmaputra Basin,134.4,27.2,64.1,641.6,4.47,203.8,Urban,Clay,553.7,1,0,0
Andhra Pradesh - Krishna Basin,399.4,27.5,84.9,335.5,5.24,231.2,Agricultural,Silt,379.9,1,1,0
Tamil Nadu - Cauvery Basin,80.2,30.7,52.3,215.3,3.68,29.8,Forest,Loam,772.2,1,0,0
Madhya Pradesh - Chambal Basin,72.2,37.2,75.0,495.2,6.18,111.1,Desert,Clay,169.7,1,1,0
Madhya Pradesh - Chambal Basin,230.1,34.1,57.1,450.3,11.57,128.8,Desert,Peat,503.4,1,1,1
Assam - Brahmaputra Basin,83.7,34.1,64.1,613.0,2.73,110.7,Agricultural,Peat,660.8,1,1,0
Odisha - Mahanadi Basin,260.4,26.9,78.9,499.6,3.06,203.7,Agricultural,Clay,897.6,0,0,0
Kerala - Periyar Basin,221.7,33.3,99.3,1502.1,7.76,239.9,Agricultural,Loam,491.7,0,0,1
Odisha - Mahanadi Basin,532.8,27.7,55.7,38.7,0.89,148.8,Urban,Clay,380.2,1,0,0
Bihar - Kosi Basin,378.1,31.1,73.7,238.2,7.09,176.2,Urban,Clay,836.0,0,1,1
Odisha - Mahanadi Basin,481.4,27.5,87.3,1913.9,0.87,96.6,Urban,Clay,660.8,0,1,1
Gujarat - Narmada Basin,126.0,30.0,61.0,281.5,5.29,65.8,Urban,Clay,240.8,0,1,1
Rajasthan - Luni Basin,533.2,25.5,83.1,877.4,3.79,219.7,Forest,Peat,708.3,1,0,0
Uttar Pradesh - Ghaghara Basin,334.9,24.8,67.9,239.6,4.95,12.5,Agricultural,Sandy,707.8,0,0,0
Karnataka - Tungabhadra Basin,111.3,32.7,40.2,211.9,6.47,46.0,Forest,Sandy,589.9,1,0,0
Assam - Brahmaputra Basin,65.6,27.0,77.6,317.4,4.39,254.8,Urban,Silt,213.4,1,0,0
Assam - Brahmaputra Basin,601.0,33.0,84.8,570.6,6.9,156.6,Urban,Loam,954.0,0,0,1
Assam - Brahmaputra Basin,562.6,27.3,45.1,258.8,3.56,152.5,Agricultural,Loam,443.0,0,1,1
Punjab - Sutlej Basin,653.1,30.3,52.4,339.0,2.94,106.8,Agricultural,Loam,427.7,1,0,0
Maharashtra - Godavari Basin,207.8,24.7,85.4,291.3,2.77,19.0,Urban,Loam,392.3,1,1,1
Madhya Pradesh - Chambal Basin,210.3,27.4,71.9,344.8,3.73,186.5,Forest,Silt,507.8,0,1,0
Maharashtra - Godavari Basin,416.5,24.0,93.4,465.6,2.51,464.3,Agricultural,Loam,582.6,1,0,0
Telangana - Godavari Basin,200.7,28.6,53.7,226.6,2.84,7.4,Urban,Loam,752.1,0,0,0
Odisha - Mahanadi Basin,76.0,21.0,61.5,346.6,3.35,311.5,Agricultural,Clay,1057.9,1,0,0
Bihar - Kosi Basin,331.3,29.7,75.6,644.4,2.63,500.9,Agricultural,Peat,1080.2,1,1,0
Maharashtra - Godavari Basin,251.2,28.5,64.3,740.0,1.65,88.4,Water Body,Clay,204.3,0,0,1
Odisha - Mahanadi Basin,219.1,33.2,63.3,416.9,3.44,131.4,Agricultural,Loam,500.7,1,0,0
Kerala - Periyar Basin,46.6,32.7,78.3,472.9,7.76,284.4,Desert,Silt,555.2,1,1,0
Andhra Pradesh - Krishna Basin,164.9,29.2,51.3,1041.4,3.42,91.6,Forest,Peat,829.0,1,1,0
Rajasthan - Luni Basin,100.1,29.4,64.7,706.4,6.72,169.4,Agricultural,Sandy,527.7,0,1,1
Karnataka - Tungabhadra Basin,205.7,23.4,59.7,389.9,1.84,534.1,Urban,Clay,1692.7,1,1,0
Maharashtra - Godavari Basin,422.2,28.6,57.0,444.2,3.16,166.9,Agricultural,Loam,1240.8,0,1,1
Rajasthan - Luni Basin,284.9,29.1,52.7,366.9,2.04,144.7,Urban,Silt,830.8,0,0,1
West Bengal - Ganga Delta,279.6,26.8,100.0,43.9,3.12,77.4,Agricultural,Sandy,986.5,0,0,0
Assam - Brahmaputra Basin,423.9,25.8,88.3,95.3,1.52,222.4,Forest,Silt,360.5,1,1,0
Kerala - Periyar Basin,100.4,33.1,92.7,999.0,3.18,48.1,Agricultural,Clay,1368.6,1,1,1
Karnataka - Tungabhadra Basin,217.6,33.3,70.6,956.5,1.83,131.9,Urban,Silt,220.7,1,0,0
Andhra Pradesh - Krishna Basin,158.9,22.0,83.3,67.6,4.48,141.6,Agricultural,Loam,279.3,0,1,0
Gujarat - Narmada Basin,385.5,30.8,80.2,274.8,9.46,279.8,Agricultural,Loam,383.0,0,1,1
Andhra Pradesh - Krishna Basin,414.0,25.1,62.0,884.9,6.8,154.0,Agricultural,Clay,322.3,1,0,1
West Bengal - Ganga Delta,75.9,34.0,65.3,101.3,4.94,133.1,Forest,Sandy,1534.7,1,1,0
Rajasthan - Luni Basin,184.4,28.9,42.2,136.4,10.19,137.0,Urban,Silt,1075.0,1,0,0
Gujarat - Narmada Basin,42.5,29.3,72.3,463.4,2.98,94.1,Agricultural,Silt,951.3,0,1,0
Bihar - Kosi Basin,274.6,31.0,50.5,1676.0,3.2,81.6,Agricultural,Loam,423.3,1,0,0
Andhra Pradesh - Krishna Basin,314.6,33.5,24.4,558.6,7.66,20.4,Forest,Peat,603.7,1,0,0
Assam - Brahmaputra Basin,144.9,26.2,97.3,206.5,7.39,369.7,Forest,Silt,391.1,0,0,0
Rajasthan - Luni Basin,217.8,28.5,93.2,237.8,2.36,14.0,Urban,Silt,969.3,1,1,0
Kerala - Periyar Basin,104.4,22.2,50.6,427.2,5.69,132.4,Agricultural,Peat,819.3,1,1,0
Maharashtra - Godavari Basin,356.2,24.7,69.1,557.8,2.31,208.2,Desert,Loam,1801.9,1,0,0
Telangana - Godavari Basin,117.5,29.9,77.2,73.3,3.18,113.7,Urban,Sandy,278.8,1,0,0
West Bengal - Ganga Delta,42.0,27.2,61.9,643.0,9.95,316.9,Urban,Loam,83.6,0,0,0
Tamil Nadu - Cauvery Basin,97.6,27.5,69.6,160.6,3.5,152.8,Agricultural,Sandy,426.0,1,1,0
Madhya Pradesh - Chambal Basin,290.9,30.8,72.2,924.0,5.68,112.7,Agricultural,Loam,357.1,0,0,0
Karnataka - Tungabhadra Basin,23.2,25.1,100.0,260.0,7.12,64.0,Desert,Loam,674.7,1,0,0
Bihar - Kosi Basin,326.8,33.7,54.6,291.8,7.64,155.1,Agricultural,Silt,1033.5,0,1,0
Gujarat - Narmada Basin,137.6,28.9,54.0,401.9,4.55,95.7,Agricultural,Clay,662.9,0,1,1
Tamil Nadu - Cauvery Basin,186.4,26.9,64.0,427.5,1.55,231.7,Desert,Silt,68.0,1,0,0
Karnataka - Tungabhadra Basin,180.6,29.0,65.5,339.3,2.38,90.5,Forest,Clay,884.9,1,0,0
Tamil Nadu - Cauvery Basin,353.9,21.5,56.0,297.4,2.18,380.8,Forest,Loam,821.0,1,0,0
Rajasthan - Luni Basin,124.3,32.1,91.7,404.1,1.72,69.0,Agricultural,Sandy,412.3,0,1,1
West Bengal - Ganga Delta,385.7,29.1,64.3,386.7,6.26,45.1,Water Body,Peat,242.0,0,1,1
Punjab - Sutlej Basin,46.6,28.6,65.1,247.3,6.79,205.3,Urban,Loam,311.4,1,1,0
Rajasthan - Luni Basin,347.3,24.6,85.6,22.5,3.38,99.0,Urban,Clay,388.1,1,0,0
Rajasthan - Luni Basin,171.6,26.0,94.1,671.7,13.28,66.1,Urban,Sandy,1358.9,0,1,1
Gujarat - Narmada Basin,276.5,20.7,63.4,348.7,8.45,303.1,Urban,Loam,1421.8,0,1,1
Madhya Pradesh - Chambal Basin,109.1,31.4,64.3,311.3,2.77,107.9,Agricultural,Clay,1093.2,1,1,0
Bihar - Kosi Basin,632.5,33.0,87.9,59.5,4.13,161.7,Urban,Clay,396.7,1,1,0
Karnataka - Tungabhadra Basin,282.5,28.2,79.7,512.3,3.61,156.9,Agricultural,Silt,207.7,1,1,0
Maharashtra - Godavari Basin,309.4,32.2,92.1,667.4,3.26,160.2,Urban,Sandy,356.6,1,1,0
Madhya Pradesh - Chambal Basin,117.6,35.0,88.6,201.8,3.04,213.2,Urban,Silt,414.8,1,0,0
Punjab - Sutlej Basin,201.8,25.0,81.5,1007.9,2.53,422.6,Urban,Sandy,610.1,1,1,0
West Bengal - Ganga Delta,169.5,28.4,61.2,446.1,3.42,130.5,Forest,Peat,81.6,1,0,0
Madhya Pradesh - Chambal Basin,191.7,33.1,66.9,431.4,4.08,116.9,Agricultural,Sandy,592.4,1,0,0
Maharashtra - Godavari Basin,108.8,29.4,58.9,465.3,1.89,468.6,Urban,Sandy,732.4,0,0,0
Andhra Pradesh - Krishna Basin,128.0,30.1,20.0,543.4,9.56,128.1,Water Body,Loam,1300.7,1,0,0
Bihar - Kosi Basin,67.0,19.2,54.3,189.6,7.88,223.8,Agricultural,Clay,570.8,1,1,0
West Bengal - Ganga Delta,221.5,28.1,40.1,521.2,5.99,362.6,Agricultural,Silt,1494.6,1,1,0
Uttar Pradesh - Ghaghara Basin,174.5,26.6,67.0,239.9,6.64,104.8,Forest,Peat,620.2,1,1,0
Punjab - Sutlej Basin,213.8,26.6,49.3,1409.6,2.61,74.4,Forest,Clay,819.0,0,0,0
Karnataka - Tungabhadra Basin,61.9,25.6,74.3,538.5,2.52,309.6,Forest,Clay,1476.7,0,1,0
Kerala - Periyar Basin,91.4,28.3,76.1,281.1,3.41,68.3,Urban,Clay,564.2,1,1,0
Assam - Brahmaputra Basin,160.6,24.9,62.0,55.4,3.16,173.4,Urban,Loam,519.4,0,0,0
West Bengal - Ganga Delta,168.7,24.0,81.8,318.1,1.42,236.2,Water Body,Loam,446.8,1,0,0
Maharashtra - Godavari Basin,172.9,24.8,49.0,613.3,4.27,233.5,Forest,Clay,962.4,0,0,0
Odisha - Mahanadi Basin,355.7,30.1,42.5,471.7,3.45,150.9,Desert,Clay,389.3,1,1,0
Assam - Brahmaputra Basin,435.4,35.9,57.9,158.0,10.58,92.6,Urban,Loam,60.7,1,1,0
Bihar - Kosi Basin,157.8,22.7,81.9,1715.9,1.62,281.6,Urban,Clay,1566.5,0,1,1
Kerala - Periyar Basin,65.8,26.1,69.4,851.4,13.83,74.3,Forest,Loam,260.4,0,0,0
Rajasthan - Luni Basin,134.7,24.2,72.3,844.6,0.82,98.0,Forest,Sandy,543.4,1,0,0
Odisha - Mahanadi Basin,94.4,32.6,68.9,289.2,6.96,346.5,Forest,Clay,710.2,0,0,0
Bihar - Kosi Basin,301.4,29.3,65.5,297.0,1.68,38.7,Urban,Silt,831.7,0,0,1
Punjab - Sutlej Basin,533.7,36.3,49.6,131.9,6.61,112.9,Agricultural,Silt,534.6,1,1,0
Punjab - Sutlej Basin,107.9,28.8,100.0,1041.2,2.33,103.3,Forest,Clay,521.4,1,1,0
Punjab - Sutlej Basin,59.9,23.2,81.9,249.9,2.79,64.7,Agricultural,Loam,837.1,0,0,0
Maharashtra - Godavari Basin,160.3,20.7,56.4,441.8,3.86,92.3,Forest,Peat,684.8,1,1,0
Andhra Pradesh - Krishna Basin,752.8,27.8,72.4,690.8,5.27,52.1,Agricultural,Loam,420.6,1,0,0
Rajasthan - Luni Basin,366.3,22.5,42.7,317.2,9.02,283.1,Forest,Sandy,587.2,0,1,1
West Bengal - Ganga Delta,91.1,35.6,56.1,287.9,7.48,44.1,Agricultural,Sandy,328.2,1,1,0
West Bengal - Ganga Delta,141.6,33.1,72.7,644.8,0.8,397.0,Agricultural,Loam,826.5,0,0,0
Telangana - Godavari Basin,263.2,26.4,69.5,498.4,4.27,302.5,Agricultural,Loam,415.6,1,0,0
Assam - Brahmaputra Basin,535.3,14.8,83.4,374.3,3.26,135.9,Urban,Peat,736.0,1,0,0
Tamil Nadu - Cauvery Basin,42.8,30.7,46.5,554.0,4.05,239.6,Agricultural,Peat,1022.0,1,0,0
Gujarat - Narmada Basin,284.2,35.0,59.2,331.8,3.05,101.9,Agricultural,Clay,1779.8,1,0,0
Madhya Pradesh - Chambal Basin,325.1,26.5,81.9,32.2,5.67,127.0,Agricultural,Silt,231.0,1,1,0
Maharashtra - Godavari Basin,50.9,27.2,82.1,220.1,4.42,445.3,Water Body,Peat,953.1,0,1,0
West Bengal - Ganga Delta,534.6,21.9,79.7,509.9,5.78,48.7,Agricultural,Clay,1257.0,0,0,1
Andhra Pradesh - Krishna Basin,91.8,30.9,54.0,630.7,7.0,132.0,Water Body,Loam,68.3,1,1,0
Madhya Pradesh - Chambal Basin,166.8,29.6,20.0,1592.9,1.94,157.0,Forest,Peat,1165.2,1,0,0
West Bengal - Ganga Delta,262.6,30.1,71.4,584.3,1.76,239.6,Agricultural,Clay,391.9,1,0,0
Gujarat - Narmada Basin,239.7,25.4,51.0,81.1,1.74,171.4,Urban,Silt,552.3,0,0,0
Uttar Pradesh - Ghaghara Basin,135.8,28.6,58.1,568.3,1.54,290.4,Agricultural,Loam,128.0,1,0,0
Uttar Pradesh - Ghaghara Basin,522.3,31.8,68.0,51.2,7.53,134.4,Urban,Loam,670.9,1,0,0
Tamil Nadu - Cauvery Basin,189.8,28.7,60.9,389.3,5.66,69.8,Forest,Loam,1699.0,1,0,0
Andhra Pradesh - Krishna Basin,377.4,29.2,48.1,155.5,6.8,108.6,Agricultural,Loam,1321.3,0,0,1
Andhra Pradesh - Krishna Basin,177.8,24.8,78.7,499.0,4.81,20.2,Agricultural,Peat,437.7,0,1,1
Maharashtra - Godavari Basin,393.8,29.6,65.6,1035.8,1.84,107.3,Agricultural,Sandy,1206.0,1,0,0
Andhra Pradesh - Krishna Basin,604.2,22.8,55.6,1290.4,2.14,98.6,Urban,Peat,605.7,1,0,0
Telangana - Godavari Basin,344.9,28.7,83.0,543.8,4.8,163.1,Urban,Loam,1467.9,0,1,1
Tamil Nadu - Cauvery Basin,77.7,27.7,67.2,629.7,1.39,29.2,Agricultural,Loam,283.9,0,1,0
Uttar Pradesh - Ghaghara Basin,59.9,21.3,65.2,397.8,3.26,203.5,Agricultural,Sandy,768.9,0,0,0
Maharashtra - Godavari Basin,254.5,18.1,54.0,418.0,11.46,33.7,Urban,Peat,1340.5,1,0,0
Telangana - Godavari Basin,35.5,23.5,73.5,890.1,8.79,289.7,Urban,Clay,717.0,1,0,0
